SKU Code,Design No.,Stock,Category,Size,Color
AN201-RED-L,AN201,5.0,AN : LEGGINGS,L,RED
AN201-RED-M,AN201,5.0,AN : LEGGINGS,M,RED
AN201-RED-S,AN201,3.0,AN : LEGGINGS,S,RED
AN201-RED-XL,AN201,6.0,AN : LEGGINGS,XL,RED
AN201-RED-XXL,AN201,3.0,AN : LEGGINGS,XXL,RED
AN202-ORANGE-L,AN202,11.0,AN : LEGGINGS,L,ORANGE
AN202-ORANGE-M,AN202,3.0,AN : LEGGINGS,M,ORANGE
AN202-ORANGE-S,AN202,16.0,AN : LEGGINGS,S,ORANGE
AN202-ORANGE-XL,AN202,8.0,AN : LEGGINGS,XL,ORANGE
AN202-ORANGE-XXL,AN202,14.0,AN : LEGGINGS,XXL,ORANGE
AN203-MAROON-L,AN203,1.0,AN : LEGGINGS,L,MAROON
AN203-MAROON-M,AN203,2.0,AN : LEGGINGS,M,MAROON
AN203-MAROON-S,AN203,2.0,AN : LEGGINGS,S,MAROON
AN203-MAROON-XL,AN203,2.0,AN : LEGGINGS,XL,MAROON
AN203-MAROON-XXL,AN203,3.0,AN : LEGGINGS,XXL,MAROON
AN204-PURPLE-L,AN204,10.0,AN : LEGGINGS,L,PURPLE
AN204-PURPLE-M,AN204,4.0,AN : LEGGINGS,M,PURPLE
AN204-PURPLE-S,AN204,6.0,AN : LEGGINGS,S,PURPLE
AN204-PURPLE-XL,AN204,3.0,AN : LEGGINGS,XL,PURPLE
AN204-PURPLE-XXL,AN204,5.0,AN : LEGGINGS,XXL,PURPLE
AN205-YELLOW-L,AN205,9.0,AN : LEGGINGS,L,YELLOW
AN205-YELLOW-M,AN205,7.0,AN : LEGGINGS,M,YELLOW
AN205-YELLOW-S,AN205,6.0,AN : LEGGINGS,S,YELLOW
AN205-YELLOW-XL,AN205,7.0,AN : LEGGINGS,XL,YELLOW
AN205-YELLOW-XXL,AN205,13.0,AN : LEGGINGS,XXL,YELLOW
AN206-GREEN-L,AN206,10.0,AN : LEGGINGS,L,GREEN
AN206-GREEN-M,AN206,13.0,AN : LEGGINGS,M,GREEN
AN206-GREEN-S,AN206,13.0,AN : LEGGINGS,S,GREEN
AN206-GREEN-XL,AN206,15.0,AN : LEGGINGS,XL,GREEN
AN206-GREEN-XXL,AN206,13.0,AN : LEGGINGS,XXL,GREEN
AN207-PINK-L,AN207,4.0,AN : LEGGINGS,L,PINK
AN207-PINK-M,AN207,2.0,AN : LEGGINGS,M,PINK
AN207-PINK-S,AN207,4.0,AN : LEGGINGS,S,PINK
AN207-PINK-XL,AN207,1.0,AN : LEGGINGS,XL,PINK
AN207-PINK-XXL,AN207,2.0,AN : LEGGINGS,XXL,PINK
AN209-BIEGE-L,AN209,4.0,AN : LEGGINGS,L,BEIGE
AN209-BIEGE-M,AN209,7.0,AN : LEGGINGS,M,BEIGE
AN209-BIEGE-S,AN209,4.0,AN : LEGGINGS,S,BEIGE
AN209-BIEGE-XL,AN209,3.0,AN : LEGGINGS,XL,BEIGE
AN209-BIEGE-XXL,AN209,3.0,AN : LEGGINGS,XXL,BEIGE
AN210-NAVY-L,AN210,5.0,AN : LEGGINGS,L,NAVY BLUE
AN210-NAVY-M,AN210,3.0,AN : LEGGINGS,M,NAVY BLUE
AN210-NAVY-S,AN210,4.0,AN : LEGGINGS,S,NAVY BLUE
AN210-NAVY-XL,AN210,2.0,AN : LEGGINGS,XL,NAVY BLUE
AN210-NAVY-XXL,AN210,2.0,AN : LEGGINGS,XXL,NAVY BLUE
AN211-BLACK-L,AN211,2.0,AN : LEGGINGS,L,BLACK
AN211-BLACK-M,AN211,1.0,AN : LEGGINGS,M,BLACK
AN211-BLACK-S,AN211,7.0,AN : LEGGINGS,S,BLACK
AN211-BLACK-XL,AN211,3.0,AN : LEGGINGS,XL,BLACK
AN211-BLACK-XXL,AN211,3.0,AN : LEGGINGS,XXL,BLACK
AN212-WHITE-L,AN212,11.0,AN : LEGGINGS,L,WHITE
AN212-WHITE-M,AN212,8.0,AN : LEGGINGS,M,WHITE
AN212-WHITE-S,AN212,13.0,AN : LEGGINGS,S,WHITE
AN212-WHITE-XL,AN212,21.0,AN : LEGGINGS,XL,WHITE
AN212-WHITE-XXL,AN212,12.0,AN : LEGGINGS,XXL,WHITE
AN213-BROWN-L,AN213,2.0,AN : LEGGINGS,L,BROWN
AN213-BROWN-M,AN213,7.0,AN : LEGGINGS,M,BROWN
AN213-BROWN-S,AN213,8.0,AN : LEGGINGS,S,BROWN
AN213-BROWN-XL,AN213,6.0,AN : LEGGINGS,XL,BROWN
AN213-BROWN-XXL,AN213,8.0,AN : LEGGINGS,XXL,BROWN
BL001-50PINK,BL001,33.0,BLOUSE,FREE,PINK
BL003-50BLACK,BL003,117.0,BLOUSE,FREE,BLACK
BL004-50CHIKU,BL004,38.0,BLOUSE,FREE,BEIGE
BL005-54RED,BL005,16.0,BLOUSE,FREE,RED
BL006-54BLACK,BL006,112.0,BLOUSE,FREE,BLACK
#REF!,BL006,0.0,BLOUSE,FREE,BLACK
BL007-61PINK,BL007,56.0,BLOUSE,FREE,PINK
BL008-61RED,BL008,35.0,BLOUSE,FREE,RED
#REF!,BL008,0.0,BLOUSE,FREE,RED
BL009-61BLACK,BL009,575.0,BLOUSE,FREE,BLACK
BL010-61CHIKU,BL010,75.0,BLOUSE,FREE,BEIGE
BL011-62PINK,BL011,22.0,BLOUSE,FREE,PINK
BL013-62BLACK,BL013,399.0,BLOUSE,FREE,BLACK
#REF!,BL013,0.0,BLOUSE,FREE,BLACK
BL014-62CHIKU,BL014,73.0,BLOUSE,FREE,BEIGE
BL015-63PINK,BL015,14.0,BLOUSE,FREE,PINK
BL016-63RED,BL016,24.0,BLOUSE,FREE,RED
BL017-63BLACK,BL017,208.0,BLOUSE,FREE,BLACK
BL018-63BEIGE,BL018,39.0,BLOUSE,FREE,BEIGE
BL019-71PINK,BL019,76.0,BLOUSE,FREE,PINK
#REF!,BL019,0.0,BLOUSE,FREE,PINK
BL020-71RED,BL020,38.0,BLOUSE,FREE,RED
BL021-71BLACK,BL021,628.0,BLOUSE,FREE,BLACK
#REF!,BL021,0.0,BLOUSE,FREE,BLACK
#REF!,BL021,0.0,BLOUSE,FREE,BLACK
#REF!,BL021,1.0,BLOUSE,FREE,BLACK
#REF!,BL021,0.0,BLOUSE,FREE,BLACK
BL022-71BEIGE,BL022,106.0,BLOUSE,FREE,BEIGE
#REF!,BL022,0.0,BLOUSE,FREE,BEIGE
#REF!,BL022,0.0,BLOUSE,FREE,BEIGE
BL023-74PINK,BL023,50.0,BLOUSE,FREE,PINK
BL024-74RED,BL024,103.0,BLOUSE,FREE,RED
BL025-74BLACK,BL025,199.0,BLOUSE,FREE,BLACK
BL026-74BEIGE,BL026,98.0,BLOUSE,FREE,BEIGE
BL029-78BLACK,BL029,201.0,BLOUSE,FREE,BLACK
#REF!,BL029,0.0,BLOUSE,FREE,BLACK
BL030-78BEIGE,BL030,10.0,BLOUSE,FREE,BEIGE
BL031-79PINK,BL031,8.0,BLOUSE,FREE,PINK
BL034-150GOLD,BL034,31.0,BLOUSE,FREE,GOLD
BL035-161GOLD,BL035,448.0,BLOUSE,FREE,GOLD
#REF!,BL035,0.0,BLOUSE,FREE,GOLD
BL036-176GOLD,BL036,45.0,BLOUSE,FREE,GOLD
#REF!,BL036,0.0,BLOUSE,FREE,GOLD
BL040-65PINK,BL040,31.0,BLOUSE,FREE,PINK
BL041-65RED,BL041,30.0,BLOUSE,FREE,RED
BL046-82RED,BL046,23.0,BLOUSE,FREE,RED
BL050-83RED,BL050,63.0,BLOUSE,FREE,RED
BL051-83BLACK,BL051,42.0,BLOUSE,FREE,BLACK
BL053-153GOLD,BL053,20.0,BLOUSE,FREE,GOLD
BL055-164GOLD,BL055,68.0,BLOUSE,FREE,GOLD
BL056-185GOLD,BL056,23.0,BLOUSE,FREE,GOLD
BL057-65BLACK,BL057,114.0,BLOUSE,FREE,BLACK
BL058-65BEIGE,BL058,20.0,BLOUSE,FREE,BEIGE
#REF!,BL058,0.0,BLOUSE,FREE,BEIGE
BL060-75RED,BL060,49.0,BLOUSE,FREE,RED
BL061-75BLACK,BL061,488.0,BLOUSE,FREE,BLACK
#REF!,BL061,0.0,BLOUSE,FREE,BLACK
BL073-85BLACK,BL073,48.0,BLOUSE,FREE,BLACK
BL074-85RED,BL074,17.0,BLOUSE,FREE,RED
BL075-85CHIKU,BL075,7.0,BLOUSE,FREE,CHIKU
BL076-86BLACK,BL076,21.0,BLOUSE,FREE,BLACK
BL077-86RED,BL077,8.0,BLOUSE,FREE,RED
BL078-87BLACK,BL078,18.0,BLOUSE,FREE,BLACK
BL079-87RED,BL079,12.0,BLOUSE,FREE,RED
BL080-88BLACK,BL080,12.0,BLOUSE,FREE,BLACK
BL081-88PINK,BL081,30.0,BLOUSE,FREE,PINK
BL082-88CHIKU,BL082,9.0,BLOUSE,FREE,BEIGE
BL083-186GOLD,BL083,16.0,BLOUSE,FREE,GOLD
BL084-187GOLD,BL084,11.0,BLOUSE,FREE,GOLD
BL085-L,BL085,24.0,BLOUSE,L,ORANGE
BL085-M,BL085,15.0,BLOUSE,M,ORANGE
BL085-S,BL085,12.0,BLOUSE,S,ORANGE
BL085-XL,BL085,13.0,BLOUSE,XL,ORANGE
BL085-XS,BL085,6.0,BLOUSE,XS,ORANGE
BL085-XXL,BL085,11.0,BLOUSE,XXL,ORANGE
,BL086,1.0,BLOUSE,FREE,BLUE
BL086-L,BL086,4.0,BLOUSE,L,BLUE
BL086-M,BL086,5.0,BLOUSE,M,BLUE
BL086-S,BL086,2.0,BLOUSE,S,BLUE
BL086-XL,BL086,5.0,BLOUSE,XL,BLUE
BL086-XS,BL086,8.0,BLOUSE,XS,BLUE
BL086-XXL,BL086,3.0,BLOUSE,XXL,BLUE
,BL087,0.0,BLOUSE,FREE,MULTICOLOR
BL087-L,BL087,48.0,BLOUSE,L,MULTICOLOR
BL087-M,BL087,89.0,BLOUSE,M,MULTICOLOR
BL087-S,BL087,11.0,BLOUSE,S,MULTICOLOR
BL087-XL,BL087,5.0,BLOUSE,XL,MULTICOLOR
BL087-XS,BL087,18.0,BLOUSE,XS,MULTICOLOR
BL087-XXL,BL087,86.0,BLOUSE,XXL,MULTICOLOR
BL089-L,BL089,4.0,BLOUSE,L,MULTICOLOR
BL089-M,BL089,4.0,BLOUSE,M,MULTICOLOR
BL089-S,BL089,3.0,BLOUSE,S,MULTICOLOR
BL089-XL,BL089,8.0,BLOUSE,XL,MULTICOLOR
BL089-XS,BL089,4.0,BLOUSE,XS,MULTICOLOR
BL089-XXL,BL089,7.0,BLOUSE,XXL,MULTICOLOR
BL090-L,BL090,30.0,BLOUSE,L,PEACH
BL090-M,BL090,44.0,BLOUSE,M,PEACH
BL090-S,BL090,11.0,BLOUSE,S,PEACH
BL090-XL,BL090,16.0,BLOUSE,XL,PEACH
BL090-XS,BL090,29.0,BLOUSE,XS,PEACH
BL090-XXL,BL090,19.0,BLOUSE,XXL,PEACH
BL091-L,BL091,4.0,BLOUSE,L,MULTICOLOR
BL091-M,BL091,4.0,BLOUSE,M,MULTICOLOR
BL091-S,BL091,7.0,BLOUSE,S,MULTICOLOR
BL091-XL,BL091,3.0,BLOUSE,XL,MULTICOLOR
BL091-XS,BL091,7.0,BLOUSE,XS,MULTICOLOR
BL091-XXL,BL091,3.0,BLOUSE,XXL,MULTICOLOR
BL092-L,BL092,20.0,BLOUSE,L,BLUE
BL092-M,BL092,22.0,BLOUSE,M,BLUE
BL092-S,BL092,13.0,BLOUSE,S,BLUE
BL092-XL,BL092,27.0,BLOUSE,XL,BLUE
BL092-XS,BL092,17.0,BLOUSE,XS,BLUE
BL092-XXL,BL092,25.0,BLOUSE,XXL,BLUE
BL093-L,BL093,2.0,BLOUSE,L,GREY
BL093-M,BL093,2.0,BLOUSE,M,GREY
BL093-S,BL093,11.0,BLOUSE,S,GREY
BL093-XL,BL093,4.0,BLOUSE,XL,GREY
BL093-XS,BL093,4.0,BLOUSE,XS,GREY
BL093-XXL,BL093,3.0,BLOUSE,XXL,GREY
BL095-L,BL095,51.0,BLOUSE,L,MULTICOLOR
BL095-M,BL095,34.0,BLOUSE,M,MULTICOLOR
BL095-S,BL095,51.0,BLOUSE,S,MULTICOLOR
BL095-XL,BL095,26.0,BLOUSE,XL,MULTICOLOR
BL095-XS,BL095,59.0,BLOUSE,XS,MULTICOLOR
BL095-XXL,BL095,32.0,BLOUSE,XXL,MULTICOLOR
BL096-L,BL096,2.0,BLOUSE,L,BEIGE
BL096-M,BL096,2.0,BLOUSE,M,BEIGE
BL096-S,BL096,8.0,BLOUSE,S,BEIGE
BL096-XL,BL096,2.0,BLOUSE,XL,BEIGE
BL096-XS,BL096,8.0,BLOUSE,XS,BEIGE
BL096-XXL,BL096,2.0,BLOUSE,XXL,BEIGE
BL097-L,BL097,42.0,BLOUSE,L,MAROON
BL097-M,BL097,25.0,BLOUSE,M,MAROON
BL097-S,BL097,39.0,BLOUSE,S,MAROON
BL097-XL,BL097,11.0,BLOUSE,XL,MAROON
BL097-XS,BL097,9.0,BLOUSE,XS,MAROON
BL097-XXL,BL097,35.0,BLOUSE,XXL,MAROON
,BL097,1.0,BLOUSE,XXXL,MAROON
,BL098,2.0,BLOUSE,FREE,BROWN
BL098-L,BL098,25.0,BLOUSE,L,BROWN
BL098-M,BL098,31.0,BLOUSE,M,BROWN
BL098-S,BL098,39.0,BLOUSE,S,BROWN
BL098-XL,BL098,34.0,BLOUSE,XL,BROWN
BL098-XS,BL098,31.0,BLOUSE,XS,BROWN
BL098-XXL,BL098,27.0,BLOUSE,XXL,BROWN
BL099-L,BL099,5.0,BLOUSE,L,BLACK
BL099-M,BL099,6.0,BLOUSE,M,BLACK
BL099-S,BL099,9.0,BLOUSE,S,BLACK
BL099-XL,BL099,6.0,BLOUSE,XL,BLACK
BL099-XS,BL099,12.0,BLOUSE,XS,BLACK
BL099-XXL,BL099,4.0,BLOUSE,XXL,BLACK
BL100-L,BL100,4.0,BLOUSE,L,GREEN
BL100-M,BL100,5.0,BLOUSE,M,GREEN
BL100-S,BL100,6.0,BLOUSE,S,GREEN
BL100-XL,BL100,8.0,BLOUSE,XL,GREEN
BL100-XS,BL100,9.0,BLOUSE,XS,GREEN
BL100-XXL,BL100,5.0,BLOUSE,XXL,GREEN
BL101-L,BL101,2.0,BLOUSE,L,GREY
BL101-M,BL101,3.0,BLOUSE,M,GREY
BL101-S,BL101,8.0,BLOUSE,S,GREY
BL101-XL,BL101,4.0,BLOUSE,XL,GREY
BL101-XS,BL101,6.0,BLOUSE,XS,GREY
BL101-XXL,BL101,2.0,BLOUSE,XXL,GREY
,BL102,1.0,BLOUSE,FREE,NAVY BLUE
BL102-L,BL102,7.0,BLOUSE,L,NAVY BLUE
BL102-M,BL102,5.0,BLOUSE,M,NAVY BLUE
BL102-S,BL102,16.0,BLOUSE,S,NAVY BLUE
BL102-XL,BL102,19.0,BLOUSE,XL,NAVY BLUE
BL102-XS,BL102,16.0,BLOUSE,XS,NAVY BLUE
BL102-XXL,BL102,6.0,BLOUSE,XXL,NAVY BLUE
BL103-L,BL103,7.0,BLOUSE,L,MAROON
BL103-M,BL103,3.0,BLOUSE,M,MAROON
BL103-S,BL103,29.0,BLOUSE,S,MAROON
BL103-XL,BL103,8.0,BLOUSE,XL,MAROON
BL103-XS,BL103,27.0,BLOUSE,XS,MAROON
BL103-XXL,BL103,4.0,BLOUSE,XXL,MAROON
BL104-L,BL104,32.0,BLOUSE,L,BLACK
BL104-M,BL104,49.0,BLOUSE,M,BLACK
BL104-S,BL104,14.0,BLOUSE,S,BLACK
BL104-XL,BL104,20.0,BLOUSE,XL,BLACK
BL104-XS,BL104,29.0,BLOUSE,XS,BLACK
BL104-XXL,BL104,26.0,BLOUSE,XXL,BLACK
BL107-L,BL107,2.0,BLOUSE,L,WHITE
BL107-M,BL107,2.0,BLOUSE,M,WHITE
BL107-S,BL107,15.0,BLOUSE,S,WHITE
BL107-XL,BL107,3.0,BLOUSE,XL,WHITE
BL107-XS,BL107,6.0,BLOUSE,XS,WHITE
BL107-XXL,BL107,4.0,BLOUSE,XXL,WHITE
,BL109,2.0,BLOUSE,FREE,GOLD
BL109-L,BL109,23.0,BLOUSE,L,GOLD
BL109-M,BL109,37.0,BLOUSE,M,GOLD
BL109-S,BL109,34.0,BLOUSE,S,GOLD
BL109-XL,BL109,17.0,BLOUSE,XL,GOLD
BL109-XS,BL109,15.0,BLOUSE,XS,GOLD
BL109-XXL,BL109,9.0,BLOUSE,XXL,GOLD
BL110-L,BL110,8.0,BLOUSE,L,RED
BL110-M,BL110,7.0,BLOUSE,M,RED
BL110-S,BL110,18.0,BLOUSE,S,RED
BL110-XL,BL110,8.0,BLOUSE,XL,RED
BL110-XS,BL110,16.0,BLOUSE,XS,RED
BL110-XXL,BL110,5.0,BLOUSE,XXL,RED
BL111-L,BL111,9.0,BLOUSE,L,BLACK
BL111-M,BL111,6.0,BLOUSE,M,BLACK
BL111-S,BL111,11.0,BLOUSE,S,BLACK
BL111-XL,BL111,4.0,BLOUSE,XL,BLACK
BL111-XS,BL111,13.0,BLOUSE,XS,BLACK
BL111-XXL,BL111,2.0,BLOUSE,XXL,BLACK
BL113-L,BL113,4.0,BLOUSE,L,MAROON
BL113-M,BL113,3.0,BLOUSE,M,MAROON
BL113-S,BL113,11.0,BLOUSE,S,MAROON
BL113-XL,BL113,8.0,BLOUSE,XL,MAROON
BL113-XS,BL113,27.0,BLOUSE,XS,MAROON
BL113-XXL,BL113,7.0,BLOUSE,XXL,MAROON
,BL113,0.0,BLOUSE,XXXL,MAROON
BL0115-S,BL115,2.0,BLOUSE,S,OLIVE
BTM002-L,BTM002,61.0,PANT,L,WHITE
BTM002-M,BTM002,40.0,PANT,M,WHITE
BTM002-S,BTM002,85.0,PANT,S,WHITE
BTM002-XL,BTM002,22.0,PANT,XL,WHITE
BTM002-XS,BTM002,158.0,PANT,XS,WHITE
BTM002-XXL,BTM002,158.0,PANT,XXL,WHITE
BTM002-XXXL,BTM002,194.0,PANT,XXXL,WHITE
BTM003-L,BTM003,32.0,PANT,L,MAROON
BTM003-M,BTM003,25.0,PANT,M,MAROON
BTM003-S,BTM003,35.0,PANT,S,MAROON
BTM003-XL,BTM003,24.0,PANT,XL,MAROON
BTM003-XS,BTM003,40.0,PANT,XS,MAROON
BTM003-XXL,BTM003,4.0,PANT,XXL,MAROON
BTM003-XXXL,BTM003,4.0,PANT,XXXL,MAROON
BTM004-L,BTM004,1.0,BOTTOM,L,WHITE
BTM004-S,BTM004,2.0,BOTTOM,S,WHITE
BTM004-XL,BTM004,3.0,BOTTOM,XL,WHITE
BTM004-XS,BTM004,0.0,BOTTOM,XS,WHITE
BTM004-XXL,BTM004,2.0,BOTTOM,XXL,WHITE
BTM004-XXXL,BTM004,3.0,BOTTOM,XXXL,WHITE
BTM005-L,BTM005,398.0,PANT,L,BLACK
BTM005-M,BTM005,250.0,PANT,M,BLACK
BTM005-S,BTM005,347.0,PANT,S,BLACK
BTM005-XL,BTM005,75.0,PANT,XL,BLACK
BTM005-XS,BTM005,88.0,PANT,XS,BLACK
BTM005-XXL,BTM005,21.0,PANT,XXL,BLACK
BTM005-XXXL,BTM005,59.0,PANT,XXXL,BLACK
BTM006-L,BTM006,2.0,BOTTOM,L,GREEN
BTM006-M,BTM006,2.0,BOTTOM,M,GREEN
BTM006-S,BTM006,1.0,BOTTOM,S,GREEN
BTM006-XL,BTM006,3.0,BOTTOM,XL,GREEN
BTM006-XS,BTM006,3.0,BOTTOM,XS,GREEN
BTM006-XXL,BTM006,3.0,BOTTOM,XXL,GREEN
BTM006-XXXL,BTM006,4.0,BOTTOM,XXXL,GREEN
BTM007-L,BTM007,2.0,BOTTOM,L,BEIGE
BTM007-M,BTM007,1.0,BOTTOM,M,BEIGE
BTM007-S,BTM007,2.0,BOTTOM,S,BEIGE
BTM007-XL,BTM007,3.0,BOTTOM,XL,BEIGE
BTM007-XS,BTM007,2.0,BOTTOM,XS,BEIGE
BTM007-XXL,BTM007,2.0,BOTTOM,XXL,BEIGE
BTM008-L,BTM008,6.0,PANT,L,GREY
BTM008-M,BTM008,1.0,PANT,M,GREY
BTM008-S,BTM008,5.0,PANT,S,GREY
BTM008-XL,BTM008,10.0,PANT,XL,GREY
BTM008-XS,BTM008,21.0,PANT,XS,GREY
BTM008-XXL,BTM008,6.0,PANT,XXL,GREY
BTM008-XXXL,BTM008,15.0,PANT,XXXL,GREY
BTM021-L,BTM021,136.0,PANT,L,NAVY BLUE
BTM021-M,BTM021,63.0,PANT,M,NAVY BLUE
BTM021-S,BTM021,134.0,PANT,S,NAVY BLUE
BTM021-XL,BTM021,176.0,PANT,XL,NAVY BLUE
BTM021-XS,BTM021,41.0,PANT,XS,NAVY BLUE
BTM021-XXL,BTM021,92.0,PANT,XXL,NAVY BLUE
BTM021-XXXL,BTM021,102.0,PANT,XXXL,NAVY BLUE
BTM026-NP-L,BTM026,1.0,PANT,L,RED
BTM026-NP-M,BTM026,6.0,PANT,M,RED
BTM026-NP-S,BTM026,6.0,PANT,S,RED
BTM026-NP-XL,BTM026,0.0,PANT,XL,RED
BTM026-NP-XS,BTM026,23.0,PANT,XS,RED
BTM026-NP-XXL,BTM026,0.0,PANT,XXL,RED
BTM026-NP-XXXL,BTM026,3.0,PANT,XXXL,RED
BTM027-NP-L,BTM027,14.0,PANT,L,GREEN
BTM027-NP-M,BTM027,14.0,PANT,M,GREEN
BTM027-NP-S,BTM027,37.0,PANT,S,GREEN
BTM027-NP-XL,BTM027,8.0,PANT,XL,GREEN
BTM027-NP-XS,BTM027,25.0,PANT,XS,GREEN
BTM027-NP-XXL,BTM027,25.0,PANT,XXL,GREEN
BTM027-NP-XXXL,BTM027,16.0,PANT,XXXL,GREEN
BTM029-NP-L,BTM029,2.0,PANT,L,BEIGE
BTM029-NP-M,BTM029,4.0,PANT,M,BEIGE
BTM029-NP-S,BTM029,1.0,PANT,S,BEIGE
BTM029-NP-XL,BTM029,2.0,PANT,XL,BEIGE
BTM029-NP-XS,BTM029,2.0,PANT,XS,BEIGE
BTM029-NP-XXL,BTM029,0.0,PANT,XXL,BEIGE
BTM029-NP-XXXL,BTM029,1.0,PANT,XXXL,BEIGE
BTM030-NP-L,BTM030,0.0,PANT,L,DARK GREEN
BTM030-NP-M,BTM030,1.0,PANT,M,DARK GREEN
BTM030-NP-S,BTM030,8.0,PANT,S,DARK GREEN
BTM030-NP-XL,BTM030,1.0,PANT,XL,DARK GREEN
BTM030-NP-XS,BTM030,7.0,PANT,XS,DARK GREEN
BTM030-NP-XXL,BTM030,1.0,PANT,XXL,DARK GREEN
BTM030-NP-XXXL,BTM030,5.0,PANT,XXXL,DARK GREEN
BTM031-NP-L,BTM031,43.0,PANT,L,BROWN
BTM031-NP-M,BTM031,6.0,PANT,M,BROWN
BTM031-NP-S,BTM031,56.0,PANT,S,BROWN
BTM031-NP-XL,BTM031,13.0,PANT,XL,BROWN
BTM031-NP-XS,BTM031,20.0,PANT,XS,BROWN
BTM031-NP-XXL,BTM031,56.0,PANT,XXL,BROWN
BTM031-NP-XXXL,BTM031,50.0,PANT,XXXL,BROWN
BTM032-NP-L,BTM032,1.0,PANT,L,PINK
BTM032-NP-M,BTM032,1.0,PANT,M,PINK
BTM032-NP-S,BTM032,2.0,PANT,S,PINK
BTM032-NP-XL,BTM032,1.0,PANT,XL,PINK
BTM032-NP-XS,BTM032,5.0,PANT,XS,PINK
BTM032-NP-XXL,BTM032,3.0,PANT,XXL,PINK
BTM032-NP-XXXL,BTM032,1.0,PANT,XXXL,PINK
BTM033-NP-L,BTM033,0.0,PANT,L,TURQUOISE BLUE
BTM033-NP-M,BTM033,1.0,PANT,M,TURQUOISE BLUE
BTM033-NP-S,BTM033,1.0,PANT,S,TURQUOISE BLUE
BTM033-NP-XL,BTM033,1.0,PANT,XL,TURQUOISE BLUE
BTM033-NP-XS,BTM033,5.0,PANT,XS,TURQUOISE BLUE
BTM033-NP-XXL,BTM033,3.0,PANT,XXL,TURQUOISE BLUE
BTM033-NP-XXXL,BTM033,2.0,PANT,XXXL,TURQUOISE BLUE
BTM035-NP-L,BTM035,0.0,PANT,L,MUSTARD
BTM035-NP-M,BTM035,0.0,PANT,M,MUSTARD
BTM035-NP-S,BTM035,4.0,PANT,S,MUSTARD
BTM035-NP-XL,BTM035,1.0,PANT,XL,MUSTARD
BTM035-NP-XS,BTM035,12.0,PANT,XS,MUSTARD
BTM035-NP-XXL,BTM035,3.0,PANT,XXL,MUSTARD
BTM035-NP-XXXL,BTM035,4.0,PANT,XXXL,MUSTARD
BTM036-PP-L,BTM036,3.0,PALAZZO,L,RED
BTM036-PP-M,BTM036,10.0,PALAZZO,M,RED
BTM036-PP-S,BTM036,8.0,PALAZZO,S,RED
BTM036-PP-XL,BTM036,6.0,PALAZZO,XL,RED
BTM036-PP-XS,BTM036,33.0,PALAZZO,XS,RED
BTM036-PP-XXL,BTM036,3.0,PALAZZO,XXL,RED
BTM036-PP-XXXL,BTM036,6.0,PALAZZO,XXXL,RED
BTM037-PP-L,BTM037,2.0,PALAZZO,L,TEAL
BTM037-PP-M,BTM037,4.0,PALAZZO,M,TEAL
BTM037-PP-S,BTM037,7.0,PALAZZO,S,TEAL
BTM037-PP-XL,BTM037,3.0,PALAZZO,XL,TEAL
BTM037-PP-XS,BTM037,21.0,PALAZZO,XS,TEAL
BTM037-PP-XXL,BTM037,3.0,PALAZZO,XXL,TEAL
BTM037-PP-XXXL,BTM037,3.0,PALAZZO,XXXL,TEAL
BTM038-PP-L,BTM038,3.0,PALAZZO,L,BLACK
BTM038-PP-M,BTM038,2.0,PALAZZO,M,BLACK
BTM038-PP-S,BTM038,6.0,PALAZZO,S,BLACK
BTM038-PP-XL,BTM038,2.0,PALAZZO,XL,BLACK
BTM038-PP-XS,BTM038,30.0,PALAZZO,XS,BLACK
BTM038-PP-XXL,BTM038,3.0,PALAZZO,XXL,BLACK
BTM038-PP-XXXL,BTM038,1.0,PALAZZO,XXXL,BLACK
BTM039-PP-L,BTM039,2.0,PALAZZO,L,WHITE
BTM039-PP-M,BTM039,2.0,PALAZZO,M,WHITE
BTM039-PP-S,BTM039,4.0,PALAZZO,S,WHITE
BTM039-PP-XL,BTM039,2.0,PALAZZO,XL,WHITE
BTM039-PP-XS,BTM039,11.0,PALAZZO,XS,WHITE
BTM039-PP-XXL,BTM039,2.0,PALAZZO,XXL,WHITE
BTM039-PP-XXXL,BTM039,4.0,PALAZZO,XXXL,WHITE
BTM040-PP-L,BTM040,2.0,PALAZZO,L,BROWN
BTM040-PP-M,BTM040,4.0,PALAZZO,M,BROWN
BTM040-PP-S,BTM040,36.0,PALAZZO,S,BROWN
BTM040-PP-XL,BTM040,3.0,PALAZZO,XL,BROWN
BTM040-PP-XS,BTM040,35.0,PALAZZO,XS,BROWN
BTM040-PP-XXL,BTM040,4.0,PALAZZO,XXL,BROWN
BTM040-PP-XXXL,BTM040,2.0,PALAZZO,XXXL,BROWN
BTM041-PP-L,BTM041,6.0,PALAZZO,L,GREY
BTM041-PP-M,BTM041,5.0,PALAZZO,M,GREY
BTM041-PP-S,BTM041,51.0,PALAZZO,S,GREY
BTM041-PP-XL,BTM041,7.0,PALAZZO,XL,GREY
BTM041-PP-XS,BTM041,50.0,PALAZZO,XS,GREY
BTM041-PP-XXL,BTM041,7.0,PALAZZO,XXL,GREY
BTM041-PP-XXXL,BTM041,7.0,PALAZZO,XXXL,GREY
BTM042-PP-L,BTM042,3.0,PALAZZO,L,MUSTARD
BTM042-PP-M,BTM042,3.0,PALAZZO,M,MUSTARD
BTM042-PP-S,BTM042,29.0,PALAZZO,S,MUSTARD
BTM042-PP-XL,BTM042,3.0,PALAZZO,XL,MUSTARD
BTM042-PP-XS,BTM042,55.0,PALAZZO,XS,MUSTARD
BTM042-PP-XXL,BTM042,6.0,PALAZZO,XXL,MUSTARD
BTM042-PP-XXXL,BTM042,3.0,PALAZZO,XXXL,MUSTARD
BTM043-PP-L,BTM043,2.0,PALAZZO,L,KHAKI
BTM043-PP-M,BTM043,2.0,PALAZZO,M,KHAKI
BTM043-PP-S,BTM043,4.0,PALAZZO,S,KHAKI
BTM043-PP-XL,BTM043,3.0,PALAZZO,XL,KHAKI
BTM043-PP-XS,BTM043,8.0,PALAZZO,XS,KHAKI
BTM043-PP-XXL,BTM043,3.0,PALAZZO,XXL,KHAKI
BTM043-PP-XXXL,BTM043,3.0,PALAZZO,XXXL,KHAKI
BTM044-PP-L,BTM044,2.0,PALAZZO,L,MAROON
BTM044-PP-M,BTM044,3.0,PALAZZO,M,MAROON
BTM044-PP-S,BTM044,5.0,PALAZZO,S,MAROON
BTM044-PP-XL,BTM044,2.0,PALAZZO,XL,MAROON
BTM044-PP-XS,BTM044,55.0,PALAZZO,XS,MAROON
BTM044-PP-XXL,BTM044,3.0,PALAZZO,XXL,MAROON
BTM044-PP-XXXL,BTM044,5.0,PALAZZO,XXXL,MAROON
BTM045-PP-L,BTM045,4.0,PALAZZO,L,OLIVE GREEN
BTM045-PP-M,BTM045,3.0,PALAZZO,M,OLIVE GREEN
BTM045-PP-S,BTM045,34.0,PALAZZO,S,OLIVE GREEN
BTM045-PP-XL,BTM045,4.0,PALAZZO,XL,OLIVE GREEN
BTM045-PP-XS,BTM045,26.0,PALAZZO,XS,OLIVE GREEN
BTM045-PP-XXL,BTM045,24.0,PALAZZO,XXL,OLIVE GREEN
BTM045-PP-XXXL,BTM045,6.0,PALAZZO,XXXL,OLIVE GREEN
BTM046-PP-L,BTM046,3.0,PALAZZO,L,NAVY BLUE
BTM046-PP-M,BTM046,10.0,PALAZZO,M,NAVY BLUE
BTM046-PP-S,BTM046,29.0,PALAZZO,S,NAVY BLUE
BTM046-PP-XL,BTM046,3.0,PALAZZO,XL,NAVY BLUE
BTM046-PP-XS,BTM046,27.0,PALAZZO,XS,NAVY BLUE
BTM046-PP-XXL,BTM046,2.0,PALAZZO,XXL,NAVY BLUE
BTM046-PP-XXXL,BTM046,3.0,PALAZZO,XXXL,NAVY BLUE
BTM047-PP-L,BTM047,3.0,PALAZZO,L,PINK
BTM047-PP-M,BTM047,10.0,PALAZZO,M,PINK
BTM047-PP-S,BTM047,15.0,PALAZZO,S,PINK
BTM047-PP-XL,BTM047,6.0,PALAZZO,XL,PINK
BTM047-PP-XS,BTM047,32.0,PALAZZO,XS,PINK
BTM047-PP-XXL,BTM047,11.0,PALAZZO,XXL,PINK
BTM047-PP-XXXL,BTM047,4.0,PALAZZO,XXXL,PINK
BTM048-PP-L,BTM048,3.0,PALAZZO,L,GREEN
BTM048-PP-M,BTM048,3.0,PALAZZO,M,GREEN
BTM048-PP-S,BTM048,6.0,PALAZZO,S,GREEN
BTM048-PP-XL,BTM048,2.0,PALAZZO,XL,GREEN
BTM048-PP-XS,BTM048,51.0,PALAZZO,XS,GREEN
BTM048-PP-XXL,BTM048,16.0,PALAZZO,XXL,GREEN
BTM048-PP-XXXL,BTM048,16.0,PALAZZO,XXXL,GREEN
BTM049-SHA-L,BTM049,19.0,SHARARA,L,TEAL BLUE
BTM049-SHA-M,BTM049,22.0,SHARARA,M,TEAL BLUE
BTM049-SHA-S,BTM049,29.0,SHARARA,S,TEAL BLUE
BTM049-SHA-XL,BTM049,25.0,SHARARA,XL,TEAL BLUE
BTM049-SHA-XXL,BTM049,28.0,SHARARA,XXL,TEAL BLUE
BTM050-SHA-L,BTM050,20.0,SHARARA,L,CREAM
BTM050-SHA-M,BTM050,25.0,SHARARA,M,CREAM
BTM050-SHA-S,BTM050,26.0,SHARARA,S,CREAM
BTM050-SHA-XL,BTM050,23.0,SHARARA,XL,CREAM
BTM050-SHA-XXL,BTM050,25.0,SHARARA,XXL,CREAM
BTM051-SHA-L,BTM051,28.0,SHARARA,L,BLACK
BTM051-SHA-M,BTM051,30.0,SHARARA,M,BLACK
BTM051-SHA-S,BTM051,34.0,SHARARA,S,BLACK
BTM051-SHA-XL,BTM051,32.0,SHARARA,XL,BLACK
BTM051-SHA-XXL,BTM051,35.0,SHARARA,XXL,BLACK
BTM052-SHA-L,BTM052,32.0,SHARARA,L,PINK
BTM052-SHA-M,BTM052,27.0,SHARARA,M,PINK
BTM052-SHA-S,BTM052,42.0,SHARARA,S,PINK
BTM052-SHA-XL,BTM052,37.0,SHARARA,XL,PINK
BTM052-SHA-XXL,BTM052,36.0,SHARARA,XXL,PINK
BTM053-SHA-L,BTM053,17.0,SHARARA,L,RED
BTM053-SHA-M,BTM053,34.0,SHARARA,M,RED
BTM053-SHA-S,BTM053,41.0,SHARARA,S,RED
BTM053-SHA-XL,BTM053,36.0,SHARARA,XL,RED
BTM053-SHA-XXL,BTM053,39.0,SHARARA,XXL,RED
BTM054-SK-L,BTM054,31.0,SKIRT,L,BLACK
BTM054-SK-M,BTM054,35.0,SKIRT,M,BLACK
BTM054-SK-S,BTM054,37.0,SKIRT,S,BLACK
BTM054-SK-XL,BTM054,36.0,SKIRT,XL,BLACK
BTM054-SK-XXL,BTM054,38.0,SKIRT,XXL,BLACK
BTM055-SK-L,BTM055,31.0,SKIRT,L,OFF WHITE
BTM055-SK-M,BTM055,33.0,SKIRT,M,OFF WHITE
BTM055-SK-S,BTM055,36.0,SKIRT,S,OFF WHITE
BTM055-SK-XL,BTM055,36.0,SKIRT,XL,OFF WHITE
BTM055-SK-XXL,BTM055,36.0,SKIRT,XXL,OFF WHITE
BTM056-SHA-L,BTM056,21.0,SHARARA,L,BLACK
BTM056-SHA-M,BTM056,31.0,SHARARA,M,BLACK
BTM056-SHA-S,BTM056,32.0,SHARARA,S,BLACK
BTM056-SHA-XL,BTM056,31.0,SHARARA,XL,BLACK
BTM056-SHA-XXL,BTM056,31.0,SHARARA,XXL,BLACK
BTM057-SHA-L,BTM057,30.0,SHARARA,L,NAVY BLUE
BTM057-SHA-M,BTM057,30.0,SHARARA,M,NAVY BLUE
BTM057-SHA-S,BTM057,31.0,SHARARA,S,NAVY BLUE
BTM057-SHA-XL,BTM057,33.0,SHARARA,XL,NAVY BLUE
BTM057-SHA-XXL,BTM057,31.0,SHARARA,XXL,NAVY BLUE
BTM058-SHA-L,BTM058,26.0,SHARARA,L,CREAM
BTM058-SHA-M,BTM058,28.0,SHARARA,M,CREAM
BTM058-SHA-S,BTM058,33.0,SHARARA,S,CREAM
BTM058-SHA-XL,BTM058,30.0,SHARARA,XL,CREAM
BTM058-SHA-XXL,BTM058,30.0,SHARARA,XXL,CREAM
BTM059-SK-L,BTM059,29.0,SKIRT,L,OFF WHITE
BTM059-SK-M,BTM059,32.0,SKIRT,M,OFF WHITE
BTM059-SK-S,BTM059,34.0,SKIRT,S,OFF WHITE
BTM059-SK-XL,BTM059,32.0,SKIRT,XL,OFF WHITE
BTM059-SK-XXL,BTM059,34.0,SKIRT,XXL,OFF WHITE
BTM060-SK-L,BTM060,33.0,SKIRT,L,BLACK
BTM060-SK-M,BTM060,30.0,SKIRT,M,BLACK
BTM060-SK-S,BTM060,34.0,SKIRT,S,BLACK
BTM060-SK-XL,BTM060,33.0,SKIRT,XL,BLACK
BTM060-SK-XXL,BTM060,33.0,SKIRT,XXL,BLACK
CH201-RED-L,CH201,3.0,AN : LEGGINGS,L,RED
CH201-RED-M,CH201,3.0,AN : LEGGINGS,M,RED
CH201-RED-S,CH201,6.0,AN : LEGGINGS,S,RED
CH201-RED-XL,CH201,4.0,AN : LEGGINGS,XL,RED
CH201-RED-XXL,CH201,2.0,AN : LEGGINGS,XXL,RED
CH202-ORANGE-L,CH202,3.0,AN : LEGGINGS,L,ORANGE
CH202-ORANGE-M,CH202,8.0,AN : LEGGINGS,M,ORANGE
CH202-ORANGE-S,CH202,7.0,AN : LEGGINGS,S,ORANGE
CH202-ORANGE-XL,CH202,5.0,AN : LEGGINGS,XL,ORANGE
CH202-ORANGE-XXL,CH202,3.0,AN : LEGGINGS,XXL,ORANGE
,CH203,0.0,AN : LEGGINGS,FREE,MAROON
CH203-MAROON-L,CH203,6.0,AN : LEGGINGS,L,MAROON
CH203-MAROON-M,CH203,4.0,AN : LEGGINGS,M,MAROON
CH203-MAROON-S,CH203,2.0,AN : LEGGINGS,S,MAROON
CH203-MAROON-XL,CH203,3.0,AN : LEGGINGS,XL,MAROON
CH203-MAROON-XXL,CH203,2.0,AN : LEGGINGS,XXL,MAROON
CH204-PURPLE-L,CH204,3.0,AN : LEGGINGS,L,PURPLE
CH204-PURPLE-M,CH204,3.0,AN : LEGGINGS,M,PURPLE
CH204-PURPLE-S,CH204,5.0,AN : LEGGINGS,S,PURPLE
CH204-PURPLE-XL,CH204,2.0,AN : LEGGINGS,XL,PURPLE
CH204-PURPLE-XXL,CH204,2.0,AN : LEGGINGS,XXL,PURPLE
CH205-YELLOW-L,CH205,3.0,AN : LEGGINGS,L,YELLOW
CH205-YELLOW-M,CH205,4.0,AN : LEGGINGS,M,YELLOW
CH205-YELLOW-S,CH205,12.0,AN : LEGGINGS,S,YELLOW
CH205-YELLOW-XL,CH205,5.0,AN : LEGGINGS,XL,YELLOW
CH205-YELLOW-XXL,CH205,2.0,AN : LEGGINGS,XXL,YELLOW
CH206-GREEN-L,CH206,5.0,AN : LEGGINGS,L,GREEN
CH206-GREEN-M,CH206,6.0,AN : LEGGINGS,M,GREEN
CH206-GREEN-S,CH206,10.0,AN : LEGGINGS,S,GREEN
CH206-GREEN-XL,CH206,5.0,AN : LEGGINGS,XL,GREEN
CH206-GREEN-XXL,CH206,2.0,AN : LEGGINGS,XXL,GREEN
CH207-PINK-L,CH207,3.0,AN : LEGGINGS,L,PINK
CH207-PINK-M,CH207,3.0,AN : LEGGINGS,M,PINK
CH207-PINK-S,CH207,5.0,AN : LEGGINGS,S,PINK
CH207-PINK-XL,CH207,2.0,AN : LEGGINGS,XL,PINK
CH207-PINK-XXL,CH207,2.0,AN : LEGGINGS,XXL,PINK
CH208-MUSTARD-L,CH208,7.0,AN : LEGGINGS,L,MUSTARD
CH208-MUSTARD-M,CH208,13.0,AN : LEGGINGS,M,MUSTARD
CH208-MUSTARD-S,CH208,7.0,AN : LEGGINGS,S,MUSTARD
CH208-MUSTARD-XL,CH208,4.0,AN : LEGGINGS,XL,MUSTARD
CH208-MUSTARD-XXL,CH208,4.0,AN : LEGGINGS,XXL,MUSTARD
CH209-BIEGE-L,CH209,3.0,AN : LEGGINGS,L,BEIGE
CH209-BIEGE-M,CH209,3.0,AN : LEGGINGS,M,BEIGE
CH209-BIEGE-S,CH209,4.0,AN : LEGGINGS,S,BEIGE
CH209-BIEGE-XL,CH209,4.0,AN : LEGGINGS,XL,BEIGE
CH209-BIEGE-XXL,CH209,2.0,AN : LEGGINGS,XXL,BEIGE
CH210-NAVY-L,CH210,2.0,AN : LEGGINGS,L,NAVY BLUE
CH210-NAVY-M,CH210,4.0,AN : LEGGINGS,M,NAVY BLUE
CH210-NAVY-S,CH210,3.0,AN : LEGGINGS,S,NAVY BLUE
CH210-NAVY-XL,CH210,2.0,AN : LEGGINGS,XL,NAVY BLUE
CH210-NAVY-XXL,CH210,3.0,AN : LEGGINGS,XXL,NAVY BLUE
CH211-BLACK-L,CH211,2.0,AN : LEGGINGS,L,BLACK
CH211-BLACK-M,CH211,5.0,AN : LEGGINGS,M,BLACK
CH211-BLACK-S,CH211,3.0,AN : LEGGINGS,S,BLACK
CH211-BLACK-XL,CH211,3.0,AN : LEGGINGS,XL,BLACK
CH211-BLACK-XXL,CH211,1.0,AN : LEGGINGS,XXL,BLACK
CH212-WHITE-L,CH212,2.0,AN : LEGGINGS,L,WHITE
CH212-WHITE-M,CH212,2.0,AN : LEGGINGS,M,WHITE
CH212-WHITE-S,CH212,2.0,AN : LEGGINGS,S,WHITE
CH212-WHITE-XL,CH212,2.0,AN : LEGGINGS,XL,WHITE
CH212-WHITE-XXL,CH212,1.0,AN : LEGGINGS,XXL,WHITE
CH213-BROWN-L,CH213,4.0,AN : LEGGINGS,L,BROWN
CH213-BROWN-M,CH213,4.0,AN : LEGGINGS,M,BROWN
CH213-BROWN-S,CH213,4.0,AN : LEGGINGS,S,BROWN
CH213-BROWN-XL,CH213,3.0,AN : LEGGINGS,XL,BROWN
CH213-BROWN-XXL,CH213,3.0,AN : LEGGINGS,XXL,BROWN
J0001-DR-L,J0001,2.0,DRESS,L,PINK
J0001-DR-M,J0001,19.0,DRESS,M,PINK
J0001-DR-S,J0001,9.0,DRESS,S,PINK
J0001-DR-XL,J0001,26.0,DRESS,XL,PINK
J0001-DR-XS,J0001,42.0,DRESS,XS,PINK
J0001-DR-XXL,J0001,20.0,DRESS,XXL,PINK
J0001-DR-XXXL,J0001,14.0,DRESS,XXXL,PINK
J0002-SKD-L,J0002,93.0,KURTA SET,L,PEACH
J0002-SKD-M,J0002,82.0,KURTA SET,M,PEACH
J0002-SKD-S,J0002,165.0,KURTA SET,S,PEACH
J0002-SKD-XL,J0002,62.0,KURTA SET,XL,PEACH
J0002-SKD-XS,J0002,97.0,KURTA SET,XS,PEACH
J0002-SKD-XXL,J0002,73.0,KURTA SET,XXL,PEACH
J0002-SKD-XXXL,J0002,7.0,KURTA SET,XXXL,PEACH
J0003-SET-L,J0003,3.0,KURTA SET,L,MUSTARD
J0003-SET-M,J0003,7.0,KURTA SET,M,MUSTARD
J0003-SET-S,J0003,9.0,KURTA SET,S,MUSTARD
J0003-SET-XL,J0003,5.0,KURTA SET,XL,MUSTARD
J0003-SET-XS,J0003,13.0,KURTA SET,XS,MUSTARD
J0003-SET-XXL,J0003,3.0,KURTA SET,XXL,MUSTARD
J0003-SET-XXXL,J0003,9.0,KURTA SET,XXXL,MUSTARD
J0004-SKD-L,J0004,57.0,KURTA SET,L,GREY
J0004-SKD-M,J0004,61.0,KURTA SET,M,GREY
J0004-SKD-S,J0004,58.0,KURTA SET,S,GREY
J0004-SKD-XL,J0004,18.0,KURTA SET,XL,GREY
J0004-SKD-XS,J0004,53.0,KURTA SET,XS,GREY
J0004-SKD-XXL,J0004,11.0,KURTA SET,XXL,GREY
J0004-SKD-XXXL,J0004,33.0,KURTA SET,XXXL,GREY
J0005-DR-L,J0005,20.0,DRESS,L,LIGHT GREEN
J0005-DR-M,J0005,49.0,DRESS,M,LIGHT GREEN
J0005-DR-S,J0005,29.0,DRESS,S,LIGHT GREEN
J0005-DR-XL,J0005,31.0,DRESS,XL,LIGHT GREEN
J0005-DR-XS,J0005,45.0,DRESS,XS,LIGHT GREEN
J0005-DR-XXL,J0005,30.0,DRESS,XXL,LIGHT GREEN
J0005-DR-XXXL,J0005,73.0,DRESS,XXXL,LIGHT GREEN
J0006-SET-L,J0006,132.0,DRESS,L,MUSTARD
J0006-SET-M,J0006,86.0,DRESS,M,MUSTARD
J0006-SET-S,J0006,51.0,DRESS,S,MUSTARD
J0006-SET-XL,J0006,23.0,DRESS,XL,MUSTARD
J0006-SET-XS,J0006,149.0,DRESS,XS,MUSTARD
J0006-SET-XXL,J0006,35.0,DRESS,XXL,MUSTARD
J0006-SET-XXXL,J0006,33.0,DRESS,XXXL,MUSTARD
J0007-SKD-L,J0007,11.0,KURTA SET,L,RED
J0007-SKD-M,J0007,6.0,KURTA SET,M,RED
J0007-SKD-S,J0007,31.0,KURTA SET,S,RED
J0007-SKD-XL,J0007,13.0,KURTA SET,XL,RED
J0007-SKD-XS,J0007,89.0,KURTA SET,XS,RED
J0007-SKD-XXL,J0007,19.0,KURTA SET,XXL,RED
J0007-SKD-XXXL,J0007,45.0,KURTA SET,XXXL,RED
J0008-SKD-L,J0008,89.0,KURTA SET,L,MUSTARD
J0008-SKD-M,J0008,29.0,KURTA SET,M,MUSTARD
J0008-SKD-S,J0008,171.0,KURTA SET,S,MUSTARD
J0008-SKD-XL,J0008,318.0,KURTA SET,XL,MUSTARD
J0008-SKD-XS,J0008,161.0,KURTA SET,XS,MUSTARD
J0008-SKD-XXL,J0008,28.0,KURTA SET,XXL,MUSTARD
J0008-SKD-XXXL,J0008,51.0,KURTA SET,XXXL,MUSTARD
J0009-SKD-L,J0009,30.0,KURTA SET,L,PINK
J0009-SKD-M,J0009,88.0,KURTA SET,M,PINK
J0009-SKD-S,J0009,44.0,KURTA SET,S,PINK
J0009-SKD-XL,J0009,34.0,KURTA SET,XL,PINK
J0009-SKD-XS,J0009,64.0,KURTA SET,XS,PINK
J0009-SKD-XXL,J0009,13.0,KURTA SET,XXL,PINK
J0009-SKD-XXXL,J0009,26.0,KURTA SET,XXXL,PINK
J0010-LCD-L,J0010,11.0,LEHENGA CHOLI,L,PEACH
J0010-LCD-M,J0010,3.0,LEHENGA CHOLI,M,PEACH
J0010-LCD-S,J0010,14.0,LEHENGA CHOLI,S,PEACH
J0010-LCD-XL,J0010,10.0,LEHENGA CHOLI,XL,PEACH
J0010-LCD-XS,J0010,7.0,LEHENGA CHOLI,XS,PEACH
J0010-LCD-XXL,J0010,37.0,LEHENGA CHOLI,XXL,PEACH
J0010-LCD-XXXL,J0010,45.0,LEHENGA CHOLI,XXXL,PEACH
J0011-LCD-L,J0011,71.0,LEHENGA CHOLI,L,PINK
J0011-LCD-M,J0011,13.0,LEHENGA CHOLI,M,PINK
J0011-LCD-S,J0011,9.0,LEHENGA CHOLI,S,PINK
J0011-LCD-XL,J0011,3.0,LEHENGA CHOLI,XL,PINK
J0011-LCD-XS,J0011,7.0,LEHENGA CHOLI,XS,PINK
J0011-LCD-XXL,J0011,41.0,LEHENGA CHOLI,XXL,PINK
J0011-LCD-XXXL,J0011,29.0,LEHENGA CHOLI,XXXL,PINK
J0012-SKD-L,J0012,10.0,KURTA SET,L,GREEN
J0012-SKD-M,J0012,57.0,KURTA SET,M,GREEN
J0012-SKD-S,J0012,136.0,KURTA SET,S,GREEN
J0012-SKD-XL,J0012,25.0,KURTA SET,XL,GREEN
J0012-SKD-XS,J0012,93.0,KURTA SET,XS,GREEN
J0012-SKD-XXL,J0012,22.0,KURTA SET,XXL,GREEN
J0012-SKD-XXXL,J0012,69.0,KURTA SET,XXXL,GREEN
J0013-SKD-L,J0013,7.0,KURTA SET,L,LIGHT GREEN
J0013-SKD-M,J0013,4.0,KURTA SET,M,LIGHT GREEN
J0013-SKD-S,J0013,8.0,KURTA SET,S,LIGHT GREEN
J0013-SKD-XL,J0013,4.0,KURTA SET,XL,LIGHT GREEN
J0013-SKD-XS,J0013,17.0,KURTA SET,XS,LIGHT GREEN
J0013-SKD-XXL,J0013,5.0,KURTA SET,XXL,LIGHT GREEN
J0013-SKD-XXXL,J0013,6.0,KURTA SET,XXXL,LIGHT GREEN
J0014-LCD-L,J0014,28.0,LEHENGA CHOLI,L,MUSTARD
J0014-LCD-M,J0014,4.0,LEHENGA CHOLI,M,MUSTARD
J0014-LCD-S,J0014,70.0,LEHENGA CHOLI,S,MUSTARD
J0014-LCD-XL,J0014,27.0,LEHENGA CHOLI,XL,MUSTARD
J0014-LCD-XS,J0014,17.0,LEHENGA CHOLI,XS,MUSTARD
J0014-LCD-XXL,J0014,29.0,LEHENGA CHOLI,XXL,MUSTARD
J0014-LCD-XXXL,J0014,72.0,LEHENGA CHOLI,XXXL,MUSTARD
J0015-DR-L,J0015,0.0,DRESS,L,LIGHT PINK
J0015-DR-M,J0015,1.0,DRESS,M,LIGHT PINK
J0015-DR-S,J0015,3.0,DRESS,S,LIGHT PINK
J0015-DR-XL,J0015,2.0,DRESS,XL,LIGHT PINK
J0015-DR-XS,J0015,4.0,DRESS,XS,LIGHT PINK
J0015-DR-XXL,J0015,0.0,DRESS,XXL,LIGHT PINK
J0015-DR-XXXL,J0015,0.0,DRESS,XXXL,LIGHT PINK
J0016-DR-L,J0016,2.0,DRESS,L,MUSTARD
J0016-DR-M,J0016,2.0,DRESS,M,MUSTARD
J0016-DR-S,J0016,2.0,DRESS,S,MUSTARD
J0016-DR-XL,J0016,1.0,DRESS,XL,MUSTARD
J0016-DR-XS,J0016,2.0,DRESS,XS,MUSTARD
J0016-DR-XXL,J0016,2.0,DRESS,XXL,MUSTARD
J0016-DR-XXXL,J0016,1.0,DRESS,XXXL,MUSTARD
J0019-SET-L,J0019,0.0,SET,L,RED
J0019-SET-M,J0019,0.0,SET,M,RED
J0019-SET-S,J0019,4.0,SET,S,RED
J0019-SET-XS,J0019,9.0,SET,XS,RED
J0019-SET-XXL,J0019,1.0,SET,XXL,RED
J0019-SET-XXXL,J0019,1.0,SET,XXXL,RED
J0020-SET-L,J0020,2.0,SET,L,YELLOW
J0020-SET-M,J0020,3.0,SET,M,YELLOW
J0020-SET-S,J0020,4.0,SET,S,YELLOW
J0020-SET-XL,J0020,3.0,SET,XL,YELLOW
J0020-SET-XS,J0020,11.0,SET,XS,YELLOW
J0020-SET-XXL,J0020,3.0,SET,XXL,YELLOW
J0020-SET-XXXL,J0020,3.0,SET,XXXL,YELLOW
J0021-TP-L,J0021,0.0,TOP,L,RED
J0021-TP-M,J0021,1.0,TOP,M,RED
J0021-TP-S,J0021,1.0,TOP,S,RED
J0021-TP-XL,J0021,0.0,TOP,XL,RED
J0021-TP-XS,J0021,3.0,TOP,XS,RED
J0021-TP-XXL,J0021,1.0,TOP,XXL,RED
J0021-TP-XXXL,J0021,1.0,TOP,XXXL,RED
J0022-KR-L,J0022,2.0,KURTA,L,LEMON YELLOW
J0022-KR-S,J0022,1.0,KURTA,S,LEMON YELLOW
J0022-KR-XS,J0022,2.0,KURTA,XS,LEMON YELLOW
J0022-KR-XXXL,J0022,2.0,KURTA,XXXL,LEMON YELLOW
J0023-TP-L,J0023,4.0,TOP,L,TURQUOISE BLUE
J0023-TP-M,J0023,2.0,TOP,M,TURQUOISE BLUE
J0023-TP-S,J0023,6.0,TOP,S,TURQUOISE BLUE
J0023-TP-XL,J0023,3.0,TOP,XL,TURQUOISE BLUE
J0023-TP-XS,J0023,4.0,TOP,XS,TURQUOISE BLUE
J0023-TP-XXL,J0023,6.0,TOP,XXL,TURQUOISE BLUE
J0023-TP-XXXL,J0023,1.0,TOP,XXXL,TURQUOISE BLUE
J0024-KR-L,J0024,135.0,KURTA,L,SEA GREEN
J0024-KR-M,J0024,94.0,KURTA,M,SEA GREEN
J0024-KR-S,J0024,176.0,KURTA,S,SEA GREEN
J0024-KR-XL,J0024,83.0,KURTA,XL,SEA GREEN
J0024-KR-XS,J0024,151.0,KURTA,XS,SEA GREEN
J0024-KR-XXL,J0024,92.0,KURTA,XXL,SEA GREEN
J0024-KR-XXXL,J0024,63.0,KURTA,XXXL,SEA GREEN
J0025-DR-L,J0025,1.0,DRESS,L,SEA GREEN
J0025-DR-M,J0025,0.0,DRESS,M,SEA GREEN
J0025-DR-S,J0025,4.0,DRESS,S,SEA GREEN
J0025-DR-XL,J0025,0.0,DRESS,XL,SEA GREEN
J0025-DR-XS,J0025,7.0,DRESS,XS,SEA GREEN
J0025-DR-XXL,J0025,3.0,DRESS,XXL,SEA GREEN
J0025-DR-XXXL,J0025,4.0,DRESS,XXXL,SEA GREEN
J0026-KR-L,J0026,1.0,KURTA,L,TURQUOISE GREEN
J0026-KR-M,J0026,1.0,KURTA,M,TURQUOISE GREEN
J0026-KR-S,J0026,0.0,KURTA,S,TURQUOISE GREEN
J0026-KR-XL,J0026,0.0,KURTA,XL,TURQUOISE GREEN
J0026-KR-XS,J0026,3.0,KURTA,XS,TURQUOISE GREEN
J0026-KR-XXL,J0026,1.0,KURTA,XXL,TURQUOISE GREEN
J0026-KR-XXXL,J0026,0.0,KURTA,XXXL,TURQUOISE GREEN
J0027-SET-L,J0027,0.0,SET,L,TURQUOISE GREEN
J0027-SET-M,J0027,0.0,SET,M,TURQUOISE GREEN
J0027-SET-S,J0027,0.0,SET,S,TURQUOISE GREEN
J0027-SET-XL,J0027,1.0,SET,XL,TURQUOISE GREEN
J0027-SET-XS,J0027,0.0,SET,XS,TURQUOISE GREEN
J0027-SET-XXL,J0027,0.0,SET,XXL,TURQUOISE GREEN
J0027-SET-XXXL,J0027,0.0,SET,XXXL,TURQUOISE GREEN
J0028-KR-L,J0028,2.0,KURTA,L,RED
J0028-KR-M,J0028,0.0,KURTA,M,RED
J0028-KR-S,J0028,1.0,KURTA,S,RED
J0028-KR-XL,J0028,1.0,KURTA,XL,RED
J0028-KR-XS,J0028,4.0,KURTA,XS,RED
J0028-KR-XXL,J0028,1.0,KURTA,XXL,RED
J0028-KR-XXXL,J0028,1.0,KURTA,XXXL,RED
J0029-KR-S,J0029,1.0,KURTA,S,PINK
J0029-KR-XS,J0029,0.0,KURTA,XS,PINK
J0029-KR-XXL,J0029,0.0,KURTA,XXL,PINK
J0029-KR-XXXL,J0029,1.0,KURTA,XXXL,PINK
J0030-TP-L,J0030,1.0,TOP,L,DARK GREEN
J0030-TP-M,J0030,1.0,TOP,M,DARK GREEN
J0030-TP-S,J0030,0.0,TOP,S,DARK GREEN
J0030-TP-XS,J0030,0.0,TOP,XS,DARK GREEN
J0030-TP-XXL,J0030,0.0,TOP,XXL,DARK GREEN
J0030-TP-XXXL,J0030,1.0,TOP,XXXL,DARK GREEN
J0031-TP-XS,J0031,0.0,TOP,XS,TURQUOISE GREEN
J0033-KR-L,J0033,0.0,KURTA,L,LEMON
J0033-KR-M,J0033,4.0,KURTA,M,LEMON
J0033-KR-S,J0033,9.0,KURTA,S,LEMON
J0033-KR-XL,J0033,3.0,KURTA,XL,LEMON
J0033-KR-XS,J0033,9.0,KURTA,XS,LEMON
J0033-KR-XXL,J0033,3.0,KURTA,XXL,LEMON
J0033-KR-XXXL,J0033,4.0,KURTA,XXXL,LEMON
J0034-SET-L,J0034,2.0,KURTA SET,L,LEMON
J0034-SET-M,J0034,47.0,KURTA SET,M,LEMON
J0034-SET-S,J0034,34.0,KURTA SET,S,LEMON
J0034-SET-XL,J0034,3.0,KURTA SET,XL,LEMON
J0034-SET-XS,J0034,56.0,KURTA SET,XS,LEMON
J0034-SET-XXL,J0034,4.0,KURTA SET,XXL,LEMON
J0034-SET-XXXL,J0034,4.0,KURTA SET,XXXL,LEMON
J0035-KR-M,J0035,2.0,KURTA,M,LEMON YELLOW
J0035-KR-S,J0035,5.0,KURTA,S,LEMON YELLOW
J0035-KR-XL,J0035,2.0,KURTA,XL,LEMON YELLOW
J0035-KR-XS,J0035,6.0,KURTA,XS,LEMON YELLOW
J0035-KR-XXXL,J0035,2.0,KURTA,XXXL,LEMON YELLOW
J0036-TP-L,J0036,0.0,TOP,L,GREY
J0036-TP-M,J0036,1.0,TOP,M,GREY
J0036-TP-S,J0036,2.0,TOP,S,GREY
J0036-TP-XL,J0036,1.0,TOP,XL,GREY
J0036-TP-XS,J0036,3.0,TOP,XS,GREY
J0036-TP-XXL,J0036,1.0,TOP,XXL,GREY
J0036-TP-XXXL,J0036,0.0,TOP,XXXL,GREY
J0037-KR-L,J0037,5.0,KURTA,L,SKY BLUE
J0037-KR-M,J0037,5.0,KURTA,M,SKY BLUE
J0037-KR-S,J0037,9.0,KURTA,S,SKY BLUE
J0037-KR-XL,J0037,2.0,KURTA,XL,SKY BLUE
J0037-KR-XS,J0037,27.0,KURTA,XS,SKY BLUE
J0037-KR-XXL,J0037,7.0,KURTA,XXL,SKY BLUE
J0037-KR-XXXL,J0037,5.0,KURTA,XXXL,SKY BLUE
J0038-DR-L,J0038,1.0,DRESS,L,PEACH
J0038-DR-M,J0038,1.0,DRESS,M,PEACH
J0038-DR-S,J0038,2.0,DRESS,S,PEACH
J0038-DR-XL,J0038,1.0,DRESS,XL,PEACH
J0038-DR-XS,J0038,7.0,DRESS,XS,PEACH
J0038-DR-XXL,J0038,1.0,DRESS,XXL,PEACH
J0038-DR-XXXL,J0038,2.0,DRESS,XXXL,PEACH
J0039-SET-L,J0039,2.0,SET,L,YELLOW
J0039-SET-M,J0039,1.0,SET,M,YELLOW
J0039-SET-S,J0039,0.0,SET,S,YELLOW
J0039-SET-XL,J0039,3.0,SET,XL,YELLOW
J0039-SET-XS,J0039,4.0,SET,XS,YELLOW
J0039-SET-XXL,J0039,0.0,SET,XXL,YELLOW
J0039-SET-XXXL,J0039,0.0,SET,XXXL,YELLOW
J0040-SET-L,J0040,1.0,SET,L,LIGHT GREEN
J0040-SET-M,J0040,1.0,SET,M,LIGHT GREEN
J0040-SET-S,J0040,0.0,SET,S,LIGHT GREEN
J0040-SET-XL,J0040,2.0,SET,XL,LIGHT GREEN
J0040-SET-XS,J0040,4.0,SET,XS,LIGHT GREEN
J0040-SET-XXL,J0040,0.0,SET,XXL,LIGHT GREEN
J0040-SET-XXXL,J0040,3.0,SET,XXXL,LIGHT GREEN
J0041-SET-L,J0041,5.0,KURTA SET,L,LIGHT GREEN
J0041-SET-M,J0041,2.0,KURTA SET,M,LIGHT GREEN
J0041-SET-S,J0041,3.0,KURTA SET,S,LIGHT GREEN
J0041-SET-XL,J0041,7.0,KURTA SET,XL,LIGHT GREEN
J0041-SET-XS,J0041,3.0,KURTA SET,XS,LIGHT GREEN
J0041-SET-XXL,J0041,3.0,KURTA SET,XXL,LIGHT GREEN
J0041-SET-XXXL,J0041,3.0,KURTA SET,XXXL,LIGHT GREEN
J0042-DR-L,J0042,2.0,DRESS,L,TURQUOISE BLUE
J0042-DR-M,J0042,0.0,DRESS,M,TURQUOISE BLUE
J0042-DR-S,J0042,2.0,DRESS,S,TURQUOISE BLUE
J0042-DR-XL,J0042,1.0,DRESS,XL,TURQUOISE BLUE
J0042-DR-XS,J0042,4.0,DRESS,XS,TURQUOISE BLUE
J0042-DR-XXL,J0042,1.0,DRESS,XXL,TURQUOISE BLUE
J0042-DR-XXXL,J0042,2.0,DRESS,XXXL,TURQUOISE BLUE
J0043-SET-L,J0043,1.0,KURTA SET,L,PEACH
J0043-SET-M,J0043,0.0,KURTA SET,M,PEACH
J0043-SET-S,J0043,2.0,KURTA SET,S,PEACH
J0043-SET-XL,J0043,2.0,KURTA SET,XL,PEACH
J0043-SET-XS,J0043,4.0,KURTA SET,XS,PEACH
J0043-SET-XXL,J0043,0.0,KURTA SET,XXL,PEACH
J0043-SET-XXXL,J0043,0.0,KURTA SET,XXXL,PEACH
J0044-TP-L,J0044,1.0,TOP,L,SKY BLUE
J0044-TP-M,J0044,0.0,TOP,M,SKY BLUE
J0044-TP-S,J0044,3.0,TOP,S,SKY BLUE
J0044-TP-XL,J0044,0.0,TOP,XL,SKY BLUE
J0044-TP-XS,J0044,2.0,TOP,XS,SKY BLUE
J0044-TP-XXL,J0044,0.0,TOP,XXL,SKY BLUE
J0044-TP-XXXL,J0044,0.0,TOP,XXXL,SKY BLUE
J0046-TP-L,J0046,2.0,TOP,L,GREY
J0046-TP-M,J0046,1.0,TOP,M,GREY
J0046-TP-S,J0046,1.0,TOP,S,GREY
J0046-TP-XL,J0046,0.0,TOP,XL,GREY
J0046-TP-XS,J0046,2.0,TOP,XS,GREY
J0046-TP-XXL,J0046,1.0,TOP,XXL,GREY
J0046-TP-XXXL,J0046,1.0,TOP,XXXL,GREY
J0047-TP-L,J0047,1.0,TOP,L,PINK
J0047-TP-M,J0047,2.0,TOP,M,PINK
J0047-TP-S,J0047,1.0,TOP,S,PINK
J0047-TP-XL,J0047,2.0,TOP,XL,PINK
J0047-TP-XS,J0047,4.0,TOP,XS,PINK
J0047-TP-XXL,J0047,3.0,TOP,XXL,PINK
J0047-TP-XXXL,J0047,2.0,TOP,XXXL,PINK
J0048-TP-L,J0048,2.0,TOP,L,LIME GREEN
J0048-TP-M,J0048,3.0,TOP,M,LIME GREEN
J0048-TP-S,J0048,6.0,TOP,S,LIME GREEN
J0048-TP-XL,J0048,1.0,TOP,XL,LIME GREEN
J0048-TP-XS,J0048,5.0,TOP,XS,LIME GREEN
J0048-TP-XXL,J0048,3.0,TOP,XXL,LIME GREEN
J0048-TP-XXXL,J0048,1.0,TOP,XXXL,LIME GREEN
J0049-TP-L,J0049,2.0,TOP,L,BEIGE
J0049-TP-M,J0049,4.0,TOP,M,BEIGE
J0049-TP-S,J0049,4.0,TOP,S,BEIGE
J0049-TP-XL,J0049,4.0,TOP,XL,BEIGE
J0049-TP-XS,J0049,8.0,TOP,XS,BEIGE
J0049-TP-XXL,J0049,2.0,TOP,XXL,BEIGE
J0049-TP-XXXL,J0049,2.0,TOP,XXXL,BEIGE
,J0055,0.0,,S,
,J0055,0.0,,XL,
,J0055,0.0,,XS,
,J0055,0.0,,XXL,
J0057-DR-L,J0057,2.0,DRESS,L,GREEN
J0057-DR-M,J0057,2.0,DRESS,M,GREEN
J0057-DR-S,J0057,4.0,DRESS,S,GREEN
J0057-DR-XL,J0057,2.0,DRESS,XL,GREEN
J0057-DR-XS,J0057,18.0,DRESS,XS,GREEN
J0057-DR-XXL,J0057,2.0,DRESS,XXL,GREEN
J0057-DR-XXXL,J0057,2.0,DRESS,XXXL,GREEN
J0058-DR-L,J0058,2.0,DRESS,L,BLUE
J0058-DR-M,J0058,2.0,DRESS,M,BLUE
J0058-DR-S,J0058,3.0,DRESS,S,BLUE
J0058-DR-XL,J0058,1.0,DRESS,XL,BLUE
J0058-DR-XS,J0058,0.0,DRESS,XS,BLUE
J0058-DR-XXL,J0058,1.0,DRESS,XXL,BLUE
J0061-SET-M,J0061,0.0,SET,M,MUSTARD
J0061-SET-S,J0061,1.0,SET,S,MUSTARD
J0061-SET-XL,J0061,2.0,SET,XL,MUSTARD
J0061-SET-XS,J0061,2.0,SET,XS,MUSTARD
J0061-SET-XXL,J0061,1.0,SET,XXL,MUSTARD
J0061-SET-XXXL,J0061,4.0,SET,XXXL,MUSTARD
J0062-DR-L,J0062,2.0,DRESS,L,MULTICOLOR
J0062-DR-M,J0062,4.0,DRESS,M,MULTICOLOR
J0062-DR-S,J0062,1.0,DRESS,S,MULTICOLOR
J0062-DR-XL,J0062,2.0,DRESS,XL,MULTICOLOR
J0062-DR-XS,J0062,6.0,DRESS,XS,MULTICOLOR
J0062-DR-XXL,J0062,4.0,DRESS,XXL,MULTICOLOR
J0062-DR-XXXL,J0062,3.0,DRESS,XXXL,MULTICOLOR
J0070-KR-L,J0070,1.0,KURTA,L,LIGHT GREEN
J0070-KR-M,J0070,1.0,KURTA,M,LIGHT GREEN
J0070-KR-S,J0070,0.0,KURTA,S,LIGHT GREEN
J0070-KR-XL,J0070,0.0,KURTA,XL,LIGHT GREEN
J0070-KR-XS,J0070,2.0,KURTA,XS,LIGHT GREEN
J0070-KR-XXL,J0070,1.0,KURTA,XXL,LIGHT GREEN
J0070-KR-XXXL,J0070,0.0,KURTA,XXXL,LIGHT GREEN
,J0071,0.0,,S,
,J0071,0.0,,XS,
,J0071,0.0,,XXXL,
J0072-KR-S,J0072,1.0,KURTA,S,MUSTARD
J0072-KR-XL,J0072,1.0,KURTA,XL,MUSTARD
J0072-KR-XS,J0072,0.0,KURTA,XS,MUSTARD
J0072-KR-XXL,J0072,1.0,KURTA,XXL,MUSTARD
J0072-KR-XXXL,J0072,2.0,KURTA,XXXL,MUSTARD
J0073-KR-L,J0073,3.0,KURTA,L,LIGHT BLUE
J0073-KR-M,J0073,1.0,KURTA,M,LIGHT BLUE
J0073-KR-S,J0073,2.0,KURTA,S,LIGHT BLUE
J0073-KR-XL,J0073,0.0,KURTA,XL,LIGHT BLUE
J0073-KR-XS,J0073,3.0,KURTA,XS,LIGHT BLUE
J0073-KR-XXL,J0073,2.0,KURTA,XXL,LIGHT BLUE
J0073-KR-XXXL,J0073,4.0,KURTA,XXXL,LIGHT BLUE
J0074-TP-L,J0074,1.0,TOP,L,DARK BLUE
J0074-TP-M,J0074,0.0,TOP,M,DARK BLUE
J0074-TP-S,J0074,0.0,TOP,S,DARK BLUE
J0074-TP-XL,J0074,0.0,TOP,XL,DARK BLUE
J0074-TP-XXL,J0074,0.0,TOP,XXL,DARK BLUE
J0074-TP-XXXL,J0074,1.0,TOP,XXXL,DARK BLUE
J0075-KR-L,J0075,1.0,KURTA,L,PINK
J0075-KR-M,J0075,1.0,KURTA,M,PINK
J0075-KR-S,J0075,1.0,KURTA,S,PINK
J0075-KR-XL,J0075,1.0,KURTA,XL,PINK
J0075-KR-XS,J0075,0.0,KURTA,XS,PINK
J0075-KR-XXL,J0075,0.0,KURTA,XXL,PINK
J0075-KR-XXXL,J0075,1.0,KURTA,XXXL,PINK
J0076-SET-L,J0076,1.0,SET,L,LIGHT GREEN
J0076-SET-M,J0076,3.0,SET,M,LIGHT GREEN
J0076-SET-S,J0076,1.0,SET,S,LIGHT GREEN
J0076-SET-XL,J0076,0.0,SET,XL,LIGHT GREEN
J0076-SET-XS,J0076,1.0,SET,XS,LIGHT GREEN
J0077-SKD-L,J0077,3.0,KURTA SET,L,BLUE
J0077-SKD-M,J0077,2.0,KURTA SET,M,BLUE
J0077-SKD-S,J0077,7.0,KURTA SET,S,BLUE
J0077-SKD-XL,J0077,2.0,KURTA SET,XL,BLUE
J0077-SKD-XS,J0077,8.0,KURTA SET,XS,BLUE
J0077-SKD-XXL,J0077,2.0,KURTA SET,XXL,BLUE
J0077-SKD-XXXL,J0077,2.0,KURTA SET,XXXL,BLUE
J0078-SET-L,J0078,0.0,KURTA SET,L,PINK
J0078-SET-M,J0078,3.0,KURTA SET,M,PINK
J0078-SET-S,J0078,21.0,KURTA SET,S,PINK
J0078-SET-XL,J0078,5.0,KURTA SET,XL,PINK
J0078-SET-XS,J0078,17.0,KURTA SET,XS,PINK
J0078-SET-XXL,J0078,30.0,KURTA SET,XXL,PINK
J0078-SET-XXXL,J0078,6.0,KURTA SET,XXXL,PINK
J0079-SKD-L,J0079,21.0,KURTA SET,L,PINK
J0079-SKD-M,J0079,36.0,KURTA SET,M,PINK
J0079-SKD-S,J0079,49.0,KURTA SET,S,PINK
J0079-SKD-XL,J0079,45.0,KURTA SET,XL,PINK
J0079-SKD-XS,J0079,51.0,KURTA SET,XS,PINK
J0079-SKD-XXL,J0079,53.0,KURTA SET,XXL,PINK
J0079-SKD-XXXL,J0079,37.0,KURTA SET,XXXL,PINK
J0080-TP-L,J0080,0.0,TOP,L,WHITE
J0080-TP-M,J0080,0.0,TOP,M,WHITE
J0080-TP-S,J0080,2.0,TOP,S,WHITE
J0080-TP-XL,J0080,0.0,TOP,XL,WHITE
J0080-TP-XS,J0080,2.0,TOP,XS,WHITE
J0080-TP-XXL,J0080,0.0,TOP,XXL,WHITE
J0080-TP-XXXL,J0080,0.0,TOP,XXXL,WHITE
J0081-DR-L,J0081,10.0,DRESS,L,BLACK
J0081-DR-M,J0081,8.0,DRESS,M,BLACK
J0081-DR-S,J0081,14.0,DRESS,S,BLACK
J0081-DR-XL,J0081,4.0,DRESS,XL,BLACK
J0081-DR-XS,J0081,24.0,DRESS,XS,BLACK
J0081-DR-XXL,J0081,3.0,DRESS,XXL,BLACK
J0081-DR-XXXL,J0081,4.0,DRESS,XXXL,BLACK
J0082-TP-L,J0082,3.0,CROP TOP,L,BLACK
J0082-TP-M,J0082,2.0,CROP TOP,M,BLACK
J0082-TP-S,J0082,8.0,CROP TOP,S,BLACK
J0082-TP-XL,J0082,2.0,CROP TOP,XL,BLACK
J0082-TP-XS,J0082,4.0,CROP TOP,XS,BLACK
J0082-TP-XXL,J0082,5.0,CROP TOP,XXL,BLACK
J0082-TP-XXXL,J0082,2.0,CROP TOP,XXXL,BLACK
J0083-KR-L,J0083,18.0,KURTA,L,MUSTARD
J0083-KR-M,J0083,50.0,KURTA,M,MUSTARD
J0083-KR-S,J0083,59.0,KURTA,S,MUSTARD
J0083-KR-XL,J0083,30.0,KURTA,XL,MUSTARD
J0083-KR-XS,J0083,88.0,KURTA,XS,MUSTARD
J0083-KR-XXL,J0083,41.0,KURTA,XXL,MUSTARD
J0083-KR-XXXL,J0083,61.0,KURTA,XXXL,MUSTARD
J0084-TP-L,J0084,1.0,TOP,L,BLUE
J0084-TP-S,J0084,0.0,TOP,S,BLUE
J0084-TP-XL,J0084,0.0,TOP,XL,BLUE
J0084-TP-XS,J0084,2.0,TOP,XS,BLUE
J0084-TP-XXL,J0084,0.0,TOP,XXL,BLUE
J0084-TP-XXXL,J0084,0.0,TOP,XXXL,BLUE
J0085-TP-L,J0085,3.0,CROP TOP,L,BLUE
J0085-TP-M,J0085,6.0,CROP TOP,M,BLUE
J0085-TP-S,J0085,8.0,CROP TOP,S,BLUE
J0085-TP-XL,J0085,5.0,CROP TOP,XL,BLUE
J0085-TP-XS,J0085,5.0,CROP TOP,XS,BLUE
J0085-TP-XXL,J0085,11.0,CROP TOP,XXL,BLUE
J0085-TP-XXXL,J0085,4.0,CROP TOP,XXXL,BLUE
J0086-DR-L,J0086,0.0,DRESS,L,LIGHT GREEN
J0086-DR-M,J0086,0.0,DRESS,M,LIGHT GREEN
J0086-DR-S,J0086,0.0,DRESS,S,LIGHT GREEN
J0086-DR-XL,J0086,1.0,DRESS,XL,LIGHT GREEN
J0086-DR-XS,J0086,0.0,DRESS,XS,LIGHT GREEN
J0086-DR-XXL,J0086,1.0,DRESS,XXL,LIGHT GREEN
J0086-DR-XXXL,J0086,1.0,DRESS,XXXL,LIGHT GREEN
J0087-TP-L,J0087,21.0,CROP TOP,L,LIGHT GREEN
J0087-TP-M,J0087,14.0,CROP TOP,M,LIGHT GREEN
J0087-TP-S,J0087,28.0,CROP TOP,S,LIGHT GREEN
J0087-TP-XL,J0087,21.0,CROP TOP,XL,LIGHT GREEN
J0087-TP-XS,J0087,45.0,CROP TOP,XS,LIGHT GREEN
J0087-TP-XXL,J0087,21.0,CROP TOP,XXL,LIGHT GREEN
J0087-TP-XXXL,J0087,29.0,CROP TOP,XXXL,LIGHT GREEN
J0088-TP-L,J0088,8.0,CROP TOP,L,PINK
J0088-TP-M,J0088,3.0,CROP TOP,M,PINK
J0088-TP-S,J0088,6.0,CROP TOP,S,PINK
J0088-TP-XL,J0088,5.0,CROP TOP,XL,PINK
J0088-TP-XS,J0088,6.0,CROP TOP,XS,PINK
J0088-TP-XXL,J0088,5.0,CROP TOP,XXL,PINK
J0088-TP-XXXL,J0088,2.0,CROP TOP,XXXL,PINK
J0089-TP-L,J0089,2.0,CROP TOP,L,PINK
J0089-TP-M,J0089,3.0,CROP TOP,M,PINK
J0089-TP-S,J0089,5.0,CROP TOP,S,PINK
J0089-TP-XL,J0089,4.0,CROP TOP,XL,PINK
J0089-TP-XS,J0089,5.0,CROP TOP,XS,PINK
J0089-TP-XXL,J0089,4.0,CROP TOP,XXL,PINK
J0089-TP-XXXL,J0089,6.0,CROP TOP,XXXL,PINK
J0090-TP-L,J0090,7.0,TOP,L,RED
J0090-TP-M,J0090,1.0,TOP,M,RED
J0090-TP-S,J0090,4.0,TOP,S,RED
J0090-TP-XL,J0090,11.0,TOP,XL,RED
J0090-TP-XS,J0090,8.0,TOP,XS,RED
J0090-TP-XXL,J0090,24.0,TOP,XXL,RED
J0090-TP-XXXL,J0090,15.0,TOP,XXXL,RED
J0091-TP-L,J0091,3.0,CROP TOP,L,RED
J0091-TP-M,J0091,2.0,CROP TOP,M,RED
J0091-TP-S,J0091,2.0,CROP TOP,S,RED
J0091-TP-XL,J0091,17.0,CROP TOP,XL,RED
J0091-TP-XS,J0091,3.0,CROP TOP,XS,RED
J0091-TP-XXL,J0091,43.0,CROP TOP,XXL,RED
J0091-TP-XXXL,J0091,24.0,CROP TOP,XXXL,RED
J0092-SET-L,J0092,5.0,KURTA SET,L,BLUE
J0092-SET-M,J0092,1.0,KURTA SET,M,BLUE
J0092-SET-S,J0092,0.0,KURTA SET,S,BLUE
J0092-SET-XL,J0092,2.0,KURTA SET,XL,BLUE
J0092-SET-XS,J0092,1.0,KURTA SET,XS,BLUE
J0092-SET-XXL,J0092,4.0,KURTA SET,XXL,BLUE
J0092-SET-XXXL,J0092,2.0,KURTA SET,XXXL,BLUE
J0093-DR-L,J0093,0.0,DRESS,L,BLUE
J0093-DR-M,J0093,0.0,DRESS,M,BLUE
J0093-DR-S,J0093,0.0,DRESS,S,BLUE
J0093-DR-XL,J0093,1.0,DRESS,XL,BLUE
J0093-DR-XS,J0093,2.0,DRESS,XS,BLUE
J0093-DR-XXL,J0093,0.0,DRESS,XXL,BLUE
J0093-DR-XXXL,J0093,1.0,DRESS,XXXL,BLUE
J0094-KR-L,J0094,4.0,KURTA,L,BLUE
J0094-KR-M,J0094,6.0,KURTA,M,BLUE
J0094-KR-S,J0094,12.0,KURTA,S,BLUE
J0094-KR-XL,J0094,2.0,KURTA,XL,BLUE
J0094-KR-XS,J0094,11.0,KURTA,XS,BLUE
J0094-KR-XXL,J0094,2.0,KURTA,XXL,BLUE
J0094-KR-XXXL,J0094,1.0,KURTA,XXXL,BLUE
J0095-SET-L,J0095,1.0,KURTA SET,L,BLUE
J0095-SET-M,J0095,9.0,KURTA SET,M,BLUE
J0095-SET-S,J0095,20.0,KURTA SET,S,BLUE
J0095-SET-XL,J0095,2.0,KURTA SET,XL,BLUE
J0095-SET-XS,J0095,55.0,KURTA SET,XS,BLUE
J0095-SET-XXL,J0095,0.0,KURTA SET,XXL,BLUE
J0095-SET-XXXL,J0095,1.0,KURTA SET,XXXL,BLUE
,J0096,1.0,KURTA,4XL,BLUE
,J0096,0.0,KURTA,5XL,BLUE
,J0096,0.0,KURTA,6XL,BLUE
J0096-KR-L,J0096,106.0,KURTA,L,BLUE
J0096-KR-M,J0096,75.0,KURTA,M,BLUE
J0096-KR-S,J0096,145.0,KURTA,S,BLUE
J0096-KR-XL,J0096,27.0,KURTA,XL,BLUE
J0096-KR-XS,J0096,47.0,KURTA,XS,BLUE
J0096-KR-XXL,J0096,90.0,KURTA,XXL,BLUE
J0096-KR-XXXL,J0096,88.0,KURTA,XXXL,BLUE
J0097-KR-L,J0097,7.0,KURTA,L,INDIGO
J0097-KR-M,J0097,4.0,KURTA,M,INDIGO
J0097-KR-S,J0097,10.0,KURTA,S,INDIGO
J0097-KR-XL,J0097,2.0,KURTA,XL,INDIGO
J0097-KR-XS,J0097,20.0,KURTA,XS,INDIGO
J0097-KR-XXL,J0097,5.0,KURTA,XXL,INDIGO
J0097-KR-XXXL,J0097,4.0,KURTA,XXXL,INDIGO
J0098-TP-L,J0098,1.0,TOP,L,MUSTARD
J0098-TP-M,J0098,4.0,TOP,M,MUSTARD
J0098-TP-S,J0098,1.0,TOP,S,MUSTARD
J0098-TP-XL,J0098,1.0,TOP,XL,MUSTARD
J0098-TP-XS,J0098,7.0,TOP,XS,MUSTARD
J0098-TP-XXL,J0098,5.0,TOP,XXL,MUSTARD
J0098-TP-XXXL,J0098,3.0,TOP,XXXL,MUSTARD
J0099-TP-M,J0099,1.0,TOP,M,PINK
J0099-TP-S,J0099,1.0,TOP,S,PINK
J0099-TP-XL,J0099,2.0,TOP,XL,PINK
J0099-TP-XS,J0099,1.0,TOP,XS,PINK
J0099-TP-XXL,J0099,0.0,TOP,XXL,PINK
J0099-TP-XXXL,J0099,2.0,TOP,XXXL,PINK
J0100-DR-L,J0100,44.0,DRESS,L,GREEN
J0100-DR-M,J0100,39.0,DRESS,M,GREEN
J0100-DR-S,J0100,58.0,DRESS,S,GREEN
J0100-DR-XL,J0100,46.0,DRESS,XL,GREEN
J0100-DR-XS,J0100,50.0,DRESS,XS,GREEN
J0100-DR-XXL,J0100,51.0,DRESS,XXL,GREEN
J0100-DR-XXXL,J0100,42.0,DRESS,XXXL,GREEN
J0101-DR-L,J0101,1.0,DRESS,L,LIGHT GREEN
J0101-DR-M,J0101,3.0,DRESS,M,LIGHT GREEN
J0101-DR-S,J0101,8.0,DRESS,S,LIGHT GREEN
J0101-DR-XL,J0101,3.0,DRESS,XL,LIGHT GREEN
J0101-DR-XS,J0101,32.0,DRESS,XS,LIGHT GREEN
J0101-DR-XXL,J0101,9.0,DRESS,XXL,LIGHT GREEN
J0101-DR-XXXL,J0101,5.0,DRESS,XXXL,LIGHT GREEN
J0102-SKD-L,J0102,35.0,KURTA SET,L,PURPLE
J0102-SKD-M,J0102,58.0,KURTA SET,M,PURPLE
J0102-SKD-S,J0102,39.0,KURTA SET,S,PURPLE
J0102-SKD-XL,J0102,40.0,KURTA SET,XL,PURPLE
J0102-SKD-XS,J0102,19.0,KURTA SET,XS,PURPLE
J0102-SKD-XXL,J0102,8.0,KURTA SET,XXL,PURPLE
J0102-SKD-XXXL,J0102,36.0,KURTA SET,XXXL,PURPLE
J0103-SKD-L,J0103,33.0,KURTA SET,L,YELLOW
J0103-SKD-M,J0103,44.0,KURTA SET,M,YELLOW
J0103-SKD-S,J0103,50.0,KURTA SET,S,YELLOW
J0103-SKD-XL,J0103,43.0,KURTA SET,XL,YELLOW
J0103-SKD-XS,J0103,61.0,KURTA SET,XS,YELLOW
J0103-SKD-XXL,J0103,44.0,KURTA SET,XXL,YELLOW
J0103-SKD-XXXL,J0103,27.0,KURTA SET,XXXL,YELLOW
J0104-KR-L,J0104,1.0,KURTA,L,INDIGO
J0104-KR-M,J0104,0.0,KURTA,M,INDIGO
J0104-KR-S,J0104,1.0,KURTA,S,INDIGO
J0104-KR-XL,J0104,1.0,KURTA,XL,INDIGO
J0104-KR-XS,J0104,3.0,KURTA,XS,INDIGO
J0104-KR-XXL,J0104,3.0,KURTA,XXL,INDIGO
J0104-KR-XXXL,J0104,1.0,KURTA,XXXL,INDIGO
J0105-KR-L,J0105,3.0,DRESS,L,OFF WHITE
J0105-KR-M,J0105,3.0,DRESS,M,OFF WHITE
J0105-KR-S,J0105,7.0,DRESS,S,OFF WHITE
J0105-KR-XL,J0105,4.0,DRESS,XL,OFF WHITE
J0105-KR-XS,J0105,6.0,DRESS,XS,OFF WHITE
J0105-KR-XXL,J0105,5.0,DRESS,XXL,OFF WHITE
J0105-KR-XXXL,J0105,4.0,DRESS,XXXL,OFF WHITE
J0106-KR-L,J0106,4.0,DRESS,L,OFF WHITE
J0106-KR-M,J0106,4.0,DRESS,M,OFF WHITE
J0106-KR-S,J0106,2.0,DRESS,S,OFF WHITE
J0106-KR-XL,J0106,1.0,DRESS,XL,OFF WHITE
J0106-KR-XS,J0106,15.0,DRESS,XS,OFF WHITE
J0106-KR-XXL,J0106,7.0,DRESS,XXL,OFF WHITE
J0106-KR-XXXL,J0106,3.0,DRESS,XXXL,OFF WHITE
J0108-SKD-L,J0108,4.0,KURTA SET,L,LIGHT GREEN
J0108-SKD-M,J0108,4.0,KURTA SET,M,LIGHT GREEN
J0108-SKD-S,J0108,2.0,KURTA SET,S,LIGHT GREEN
J0108-SKD-XL,J0108,2.0,KURTA SET,XL,LIGHT GREEN
J0108-SKD-XS,J0108,4.0,KURTA SET,XS,LIGHT GREEN
J0108-SKD-XXL,J0108,3.0,KURTA SET,XXL,LIGHT GREEN
J0108-SKD-XXXL,J0108,4.0,KURTA SET,XXXL,LIGHT GREEN
J0109-SKD-L,J0109,5.0,KURTA SET,L,BLACK
J0109-SKD-M,J0109,6.0,KURTA SET,M,BLACK
J0109-SKD-S,J0109,26.0,KURTA SET,S,BLACK
J0109-SKD-XL,J0109,2.0,KURTA SET,XL,BLACK
J0109-SKD-XS,J0109,125.0,KURTA SET,XS,BLACK
J0109-SKD-XXL,J0109,6.0,KURTA SET,XXL,BLACK
J0109-SKD-XXXL,J0109,6.0,KURTA SET,XXXL,BLACK
J0110-SKD-L,J0110,1.0,KURTA SET,L,BLACK
J0110-SKD-M,J0110,2.0,KURTA SET,M,BLACK
J0110-SKD-S,J0110,22.0,KURTA SET,S,BLACK
J0110-SKD-XL,J0110,2.0,KURTA SET,XL,BLACK
J0110-SKD-XS,J0110,63.0,KURTA SET,XS,BLACK
J0110-SKD-XXL,J0110,2.0,KURTA SET,XXL,BLACK
J0110-SKD-XXXL,J0110,1.0,KURTA SET,XXXL,BLACK
J0111-TP-L,J0111,1.0,TOP,L,GREEN
J0111-TP-M,J0111,3.0,TOP,M,GREEN
J0111-TP-S,J0111,4.0,TOP,S,GREEN
J0111-TP-XL,J0111,7.0,TOP,XL,GREEN
J0111-TP-XS,J0111,2.0,TOP,XS,GREEN
J0111-TP-XXL,J0111,5.0,TOP,XXL,GREEN
J0111-TP-XXXL,J0111,4.0,TOP,XXXL,GREEN
J0112-TP-L,J0112,4.0,TOP,L,GREEN
J0112-TP-M,J0112,4.0,TOP,M,GREEN
J0112-TP-S,J0112,3.0,TOP,S,GREEN
J0112-TP-XL,J0112,1.0,TOP,XL,GREEN
J0112-TP-XS,J0112,5.0,TOP,XS,GREEN
J0112-TP-XXL,J0112,1.0,TOP,XXL,GREEN
J0112-TP-XXXL,J0112,5.0,TOP,XXXL,GREEN
J0113-TP-L,J0113,109.0,TOP,L,BLUE
J0113-TP-M,J0113,79.0,TOP,M,BLUE
J0113-TP-S,J0113,82.0,TOP,S,BLUE
J0113-TP-XL,J0113,68.0,TOP,XL,BLUE
J0113-TP-XS,J0113,54.0,TOP,XS,BLUE
J0113-TP-XXL,J0113,29.0,TOP,XXL,BLUE
J0113-TP-XXXL,J0113,22.0,TOP,XXXL,BLUE
J0114-TP-L,J0114,1.0,TOP,L,PINK
J0114-TP-M,J0114,2.0,TOP,M,PINK
J0114-TP-S,J0114,23.0,TOP,S,PINK
J0114-TP-XL,J0114,2.0,TOP,XL,PINK
J0114-TP-XS,J0114,38.0,TOP,XS,PINK
J0114-TP-XXL,J0114,0.0,TOP,XXL,PINK
J0114-TP-XXXL,J0114,1.0,TOP,XXXL,PINK
J0115-TP-L,J0115,1.0,TOP,L,RED
J0115-TP-M,J0115,2.0,TOP,M,RED
J0115-TP-S,J0115,5.0,TOP,S,RED
J0115-TP-XL,J0115,1.0,TOP,XL,RED
J0115-TP-XS,J0115,8.0,TOP,XS,RED
J0115-TP-XXL,J0115,2.0,TOP,XXL,RED
J0115-TP-XXXL,J0115,2.0,TOP,XXXL,RED
J0116-TP-L,J0116,1.0,TOP,L,OLIVE
J0116-TP-M,J0116,2.0,TOP,M,OLIVE
J0116-TP-S,J0116,0.0,TOP,S,OLIVE
J0116-TP-XL,J0116,0.0,TOP,XL,OLIVE
J0116-TP-XS,J0116,11.0,TOP,XS,OLIVE
J0116-TP-XXL,J0116,2.0,TOP,XXL,OLIVE
J0116-TP-XXXL,J0116,3.0,TOP,XXXL,OLIVE
J0117-TP-L,J0117,31.0,TOP,L,WHITE
J0117-TP-M,J0117,126.0,TOP,M,WHITE
J0117-TP-S,J0117,49.0,TOP,S,WHITE
J0117-TP-XL,J0117,58.0,TOP,XL,WHITE
J0117-TP-XS,J0117,39.0,TOP,XS,WHITE
J0117-TP-XXL,J0117,46.0,TOP,XXL,WHITE
J0117-TP-XXXL,J0117,48.0,TOP,XXXL,WHITE
J0118-TP-L,J0118,78.0,TOP,L,RED
J0118-TP-M,J0118,138.0,TOP,M,RED
J0118-TP-S,J0118,41.0,TOP,S,RED
J0118-TP-XL,J0118,73.0,TOP,XL,RED
J0118-TP-XS,J0118,15.0,TOP,XS,RED
J0118-TP-XXL,J0118,88.0,TOP,XXL,RED
J0118-TP-XXXL,J0118,61.0,TOP,XXXL,RED
J0119-TP-L,J0119,52.0,TOP,L,MUSTARD
J0119-TP-M,J0119,102.0,TOP,M,MUSTARD
J0119-TP-S,J0119,60.0,TOP,S,MUSTARD
J0119-TP-XL,J0119,162.0,TOP,XL,MUSTARD
J0119-TP-XS,J0119,34.0,TOP,XS,MUSTARD
J0119-TP-XXL,J0119,95.0,TOP,XXL,MUSTARD
J0119-TP-XXXL,J0119,186.0,TOP,XXXL,MUSTARD
J0120-TP-L,J0120,0.0,TOP,L,BLACK
J0120-TP-M,J0120,2.0,TOP,M,BLACK
J0120-TP-S,J0120,0.0,TOP,S,BLACK
J0120-TP-XL,J0120,1.0,TOP,XL,BLACK
J0120-TP-XS,J0120,1.0,TOP,XS,BLACK
J0120-TP-XXL,J0120,3.0,TOP,XXL,BLACK
J0120-TP-XXXL,J0120,3.0,TOP,XXXL,BLACK
J0121-TP-L,J0121,2.0,TOP,L,BLACK
J0121-TP-M,J0121,3.0,TOP,M,BLACK
J0121-TP-S,J0121,3.0,TOP,S,BLACK
J0121-TP-XL,J0121,2.0,TOP,XL,BLACK
J0121-TP-XS,J0121,4.0,TOP,XS,BLACK
J0121-TP-XXL,J0121,2.0,TOP,XXL,BLACK
J0121-TP-XXXL,J0121,2.0,TOP,XXXL,BLACK
J0122-TP-L,J0122,4.0,TOP,L,WHITE
J0122-TP-M,J0122,3.0,TOP,M,WHITE
J0122-TP-S,J0122,4.0,TOP,S,WHITE
J0122-TP-XL,J0122,2.0,TOP,XL,WHITE
J0122-TP-XS,J0122,3.0,TOP,XS,WHITE
J0122-TP-XXL,J0122,4.0,TOP,XXL,WHITE
J0122-TP-XXXL,J0122,4.0,TOP,XXXL,WHITE
J0123-TP-L,J0123,2.0,TOP,L,WHITE
J0123-TP-M,J0123,0.0,TOP,M,WHITE
J0123-TP-S,J0123,2.0,TOP,S,WHITE
J0123-TP-XL,J0123,3.0,TOP,XL,WHITE
J0123-TP-XS,J0123,3.0,TOP,XS,WHITE
J0123-TP-XXL,J0123,2.0,TOP,XXL,WHITE
J0123-TP-XXXL,J0123,2.0,TOP,XXXL,WHITE
J0124-TP-L,J0124,50.0,TOP,L,CREAM
J0124-TP-M,J0124,25.0,TOP,M,CREAM
J0124-TP-S,J0124,16.0,TOP,S,CREAM
J0124-TP-XL,J0124,60.0,TOP,XL,CREAM
J0124-TP-XS,J0124,6.0,TOP,XS,CREAM
J0124-TP-XXL,J0124,37.0,TOP,XXL,CREAM
J0124-TP-XXXL,J0124,76.0,TOP,XXXL,CREAM
J0126-SKD-L,J0126,14.0,KURTA SET,L,BLUE
J0126-SKD-M,J0126,10.0,KURTA SET,M,BLUE
J0126-SKD-S,J0126,58.0,KURTA SET,S,BLUE
J0126-SKD-XL,J0126,4.0,KURTA SET,XL,BLUE
J0126-SKD-XS,J0126,34.0,KURTA SET,XS,BLUE
J0126-SKD-XXL,J0126,13.0,KURTA SET,XXL,BLUE
J0126-SKD-XXXL,J0126,3.0,KURTA SET,XXXL,BLUE
J0127-SKD-L,J0127,6.0,KURTA SET,L,MULTICOLOR
J0127-SKD-M,J0127,29.0,KURTA SET,M,MULTICOLOR
J0127-SKD-S,J0127,8.0,KURTA SET,S,MULTICOLOR
J0127-SKD-XL,J0127,8.0,KURTA SET,XL,MULTICOLOR
J0127-SKD-XS,J0127,22.0,KURTA SET,XS,MULTICOLOR
J0127-SKD-XXL,J0127,33.0,KURTA SET,XXL,MULTICOLOR
J0127-SKD-XXXL,J0127,26.0,KURTA SET,XXXL,MULTICOLOR
J0129-SET-L,J0129,1.0,KURTA SET,L,PINK
J0129-SET-M,J0129,0.0,KURTA SET,M,PINK
J0129-SET-S,J0129,0.0,KURTA SET,S,PINK
J0129-SET-XL,J0129,1.0,KURTA SET,XL,PINK
J0129-SET-XS,J0129,4.0,KURTA SET,XS,PINK
J0129-SET-XXL,J0129,0.0,KURTA SET,XXL,PINK
J0129-SET-XXXL,J0129,0.0,KURTA SET,XXXL,PINK
J0130-SET-L,J0130,1.0,KURTA SET,L,GREEN
J0130-SET-M,J0130,2.0,KURTA SET,M,GREEN
J0130-SET-S,J0130,4.0,KURTA SET,S,GREEN
J0130-SET-XL,J0130,2.0,KURTA SET,XL,GREEN
J0130-SET-XS,J0130,5.0,KURTA SET,XS,GREEN
J0130-SET-XXL,J0130,3.0,KURTA SET,XXL,GREEN
J0130-SET-XXXL,J0130,3.0,KURTA SET,XXXL,GREEN
J0131-KR-L,J0131,3.0,KURTA,L,TEAL
J0131-KR-M,J0131,3.0,KURTA,M,TEAL
J0131-KR-S,J0131,3.0,KURTA,S,TEAL
J0131-KR-XL,J0131,2.0,KURTA,XL,TEAL
J0131-KR-XS,J0131,3.0,KURTA,XS,TEAL
J0131-KR-XXL,J0131,4.0,KURTA,XXL,TEAL
J0131-KR-XXXL,J0131,4.0,KURTA,XXXL,TEAL
J0132-KR-L,J0132,2.0,KURTA,L,ORANGE
J0132-KR-M,J0132,1.0,KURTA,M,ORANGE
J0132-KR-S,J0132,1.0,KURTA,S,ORANGE
J0132-KR-XL,J0132,1.0,KURTA,XL,ORANGE
J0132-KR-XS,J0132,6.0,KURTA,XS,ORANGE
J0132-KR-XXL,J0132,3.0,KURTA,XXL,ORANGE
J0132-KR-XXXL,J0132,3.0,KURTA,XXXL,ORANGE
J0133-KR-L,J0133,2.0,KURTA,L,MAROON
J0133-KR-M,J0133,3.0,KURTA,M,MAROON
J0133-KR-S,J0133,3.0,KURTA,S,MAROON
J0133-KR-XL,J0133,2.0,KURTA,XL,MAROON
J0133-KR-XS,J0133,3.0,KURTA,XS,MAROON
J0133-KR-XXL,J0133,2.0,KURTA,XXL,MAROON
J0133-KR-XXXL,J0133,3.0,KURTA,XXXL,MAROON
J0134-SET-L,J0134,2.0,KURTA SET,L,CREAM
J0134-SET-M,J0134,2.0,KURTA SET,M,CREAM
J0134-SET-S,J0134,4.0,KURTA SET,S,CREAM
J0134-SET-XL,J0134,3.0,KURTA SET,XL,CREAM
J0134-SET-XS,J0134,8.0,KURTA SET,XS,CREAM
J0134-SET-XXL,J0134,3.0,KURTA SET,XXL,CREAM
J0134-SET-XXXL,J0134,3.0,KURTA SET,XXXL,CREAM
J0135-SET-L,J0135,4.0,KURTA SET,L,GREEN
J0135-SET-M,J0135,4.0,KURTA SET,M,GREEN
J0135-SET-S,J0135,2.0,KURTA SET,S,GREEN
J0135-SET-XL,J0135,4.0,KURTA SET,XL,GREEN
J0135-SET-XS,J0135,2.0,KURTA SET,XS,GREEN
J0135-SET-XXL,J0135,4.0,KURTA SET,XXL,GREEN
J0135-SET-XXXL,J0135,3.0,KURTA SET,XXXL,GREEN
J0136-KR-L,J0136,20.0,KURTA,L,BLACK
J0136-KR-M,J0136,8.0,KURTA,M,BLACK
J0136-KR-S,J0136,49.0,KURTA,S,BLACK
J0136-KR-XL,J0136,7.0,KURTA,XL,BLACK
J0136-KR-XS,J0136,38.0,KURTA,XS,BLACK
J0136-KR-XXL,J0136,40.0,KURTA,XXL,BLACK
J0136-KR-XXXL,J0136,48.0,KURTA,XXXL,BLACK
J0137-SET-L,J0137,3.0,KURTA SET,L,WHITE
J0137-SET-M,J0137,11.0,KURTA SET,M,WHITE
J0137-SET-S,J0137,24.0,KURTA SET,S,WHITE
J0137-SET-XL,J0137,5.0,KURTA SET,XL,WHITE
J0137-SET-XS,J0137,38.0,KURTA SET,XS,WHITE
J0137-SET-XXL,J0137,9.0,KURTA SET,XXL,WHITE
J0137-SET-XXXL,J0137,12.0,KURTA SET,XXXL,WHITE
J0138-KR-L,J0138,2.0,KURTA,L,RED
J0138-KR-M,J0138,3.0,KURTA,M,RED
J0138-KR-S,J0138,2.0,KURTA,S,RED
J0138-KR-XL,J0138,0.0,KURTA,XL,RED
J0138-KR-XS,J0138,5.0,KURTA,XS,RED
J0138-KR-XXL,J0138,2.0,KURTA,XXL,RED
J0138-KR-XXXL,J0138,0.0,KURTA,XXXL,RED
J0139-KR-L,J0139,6.0,KURTA,L,NAVY BLUE
J0139-KR-M,J0139,4.0,KURTA,M,NAVY BLUE
J0139-KR-S,J0139,6.0,KURTA,S,NAVY BLUE
J0139-KR-XL,J0139,6.0,KURTA,XL,NAVY BLUE
J0139-KR-XS,J0139,8.0,KURTA,XS,NAVY BLUE
J0139-KR-XXL,J0139,3.0,KURTA,XXL,NAVY BLUE
J0139-KR-XXXL,J0139,4.0,KURTA,XXXL,NAVY BLUE
J0140-SET-L,J0140,2.0,KURTA SET,L,WHITE
J0140-SET-M,J0140,0.0,KURTA SET,M,WHITE
J0140-SET-S,J0140,3.0,KURTA SET,S,WHITE
J0140-SET-XL,J0140,2.0,KURTA SET,XL,WHITE
J0140-SET-XS,J0140,3.0,KURTA SET,XS,WHITE
J0140-SET-XXL,J0140,4.0,KURTA SET,XXL,WHITE
J0140-SET-XXXL,J0140,2.0,KURTA SET,XXXL,WHITE
J0141-KR-L,J0141,1.0,KURTA,L,BLUE
J0141-KR-M,J0141,1.0,KURTA,M,BLUE
J0141-KR-S,J0141,2.0,KURTA,S,BLUE
J0141-KR-XL,J0141,1.0,KURTA,XL,BLUE
J0141-KR-XS,J0141,3.0,KURTA,XS,BLUE
J0141-KR-XXL,J0141,1.0,KURTA,XXL,BLUE
J0141-KR-XXXL,J0141,2.0,KURTA,XXXL,BLUE
J0142-KR-L,J0142,2.0,KURTA,L,ORANGE
J0142-KR-M,J0142,7.0,KURTA,M,ORANGE
J0142-KR-S,J0142,11.0,KURTA,S,ORANGE
J0142-KR-XL,J0142,5.0,KURTA,XL,ORANGE
J0142-KR-XS,J0142,32.0,KURTA,XS,ORANGE
J0142-KR-XXL,J0142,0.0,KURTA,XXL,ORANGE
J0142-KR-XXXL,J0142,2.0,KURTA,XXXL,ORANGE
J0143-SET-L,J0143,2.0,KURTA SET,L,GREEN
J0143-SET-M,J0143,2.0,KURTA SET,M,GREEN
J0143-SET-S,J0143,2.0,KURTA SET,S,GREEN
J0143-SET-XL,J0143,0.0,KURTA SET,XL,GREEN
J0143-SET-XS,J0143,3.0,KURTA SET,XS,GREEN
J0143-SET-XXL,J0143,2.0,KURTA SET,XXL,GREEN
J0143-SET-XXXL,J0143,0.0,KURTA SET,XXXL,GREEN
J0144-SET-L,J0144,0.0,KURTA SET,L,RED
J0144-SET-M,J0144,1.0,KURTA SET,M,RED
J0144-SET-S,J0144,1.0,KURTA SET,S,RED
J0144-SET-XL,J0144,0.0,KURTA SET,XL,RED
J0144-SET-XS,J0144,4.0,KURTA SET,XS,RED
J0144-SET-XXL,J0144,0.0,KURTA SET,XXL,RED
J0144-SET-XXXL,J0144,1.0,KURTA SET,XXXL,RED
J0145-SET-L,J0145,1.0,KURTA SET,L,BLACK
J0145-SET-S,J0145,1.0,KURTA SET,S,BLACK
J0145-SET-XL,J0145,3.0,KURTA SET,XL,BLACK
J0145-SET-XS,J0145,2.0,KURTA SET,XS,BLACK
J0145-SET-XXL,J0145,3.0,KURTA SET,XXL,BLACK
J0145-SET-XXXL,J0145,1.0,KURTA SET,XXXL,BLACK
J0146-SET-L,J0146,1.0,KURTA SET,L,MUSTARD
J0146-SET-M,J0146,0.0,KURTA SET,M,MUSTARD
J0146-SET-S,J0146,1.0,KURTA SET,S,MUSTARD
J0146-SET-XL,J0146,0.0,KURTA SET,XL,MUSTARD
J0146-SET-XS,J0146,0.0,KURTA SET,XS,MUSTARD
J0146-SET-XXL,J0146,0.0,KURTA SET,XXL,MUSTARD
J0146-SET-XXXL,J0146,0.0,KURTA SET,XXXL,MUSTARD
J0147-SET-L,J0147,3.0,KURTA SET,L,TEAL
J0147-SET-M,J0147,3.0,KURTA SET,M,TEAL
J0147-SET-S,J0147,2.0,KURTA SET,S,TEAL
J0147-SET-XL,J0147,13.0,KURTA SET,XL,TEAL
J0147-SET-XS,J0147,2.0,KURTA SET,XS,TEAL
J0147-SET-XXL,J0147,30.0,KURTA SET,XXL,TEAL
J0147-SET-XXXL,J0147,15.0,KURTA SET,XXXL,TEAL
J0148-SET-L,J0148,1.0,KURTA SET,L,GREEN
J0148-SET-M,J0148,5.0,KURTA SET,M,GREEN
J0148-SET-S,J0148,2.0,KURTA SET,S,GREEN
J0148-SET-XL,J0148,9.0,KURTA SET,XL,GREEN
J0148-SET-XS,J0148,9.0,KURTA SET,XS,GREEN
J0148-SET-XXL,J0148,7.0,KURTA SET,XXL,GREEN
J0148-SET-XXXL,J0148,21.0,KURTA SET,XXXL,GREEN
J0149-KR-L,J0149,0.0,KURTA,L,WHITE
J0149-KR-M,J0149,0.0,KURTA,M,WHITE
J0149-KR-S,J0149,2.0,KURTA,S,WHITE
J0149-KR-XL,J0149,0.0,KURTA,XL,WHITE
J0149-KR-XS,J0149,5.0,KURTA,XS,WHITE
J0149-KR-XXL,J0149,0.0,KURTA,XXL,WHITE
J0149-KR-XXXL,J0149,0.0,KURTA,XXXL,WHITE
J0150-KR-L,J0150,2.0,KURTA,L,BLACK
J0150-KR-M,J0150,1.0,KURTA,M,BLACK
J0150-KR-S,J0150,7.0,KURTA,S,BLACK
J0150-KR-XL,J0150,0.0,KURTA,XL,BLACK
J0150-KR-XS,J0150,17.0,KURTA,XS,BLACK
J0150-KR-XXL,J0150,3.0,KURTA,XXL,BLACK
J0150-KR-XXXL,J0150,0.0,KURTA,XXXL,BLACK
J0151-KR-L,J0151,3.0,KURTA,L,GREEN
J0151-KR-M,J0151,3.0,KURTA,M,GREEN
J0151-KR-S,J0151,3.0,KURTA,S,GREEN
J0151-KR-XL,J0151,3.0,KURTA,XL,GREEN
J0151-KR-XS,J0151,4.0,KURTA,XS,GREEN
J0151-KR-XXL,J0151,4.0,KURTA,XXL,GREEN
J0151-KR-XXXL,J0151,2.0,KURTA,XXXL,GREEN
J0152-DR-L,J0152,2.0,DRESS,L,BLUE
J0152-DR-M,J0152,3.0,DRESS,M,BLUE
J0152-DR-S,J0152,25.0,DRESS,S,BLUE
J0152-DR-XL,J0152,18.0,DRESS,XL,BLUE
J0152-DR-XS,J0152,0.0,DRESS,XS,BLUE
J0152-DR-XXL,J0152,2.0,DRESS,XXL,BLUE
J0152-DR-XXXL,J0152,3.0,DRESS,XXXL,BLUE
J0153-DR-L,J0153,4.0,DRESS,L,GREEN
J0153-DR-M,J0153,3.0,DRESS,M,GREEN
J0153-DR-S,J0153,6.0,DRESS,S,GREEN
J0153-DR-XL,J0153,21.0,DRESS,XL,GREEN
J0153-DR-XS,J0153,2.0,DRESS,XS,GREEN
J0153-DR-XXL,J0153,2.0,DRESS,XXL,GREEN
J0153-DR-XXXL,J0153,3.0,DRESS,XXXL,GREEN
J0154-DR-L,J0154,1.0,DRESS,L,MULTICOLOR
J0154-DR-M,J0154,0.0,DRESS,M,MULTICOLOR
J0154-DR-S,J0154,1.0,DRESS,S,MULTICOLOR
J0154-DR-XL,J0154,2.0,DRESS,XL,MULTICOLOR
J0154-DR-XS,J0154,2.0,DRESS,XS,MULTICOLOR
J0154-DR-XXL,J0154,2.0,DRESS,XXL,MULTICOLOR
J0154-DR-XXXL,J0154,2.0,DRESS,XXXL,MULTICOLOR
J0155-KR-L,J0155,2.0,KURTA,L,GREEN
J0155-KR-M,J0155,2.0,KURTA,M,GREEN
J0155-KR-S,J0155,13.0,KURTA,S,GREEN
J0155-KR-XL,J0155,2.0,KURTA,XL,GREEN
J0155-KR-XS,J0155,62.0,KURTA,XS,GREEN
J0155-KR-XXL,J0155,20.0,KURTA,XXL,GREEN
J0155-KR-XXXL,J0155,11.0,KURTA,XXXL,GREEN
J0157-DR-L,J0157,9.0,DRESS,L,BLACK
J0157-DR-M,J0157,5.0,DRESS,M,BLACK
J0157-DR-S,J0157,51.0,DRESS,S,BLACK
J0157-DR-XL,J0157,48.0,DRESS,XL,BLACK
J0157-DR-XS,J0157,9.0,DRESS,XS,BLACK
J0157-DR-XXL,J0157,27.0,DRESS,XXL,BLACK
J0157-DR-XXXL,J0157,4.0,DRESS,XXXL,BLACK
J0158-DR-L,J0158,43.0,DRESS,L,WHITE
J0158-DR-M,J0158,73.0,DRESS,M,WHITE
J0158-DR-S,J0158,30.0,DRESS,S,WHITE
J0158-DR-XL,J0158,78.0,DRESS,XL,WHITE
J0158-DR-XS,J0158,10.0,DRESS,XS,WHITE
J0158-DR-XXL,J0158,33.0,DRESS,XXL,WHITE
J0158-DR-XXXL,J0158,39.0,DRESS,XXXL,WHITE
J0159-DR-L,J0159,3.0,DRESS,L,BLUE
J0159-DR-M,J0159,2.0,DRESS,M,BLUE
J0159-DR-S,J0159,4.0,DRESS,S,BLUE
J0159-DR-XL,J0159,3.0,DRESS,XL,BLUE
J0159-DR-XS,J0159,28.0,DRESS,XS,BLUE
J0159-DR-XXL,J0159,1.0,DRESS,XXL,BLUE
J0159-DR-XXXL,J0159,0.0,DRESS,XXXL,BLUE
J0160-TP-L,J0160,0.0,TOP,L,BLUE
J0160-TP-M,J0160,0.0,TOP,M,BLUE
J0160-TP-S,J0160,0.0,TOP,S,BLUE
J0160-TP-XL,J0160,0.0,TOP,XL,BLUE
J0160-TP-XS,J0160,0.0,TOP,XS,BLUE
J0160-TP-XXL,J0160,1.0,TOP,XXL,BLUE
J0160-TP-XXXL,J0160,0.0,TOP,XXXL,BLUE
J0161-DR-L,J0161,2.0,DRESS,L,RUST
J0161-DR-M,J0161,1.0,DRESS,M,RUST
J0161-DR-S,J0161,1.0,DRESS,S,RUST
J0161-DR-XL,J0161,2.0,DRESS,XL,RUST
J0161-DR-XS,J0161,4.0,DRESS,XS,RUST
J0161-DR-XXL,J0161,4.0,DRESS,XXL,RUST
J0161-DR-XXXL,J0161,2.0,DRESS,XXXL,RUST
J0162-SKD-L,J0162,38.0,KURTA SET,L,MUSTARD
J0162-SKD-M,J0162,40.0,KURTA SET,M,MUSTARD
J0162-SKD-S,J0162,46.0,KURTA SET,S,MUSTARD
J0162-SKD-XL,J0162,37.0,KURTA SET,XL,MUSTARD
J0162-SKD-XS,J0162,50.0,KURTA SET,XS,MUSTARD
J0162-SKD-XXL,J0162,33.0,KURTA SET,XXL,MUSTARD
J0162-SKD-XXXL,J0162,18.0,KURTA SET,XXXL,MUSTARD
J0163-SKD-L,J0163,143.0,KURTA SET,L,RED
J0163-SKD-M,J0163,145.0,KURTA SET,M,RED
J0163-SKD-S,J0163,112.0,KURTA SET,S,RED
J0163-SKD-XL,J0163,91.0,KURTA SET,XL,RED
J0163-SKD-XS,J0163,104.0,KURTA SET,XS,RED
J0163-SKD-XXL,J0163,48.0,KURTA SET,XXL,RED
J0163-SKD-XXXL,J0163,44.0,KURTA SET,XXXL,RED
J0164-DR-L,J0164,7.0,DRESS,L,ORANGE
J0164-DR-M,J0164,4.0,DRESS,M,ORANGE
J0164-DR-S,J0164,20.0,DRESS,S,ORANGE
J0164-DR-XL,J0164,6.0,DRESS,XL,ORANGE
J0164-DR-XS,J0164,45.0,DRESS,XS,ORANGE
J0164-DR-XXL,J0164,4.0,DRESS,XXL,ORANGE
J0164-DR-XXXL,J0164,4.0,DRESS,XXXL,ORANGE
J0165-TP-L,J0165,3.0,TOP,L,ORANGE
J0165-TP-M,J0165,3.0,TOP,M,ORANGE
J0165-TP-S,J0165,52.0,TOP,S,ORANGE
J0165-TP-XL,J0165,3.0,TOP,XL,ORANGE
J0165-TP-XS,J0165,32.0,TOP,XS,ORANGE
J0165-TP-XXL,J0165,2.0,TOP,XXL,ORANGE
J0165-TP-XXXL,J0165,3.0,TOP,XXXL,ORANGE
J0166-DR-L,J0166,2.0,DRESS,L,PINK
J0166-DR-M,J0166,3.0,DRESS,M,PINK
J0166-DR-S,J0166,9.0,DRESS,S,PINK
J0166-DR-XL,J0166,3.0,DRESS,XL,PINK
J0166-DR-XS,J0166,19.0,DRESS,XS,PINK
J0166-DR-XXL,J0166,2.0,DRESS,XXL,PINK
J0166-DR-XXXL,J0166,2.0,DRESS,XXXL,PINK
J0167-KR-L,J0167,4.0,KURTA,L,PINK
J0167-KR-M,J0167,2.0,KURTA,M,PINK
J0167-KR-S,J0167,36.0,KURTA,S,PINK
J0167-KR-XL,J0167,0.0,KURTA,XL,PINK
J0167-KR-XS,J0167,36.0,KURTA,XS,PINK
J0167-KR-XXL,J0167,3.0,KURTA,XXL,PINK
J0167-KR-XXXL,J0167,1.0,KURTA,XXXL,PINK
J0168-DR-L,J0168,2.0,DRESS,L,SKY BLUE
J0168-DR-M,J0168,5.0,DRESS,M,SKY BLUE
J0168-DR-S,J0168,13.0,DRESS,S,SKY BLUE
J0168-DR-XL,J0168,2.0,DRESS,XL,SKY BLUE
J0168-DR-XS,J0168,37.0,DRESS,XS,SKY BLUE
J0168-DR-XXL,J0168,3.0,DRESS,XXL,SKY BLUE
J0168-DR-XXXL,J0168,1.0,DRESS,XXXL,SKY BLUE
J0169-KR-L,J0169,0.0,KURTA,L,MULTICOLOR
J0169-KR-M,J0169,1.0,KURTA,M,MULTICOLOR
J0169-KR-S,J0169,1.0,KURTA,S,MULTICOLOR
J0169-KR-XL,J0169,0.0,KURTA,XL,MULTICOLOR
J0169-KR-XS,J0169,2.0,KURTA,XS,MULTICOLOR
J0169-KR-XXL,J0169,1.0,KURTA,XXL,MULTICOLOR
J0169-KR-XXXL,J0169,1.0,KURTA,XXXL,MULTICOLOR
J0170-TP-L,J0170,2.0,TOP,L,BLUE
J0170-TP-M,J0170,1.0,TOP,M,BLUE
J0170-TP-S,J0170,4.0,TOP,S,BLUE
J0170-TP-XL,J0170,3.0,TOP,XL,BLUE
J0170-TP-XS,J0170,19.0,TOP,XS,BLUE
J0170-TP-XXL,J0170,4.0,TOP,XXL,BLUE
J0170-TP-XXXL,J0170,3.0,TOP,XXXL,BLUE
J0171-DR-L,J0171,1.0,DRESS,L,BLUE
J0171-DR-M,J0171,0.0,DRESS,M,BLUE
J0171-DR-S,J0171,13.0,DRESS,S,BLUE
J0171-DR-XL,J0171,1.0,DRESS,XL,BLUE
J0171-DR-XS,J0171,73.0,DRESS,XS,BLUE
J0171-DR-XXL,J0171,2.0,DRESS,XXL,BLUE
J0171-DR-XXXL,J0171,0.0,DRESS,XXXL,BLUE
J0172-TP-L,J0172,0.0,TOP,L,BLUE
J0172-TP-M,J0172,7.0,TOP,M,BLUE
J0172-TP-S,J0172,1.0,TOP,S,BLUE
J0172-TP-XL,J0172,30.0,TOP,XL,BLUE
J0172-TP-XS,J0172,2.0,TOP,XS,BLUE
J0172-TP-XXL,J0172,16.0,TOP,XXL,BLUE
J0172-TP-XXXL,J0172,47.0,TOP,XXXL,BLUE
J0173-DR-L,J0173,3.0,DRESS,L,RED
J0173-DR-M,J0173,3.0,DRESS,M,RED
J0173-DR-S,J0173,29.0,DRESS,S,RED
J0173-DR-XL,J0173,2.0,DRESS,XL,RED
J0173-DR-XS,J0173,43.0,DRESS,XS,RED
J0173-DR-XXL,J0173,2.0,DRESS,XXL,RED
J0173-DR-XXXL,J0173,2.0,DRESS,XXXL,RED
J0174-TP-L,J0174,1.0,TOP,L,MAROON
J0174-TP-M,J0174,0.0,TOP,M,MAROON
J0174-TP-S,J0174,0.0,TOP,S,MAROON
J0174-TP-XL,J0174,1.0,TOP,XL,MAROON
J0174-TP-XS,J0174,4.0,TOP,XS,MAROON
J0174-TP-XXL,J0174,3.0,TOP,XXL,MAROON
J0174-TP-XXXL,J0174,2.0,TOP,XXXL,MAROON
J0175-KR-L,J0175,7.0,KURTA,L,MAROON
J0175-KR-M,J0175,9.0,KURTA,M,MAROON
J0175-KR-S,J0175,32.0,KURTA,S,MAROON
J0175-KR-XL,J0175,8.0,KURTA,XL,MAROON
J0175-KR-XS,J0175,37.0,KURTA,XS,MAROON
J0175-KR-XXL,J0175,14.0,KURTA,XXL,MAROON
J0175-KR-XXXL,J0175,3.0,KURTA,XXXL,MAROON
J0176-TP-L,J0176,1.0,TOP,L,GREEN
J0176-TP-M,J0176,0.0,TOP,M,GREEN
J0176-TP-S,J0176,37.0,TOP,S,GREEN
J0176-TP-XL,J0176,2.0,TOP,XL,GREEN
J0176-TP-XS,J0176,49.0,TOP,XS,GREEN
J0176-TP-XXL,J0176,7.0,TOP,XXL,GREEN
J0176-TP-XXXL,J0176,1.0,TOP,XXXL,GREEN
J0177-KR-L,J0177,1.0,KURTA,L,GREEN
J0177-KR-M,J0177,0.0,KURTA,M,GREEN
J0177-KR-S,J0177,9.0,KURTA,S,GREEN
J0177-KR-XL,J0177,0.0,KURTA,XL,GREEN
J0177-KR-XS,J0177,3.0,KURTA,XS,GREEN
J0177-KR-XXL,J0177,2.0,KURTA,XXL,GREEN
J0177-KR-XXXL,J0177,2.0,KURTA,XXXL,GREEN
J0178-TP-L,J0178,2.0,TOP,L,MULTICOLOR
J0178-TP-M,J0178,4.0,TOP,M,MULTICOLOR
J0178-TP-S,J0178,1.0,TOP,S,MULTICOLOR
J0178-TP-XL,J0178,1.0,TOP,XL,MULTICOLOR
J0178-TP-XS,J0178,2.0,TOP,XS,MULTICOLOR
J0178-TP-XXL,J0178,1.0,TOP,XXL,MULTICOLOR
J0178-TP-XXXL,J0178,1.0,TOP,XXXL,MULTICOLOR
J0179-KR-L,J0179,10.0,KURTA,L,MULTICOLOR
J0179-KR-M,J0179,5.0,KURTA,M,MULTICOLOR
J0179-KR-S,J0179,4.0,KURTA,S,MULTICOLOR
J0179-KR-XL,J0179,6.0,KURTA,XL,MULTICOLOR
J0179-KR-XS,J0179,18.0,KURTA,XS,MULTICOLOR
J0179-KR-XXL,J0179,7.0,KURTA,XXL,MULTICOLOR
J0179-KR-XXXL,J0179,6.0,KURTA,XXXL,MULTICOLOR
J0180-DR-L,J0180,1.0,DRESS,L,PINK
J0180-DR-M,J0180,1.0,DRESS,M,PINK
J0180-DR-S,J0180,3.0,DRESS,S,PINK
J0180-DR-XL,J0180,2.0,DRESS,XL,PINK
J0180-DR-XS,J0180,4.0,DRESS,XS,PINK
J0180-DR-XXL,J0180,2.0,DRESS,XXL,PINK
J0180-DR-XXXL,J0180,2.0,DRESS,XXXL,PINK
J0181-TP-L,J0181,3.0,TOP,L,PINK
J0181-TP-M,J0181,4.0,TOP,M,PINK
J0181-TP-S,J0181,18.0,TOP,S,PINK
J0181-TP-XL,J0181,3.0,TOP,XL,PINK
J0181-TP-XS,J0181,22.0,TOP,XS,PINK
J0181-TP-XXL,J0181,2.0,TOP,XXL,PINK
J0181-TP-XXXL,J0181,1.0,TOP,XXXL,PINK
J0182-SET-L,J0182,2.0,KURTA SET,L,OFF WHITE
J0182-SET-M,J0182,0.0,KURTA SET,M,OFF WHITE
J0182-SET-S,J0182,0.0,KURTA SET,S,OFF WHITE
J0182-SET-XL,J0182,1.0,KURTA SET,XL,OFF WHITE
J0182-SET-XS,J0182,2.0,KURTA SET,XS,OFF WHITE
J0182-SET-XXL,J0182,1.0,KURTA SET,XXL,OFF WHITE
J0182-SET-XXXL,J0182,0.0,KURTA SET,XXXL,OFF WHITE
J0183-TP-L,J0183,1.0,TOP,L,OFF WHITE
J0183-TP-M,J0183,0.0,TOP,M,OFF WHITE
J0183-TP-S,J0183,2.0,TOP,S,OFF WHITE
J0183-TP-XL,J0183,1.0,TOP,XL,OFF WHITE
J0183-TP-XS,J0183,0.0,TOP,XS,OFF WHITE
J0183-TP-XXL,J0183,0.0,TOP,XXL,OFF WHITE
J0183-TP-XXXL,J0183,0.0,TOP,XXXL,OFF WHITE
J0184-KR-L,J0184,4.0,KURTA,L,ORANGE
J0184-KR-M,J0184,3.0,KURTA,M,ORANGE
J0184-KR-S,J0184,5.0,KURTA,S,ORANGE
J0184-KR-XL,J0184,8.0,KURTA,XL,ORANGE
J0184-KR-XS,J0184,7.0,KURTA,XS,ORANGE
J0184-KR-XXL,J0184,2.0,KURTA,XXL,ORANGE
J0184-KR-XXXL,J0184,5.0,KURTA,XXXL,ORANGE
J0185-DR-L,J0185,2.0,DRESS,L,OFF WHITE
J0185-DR-M,J0185,2.0,DRESS,M,OFF WHITE
J0185-DR-S,J0185,6.0,DRESS,S,OFF WHITE
J0185-DR-XL,J0185,0.0,DRESS,XL,OFF WHITE
J0185-DR-XS,J0185,8.0,DRESS,XS,OFF WHITE
J0185-DR-XXL,J0185,1.0,DRESS,XXL,OFF WHITE
J0186-SET-L,J0186,0.0,KURTA SET,L,BLACK
J0186-SET-M,J0186,0.0,KURTA SET,M,BLACK
J0186-SET-S,J0186,2.0,KURTA SET,S,BLACK
J0186-SET-XL,J0186,2.0,KURTA SET,XL,BLACK
J0186-SET-XS,J0186,5.0,KURTA SET,XS,BLACK
J0186-SET-XXL,J0186,6.0,KURTA SET,XXL,BLACK
J0186-SET-XXXL,J0186,2.0,KURTA SET,XXXL,BLACK
J0187-KR-L,J0187,2.0,KURTA,L,BLACK
J0187-KR-M,J0187,0.0,KURTA,M,BLACK
J0187-KR-S,J0187,9.0,KURTA,S,BLACK
J0187-KR-XL,J0187,1.0,KURTA,XL,BLACK
J0187-KR-XS,J0187,19.0,KURTA,XS,BLACK
J0187-KR-XXL,J0187,5.0,KURTA,XXL,BLACK
J0187-KR-XXXL,J0187,0.0,KURTA,XXXL,BLACK
J0188-KR-L,J0188,2.0,KURTA,L,OFF WHITE
J0188-KR-M,J0188,2.0,KURTA,M,OFF WHITE
J0188-KR-S,J0188,3.0,KURTA,S,OFF WHITE
J0188-KR-XL,J0188,2.0,KURTA,XL,OFF WHITE
J0188-KR-XS,J0188,0.0,KURTA,XS,OFF WHITE
J0188-KR-XXL,J0188,3.0,KURTA,XXL,OFF WHITE
J0188-KR-XXXL,J0188,1.0,KURTA,XXXL,OFF WHITE
J0189-TP-L,J0189,10.0,TOP,L,ORANGE
J0189-TP-M,J0189,68.0,TOP,M,ORANGE
J0189-TP-S,J0189,37.0,TOP,S,ORANGE
J0189-TP-XL,J0189,12.0,TOP,XL,ORANGE
J0189-TP-XS,J0189,37.0,TOP,XS,ORANGE
J0189-TP-XXL,J0189,23.0,TOP,XXL,ORANGE
J0189-TP-XXXL,J0189,4.0,TOP,XXXL,ORANGE
J0190-TP-L,J0190,1.0,TOP,L,BLUE
J0190-TP-M,J0190,2.0,TOP,M,BLUE
J0190-TP-S,J0190,16.0,TOP,S,BLUE
J0190-TP-XL,J0190,1.0,TOP,XL,BLUE
J0190-TP-XS,J0190,52.0,TOP,XS,BLUE
J0190-TP-XXL,J0190,1.0,TOP,XXL,BLUE
J0190-TP-XXXL,J0190,3.0,TOP,XXXL,BLUE
J0192-TP-L,J0192,1.0,TOP,L,NAVY BLUE
J0192-TP-M,J0192,0.0,TOP,M,NAVY BLUE
J0192-TP-S,J0192,3.0,TOP,S,NAVY BLUE
J0192-TP-XL,J0192,5.0,TOP,XL,NAVY BLUE
J0192-TP-XS,J0192,1.0,TOP,XS,NAVY BLUE
J0192-TP-XXL,J0192,1.0,TOP,XXL,NAVY BLUE
J0192-TP-XXXL,J0192,2.0,TOP,XXXL,NAVY BLUE
J0193-SET-L,J0193,2.0,KURTA SET,L,MUSTARD
J0193-SET-M,J0193,2.0,KURTA SET,M,MUSTARD
J0193-SET-S,J0193,1.0,KURTA SET,S,MUSTARD
J0193-SET-XL,J0193,3.0,KURTA SET,XL,MUSTARD
J0193-SET-XS,J0193,0.0,KURTA SET,XS,MUSTARD
J0193-SET-XXL,J0193,4.0,KURTA SET,XXL,MUSTARD
J0193-SET-XXXL,J0193,2.0,KURTA SET,XXXL,MUSTARD
J0194-DR-L,J0194,1.0,DRESS,L,GREEN
J0194-DR-M,J0194,5.0,DRESS,M,GREEN
J0194-DR-S,J0194,12.0,DRESS,S,GREEN
J0194-DR-XL,J0194,5.0,DRESS,XL,GREEN
J0194-DR-XS,J0194,28.0,DRESS,XS,GREEN
J0194-DR-XXL,J0194,3.0,DRESS,XXL,GREEN
J0194-DR-XXXL,J0194,2.0,DRESS,XXXL,GREEN
J0195-TP-L,J0195,71.0,TOP,L,MAROON
J0195-TP-M,J0195,50.0,TOP,M,MAROON
J0195-TP-S,J0195,20.0,TOP,S,MAROON
J0195-TP-XL,J0195,20.0,TOP,XL,MAROON
J0195-TP-XS,J0195,11.0,TOP,XS,MAROON
J0195-TP-XXL,J0195,9.0,TOP,XXL,MAROON
J0195-TP-XXXL,J0195,9.0,TOP,XXXL,MAROON
J0196-TP-L,J0196,1.0,TOP,L,GREEN
J0196-TP-M,J0196,3.0,TOP,M,GREEN
J0196-TP-S,J0196,5.0,TOP,S,GREEN
J0196-TP-XL,J0196,6.0,TOP,XL,GREEN
J0196-TP-XS,J0196,33.0,TOP,XS,GREEN
J0196-TP-XXL,J0196,2.0,TOP,XXL,GREEN
J0196-TP-XXXL,J0196,3.0,TOP,XXXL,GREEN
J0197-TP-L,J0197,2.0,TOP,L,BLUE
J0197-TP-M,J0197,2.0,TOP,M,BLUE
J0197-TP-S,J0197,5.0,TOP,S,BLUE
J0197-TP-XL,J0197,2.0,TOP,XL,BLUE
J0197-TP-XS,J0197,29.0,TOP,XS,BLUE
J0197-TP-XXL,J0197,4.0,TOP,XXL,BLUE
J0197-TP-XXXL,J0197,14.0,TOP,XXXL,BLUE
J0198-TP-L,J0198,21.0,TOP,L,NAVY BLUE
J0198-TP-M,J0198,27.0,TOP,M,NAVY BLUE
J0198-TP-S,J0198,3.0,TOP,S,NAVY BLUE
J0198-TP-XL,J0198,49.0,TOP,XL,NAVY BLUE
J0198-TP-XS,J0198,4.0,TOP,XS,NAVY BLUE
J0198-TP-XXL,J0198,7.0,TOP,XXL,NAVY BLUE
J0198-TP-XXXL,J0198,5.0,TOP,XXXL,NAVY BLUE
J0199-SET-L,J0199,2.0,SET,L,BLACK
J0199-SET-M,J0199,2.0,SET,M,BLACK
J0199-SET-S,J0199,2.0,SET,S,BLACK
J0199-SET-XL,J0199,2.0,SET,XL,BLACK
J0199-SET-XS,J0199,4.0,SET,XS,BLACK
J0199-SET-XXL,J0199,4.0,SET,XXL,BLACK
J0199-SET-XXXL,J0199,4.0,SET,XXXL,BLACK
J0201-TP-L,J0201,4.0,TOP,L,TEAL
J0201-TP-M,J0201,4.0,TOP,M,TEAL
J0201-TP-S,J0201,3.0,TOP,S,TEAL
J0201-TP-XL,J0201,3.0,TOP,XL,TEAL
J0201-TP-XS,J0201,4.0,TOP,XS,TEAL
J0201-TP-XXL,J0201,3.0,TOP,XXL,TEAL
J0201-TP-XXXL,J0201,6.0,TOP,XXXL,TEAL
J0202-TP-L,J0202,3.0,TOP,L,BLUE
J0202-TP-M,J0202,2.0,TOP,M,BLUE
J0202-TP-S,J0202,5.0,TOP,S,BLUE
J0202-TP-XL,J0202,2.0,TOP,XL,BLUE
J0202-TP-XS,J0202,17.0,TOP,XS,BLUE
J0202-TP-XXL,J0202,7.0,TOP,XXL,BLUE
J0202-TP-XXXL,J0202,4.0,TOP,XXXL,BLUE
J0203-TP-L,J0203,2.0,TOP,L,GREEN
J0203-TP-M,J0203,0.0,TOP,M,GREEN
J0203-TP-S,J0203,4.0,TOP,S,GREEN
J0203-TP-XL,J0203,2.0,TOP,XL,GREEN
J0203-TP-XS,J0203,2.0,TOP,XS,GREEN
J0203-TP-XXL,J0203,2.0,TOP,XXL,GREEN
J0203-TP-XXXL,J0203,3.0,TOP,XXXL,GREEN
J0204-TP-L,J0204,1.0,TUNIC,L,MUSTARD
J0204-TP-M,J0204,1.0,TUNIC,M,MUSTARD
J0204-TP-S,J0204,3.0,TUNIC,S,MUSTARD
J0204-TP-XL,J0204,2.0,TUNIC,XL,MUSTARD
J0204-TP-XS,J0204,5.0,TUNIC,XS,MUSTARD
J0204-TP-XXL,J0204,4.0,TUNIC,XXL,MUSTARD
J0204-TP-XXXL,J0204,7.0,TUNIC,XXXL,MUSTARD
J0205-TP-L,J0205,2.0,TOP,L,PEACH
J0205-TP-M,J0205,2.0,TOP,M,PEACH
J0205-TP-S,J0205,5.0,TOP,S,PEACH
J0205-TP-XL,J0205,4.0,TOP,XL,PEACH
J0205-TP-XS,J0205,7.0,TOP,XS,PEACH
J0205-TP-XXL,J0205,6.0,TOP,XXL,PEACH
J0205-TP-XXXL,J0205,3.0,TOP,XXXL,PEACH
J0207-DR-L,J0207,14.0,DRESS,L,OLIVE
J0207-DR-M,J0207,20.0,DRESS,M,OLIVE
J0207-DR-S,J0207,33.0,DRESS,S,OLIVE
J0207-DR-XL,J0207,35.0,DRESS,XL,OLIVE
J0207-DR-XS,J0207,13.0,DRESS,XS,OLIVE
J0207-DR-XXL,J0207,1.0,DRESS,XXL,OLIVE
J0207-DR-XXXL,J0207,10.0,DRESS,XXXL,OLIVE
J0208-DR-L,J0208,2.0,DRESS,L,PEACH
J0208-DR-M,J0208,5.0,DRESS,M,PEACH
J0208-DR-S,J0208,9.0,DRESS,S,PEACH
J0208-DR-XL,J0208,2.0,DRESS,XL,PEACH
J0208-DR-XS,J0208,35.0,DRESS,XS,PEACH
J0208-DR-XXL,J0208,3.0,DRESS,XXL,PEACH
J0208-DR-XXXL,J0208,9.0,DRESS,XXXL,PEACH
J0209-DR-L,J0209,26.0,DRESS,L,BLUE
J0209-DR-M,J0209,43.0,DRESS,M,BLUE
J0209-DR-S,J0209,49.0,DRESS,S,BLUE
J0209-DR-XL,J0209,12.0,DRESS,XL,BLUE
J0209-DR-XS,J0209,25.0,DRESS,XS,BLUE
J0209-DR-XXL,J0209,19.0,DRESS,XXL,BLUE
J0209-DR-XXXL,J0209,32.0,DRESS,XXXL,BLUE
J0210-DR-L,J0210,3.0,DRESS,L,NAVY BLUE
J0210-DR-M,J0210,2.0,DRESS,M,NAVY BLUE
J0210-DR-S,J0210,3.0,DRESS,S,NAVY BLUE
J0210-DR-XL,J0210,5.0,DRESS,XL,NAVY BLUE
J0210-DR-XS,J0210,6.0,DRESS,XS,NAVY BLUE
J0210-DR-XXL,J0210,7.0,DRESS,XXL,NAVY BLUE
J0210-DR-XXXL,J0210,4.0,DRESS,XXXL,NAVY BLUE
J0211-DR-L,J0211,11.0,DRESS,L,MAROON
J0211-DR-M,J0211,14.0,DRESS,M,MAROON
J0211-DR-S,J0211,6.0,DRESS,S,MAROON
J0211-DR-XL,J0211,17.0,DRESS,XL,MAROON
J0211-DR-XS,J0211,8.0,DRESS,XS,MAROON
J0211-DR-XXL,J0211,24.0,DRESS,XXL,MAROON
J0211-DR-XXXL,J0211,3.0,DRESS,XXXL,MAROON
J0212-DR-L,J0212,9.0,DRESS,L,GREEN
J0212-DR-M,J0212,22.0,DRESS,M,GREEN
J0212-DR-S,J0212,33.0,DRESS,S,GREEN
J0212-DR-XL,J0212,5.0,DRESS,XL,GREEN
J0212-DR-XS,J0212,34.0,DRESS,XS,GREEN
J0212-DR-XXL,J0212,6.0,DRESS,XXL,GREEN
J0212-DR-XXXL,J0212,3.0,DRESS,XXXL,GREEN
J0213-TP-L,J0213,3.0,TOP,L,MUSTARD
J0213-TP-M,J0213,3.0,TOP,M,MUSTARD
J0213-TP-S,J0213,20.0,TOP,S,MUSTARD
J0213-TP-XL,J0213,2.0,TOP,XL,MUSTARD
J0213-TP-XS,J0213,32.0,TOP,XS,MUSTARD
J0213-TP-XXL,J0213,9.0,TOP,XXL,MUSTARD
J0213-TP-XXXL,J0213,7.0,TOP,XXXL,MUSTARD
J0214-TP-L,J0214,8.0,TOP,L,BURGUNDY
J0214-TP-M,J0214,4.0,TOP,M,BURGUNDY
J0214-TP-S,J0214,3.0,TOP,S,BURGUNDY
J0214-TP-XL,J0214,4.0,TOP,XL,BURGUNDY
J0214-TP-XS,J0214,13.0,TOP,XS,BURGUNDY
J0214-TP-XXL,J0214,3.0,TOP,XXL,BURGUNDY
J0214-TP-XXXL,J0214,10.0,TOP,XXXL,BURGUNDY
J0215-BL-L,J0215,15.0,BLOUSE,L,BLUE
J0215-BL-M,J0215,22.0,BLOUSE,M,BLUE
J0215-BL-S,J0215,40.0,BLOUSE,S,BLUE
J0215-BL-XL,J0215,28.0,BLOUSE,XL,BLUE
J0215-BL-XS,J0215,1.0,BLOUSE,XS,BLUE
J0215-BL-XXL,J0215,22.0,BLOUSE,XXL,BLUE
J0216-BL-L,J0216,31.0,BLOUSE,L,GREEN
J0216-BL-M,J0216,20.0,BLOUSE,M,GREEN
J0216-BL-S,J0216,8.0,BLOUSE,S,GREEN
J0216-BL-XL,J0216,23.0,BLOUSE,XL,GREEN
J0216-BL-XXL,J0216,17.0,BLOUSE,XXL,GREEN
J0217-BL-L,J0217,16.0,BLOUSE,L,PURPLE
J0217-BL-M,J0217,24.0,BLOUSE,M,PURPLE
J0217-BL-S,J0217,18.0,BLOUSE,S,PURPLE
J0217-BL-XL,J0217,20.0,BLOUSE,XL,PURPLE
J0217-BL-XXL,J0217,12.0,BLOUSE,XXL,PURPLE
J0219-BL-L,J0219,64.0,BLOUSE,L,PINK
J0219-BL-M,J0219,72.0,BLOUSE,M,PINK
J0219-BL-S,J0219,66.0,BLOUSE,S,PINK
J0219-BL-XL,J0219,82.0,BLOUSE,XL,PINK
J0219-BL-XXL,J0219,54.0,BLOUSE,XXL,PINK
J0220-BL-L,J0220,19.0,BLOUSE,L,MAROON
J0220-BL-M,J0220,27.0,BLOUSE,M,MAROON
J0220-BL-S,J0220,18.0,BLOUSE,S,MAROON
J0220-BL-XL,J0220,28.0,BLOUSE,XL,MAROON
J0220-BL-XXL,J0220,16.0,BLOUSE,XXL,MAROON
J0223-SKD-L,J0223,23.0,SET,L,PURPLE
J0223-SKD-M,J0223,30.0,SET,M,PURPLE
J0223-SKD-S,J0223,28.0,SET,S,PURPLE
J0223-SKD-XL,J0223,25.0,SET,XL,PURPLE
J0223-SKD-XS,J0223,16.0,SET,XS,PURPLE
J0223-SKD-XXL,J0223,30.0,SET,XXL,PURPLE
J0223-SKD-XXXL,J0223,9.0,SET,XXXL,PURPLE
J0224-SKD-L,J0224,54.0,SET,L,PINK
J0224-SKD-M,J0224,46.0,SET,M,PINK
J0224-SKD-S,J0224,62.0,SET,S,PINK
J0224-SKD-XL,J0224,51.0,SET,XL,PINK
J0224-SKD-XS,J0224,45.0,SET,XS,PINK
J0224-SKD-XXL,J0224,42.0,SET,XXL,PINK
J0224-SKD-XXXL,J0224,41.0,SET,XXXL,PINK
J0225-SKD-L,J0225,30.0,SET,L,BLUE
J0225-SKD-M,J0225,25.0,SET,M,BLUE
J0225-SKD-S,J0225,49.0,SET,S,BLUE
J0225-SKD-XL,J0225,31.0,SET,XL,BLUE
J0225-SKD-XS,J0225,48.0,SET,XS,BLUE
J0225-SKD-XXL,J0225,36.0,SET,XXL,BLUE
J0225-SKD-XXXL,J0225,22.0,SET,XXXL,BLUE
J0226-SKD-L,J0226,32.0,SET,L,GREEN
J0226-SKD-M,J0226,147.0,SET,M,GREEN
J0226-SKD-S,J0226,61.0,SET,S,GREEN
J0226-SKD-XL,J0226,79.0,SET,XL,GREEN
J0226-SKD-XS,J0226,39.0,SET,XS,GREEN
J0226-SKD-XXL,J0226,34.0,SET,XXL,GREEN
J0226-SKD-XXXL,J0226,39.0,SET,XXXL,GREEN
J0228-SKD-L,J0228,3.0,SET,L,NAVY BLUE
J0228-SKD-M,J0228,38.0,SET,M,NAVY BLUE
J0228-SKD-S,J0228,34.0,SET,S,NAVY BLUE
J0228-SKD-XL,J0228,41.0,SET,XL,NAVY BLUE
J0228-SKD-XS,J0228,32.0,SET,XS,NAVY BLUE
J0228-SKD-XXL,J0228,35.0,SET,XXL,NAVY BLUE
J0228-SKD-XXXL,J0228,49.0,SET,XXXL,NAVY BLUE
J0229-SKD-L,J0229,50.0,SET,L,MAROON
J0229-SKD-M,J0229,63.0,SET,M,MAROON
J0229-SKD-S,J0229,67.0,SET,S,MAROON
J0229-SKD-XL,J0229,67.0,SET,XL,MAROON
J0229-SKD-XS,J0229,60.0,SET,XS,MAROON
J0229-SKD-XXL,J0229,68.0,SET,XXL,MAROON
J0229-SKD-XXXL,J0229,53.0,SET,XXXL,MAROON
J0230-SKD-L,J0230,51.0,KURTA SET,L,BLUE
J0230-SKD-M,J0230,152.0,KURTA SET,M,BLUE
J0230-SKD-S,J0230,84.0,KURTA SET,S,BLUE
J0230-SKD-XL,J0230,31.0,KURTA SET,XL,BLUE
J0230-SKD-XS,J0230,148.0,KURTA SET,XS,BLUE
J0230-SKD-XXL,J0230,24.0,KURTA SET,XXL,BLUE
J0230-SKD-XXXL,J0230,26.0,KURTA SET,XXXL,BLUE
J0231-SKD-L,J0231,16.0,KURTA SET,L,GREEN
J0231-SKD-M,J0231,34.0,KURTA SET,M,GREEN
J0231-SKD-S,J0231,30.0,KURTA SET,S,GREEN
J0231-SKD-XL,J0231,18.0,KURTA SET,XL,GREEN
J0231-SKD-XS,J0231,30.0,KURTA SET,XS,GREEN
J0231-SKD-XXL,J0231,24.0,KURTA SET,XXL,GREEN
J0231-SKD-XXXL,J0231,13.0,KURTA SET,XXXL,GREEN
J0232-SKD-L,J0232,21.0,KURTA SET,L,MULTICOLOR
J0232-SKD-M,J0232,31.0,KURTA SET,M,MULTICOLOR
J0232-SKD-S,J0232,8.0,KURTA SET,S,MULTICOLOR
J0232-SKD-XL,J0232,12.0,KURTA SET,XL,MULTICOLOR
J0232-SKD-XS,J0232,33.0,KURTA SET,XS,MULTICOLOR
J0232-SKD-XXL,J0232,10.0,KURTA SET,XXL,MULTICOLOR
J0232-SKD-XXXL,J0232,41.0,KURTA SET,XXXL,MULTICOLOR
J0233-SKD-L,J0233,48.0,KURTA SET,L,MAROON
J0233-SKD-M,J0233,31.0,KURTA SET,M,MAROON
J0233-SKD-S,J0233,111.0,KURTA SET,S,MAROON
J0233-SKD-XL,J0233,48.0,KURTA SET,XL,MAROON
J0233-SKD-XS,J0233,88.0,KURTA SET,XS,MAROON
J0233-SKD-XXL,J0233,75.0,KURTA SET,XXL,MAROON
J0233-SKD-XXXL,J0233,36.0,KURTA SET,XXXL,MAROON
J0234-SKD-L,J0234,6.0,KURTA SET,L,MUSTARD
J0234-SKD-M,J0234,5.0,KURTA SET,M,MUSTARD
J0234-SKD-S,J0234,6.0,KURTA SET,S,MUSTARD
J0234-SKD-XL,J0234,8.0,KURTA SET,XL,MUSTARD
J0234-SKD-XS,J0234,52.0,KURTA SET,XS,MUSTARD
J0234-SKD-XXL,J0234,6.0,KURTA SET,XXL,MUSTARD
J0234-SKD-XXXL,J0234,7.0,KURTA SET,XXXL,MUSTARD
J0235-SKD-L,J0235,20.0,KURTA SET,L,RUST
J0235-SKD-M,J0235,37.0,KURTA SET,M,RUST
J0235-SKD-S,J0235,26.0,KURTA SET,S,RUST
J0235-SKD-XL,J0235,44.0,KURTA SET,XL,RUST
J0235-SKD-XS,J0235,52.0,KURTA SET,XS,RUST
J0235-SKD-XXL,J0235,49.0,KURTA SET,XXL,RUST
J0235-SKD-XXXL,J0235,47.0,KURTA SET,XXXL,RUST
J0236-SKD-L,J0236,5.0,KURTA SET,L,PINK
J0236-SKD-M,J0236,3.0,KURTA SET,M,PINK
J0236-SKD-S,J0236,7.0,KURTA SET,S,PINK
J0236-SKD-XL,J0236,3.0,KURTA SET,XL,PINK
J0236-SKD-XS,J0236,4.0,KURTA SET,XS,PINK
J0236-SKD-XXL,J0236,6.0,KURTA SET,XXL,PINK
J0236-SKD-XXXL,J0236,4.0,KURTA SET,XXXL,PINK
J0237-SKD-L,J0237,6.0,KURTA SET,L,ORANGE
J0237-SKD-M,J0237,2.0,KURTA SET,M,ORANGE
J0237-SKD-S,J0237,6.0,KURTA SET,S,ORANGE
J0237-SKD-XL,J0237,4.0,KURTA SET,XL,ORANGE
J0237-SKD-XS,J0237,22.0,KURTA SET,XS,ORANGE
J0237-SKD-XXL,J0237,4.0,KURTA SET,XXL,ORANGE
J0237-SKD-XXXL,J0237,8.0,KURTA SET,XXXL,ORANGE
J0238-LCD-L,J0238,5.0,LEHENGA CHOLI,L,WHITE
J0238-LCD-M,J0238,0.0,LEHENGA CHOLI,M,WHITE
J0238-LCD-S,J0238,3.0,LEHENGA CHOLI,S,WHITE
J0238-LCD-XL,J0238,7.0,LEHENGA CHOLI,XL,WHITE
J0238-LCD-XS,J0238,1.0,LEHENGA CHOLI,XS,WHITE
J0238-LCD-XXL,J0238,17.0,LEHENGA CHOLI,XXL,WHITE
J0238-LCD-XXXL,J0238,8.0,LEHENGA CHOLI,XXXL,WHITE
J0239-SKD-L,J0239,7.0,KURTA SET,L,OFF WHITE
J0239-SKD-M,J0239,14.0,KURTA SET,M,OFF WHITE
J0239-SKD-S,J0239,23.0,KURTA SET,S,OFF WHITE
J0239-SKD-XL,J0239,5.0,KURTA SET,XL,OFF WHITE
J0239-SKD-XS,J0239,6.0,KURTA SET,XS,OFF WHITE
J0239-SKD-XXL,J0239,8.0,KURTA SET,XXL,OFF WHITE
J0239-SKD-XXXL,J0239,3.0,KURTA SET,XXXL,OFF WHITE
J0240-SKD-L,J0240,6.0,KURTA SET,L,OFF WHITE
J0240-SKD-M,J0240,6.0,KURTA SET,M,OFF WHITE
J0240-SKD-S,J0240,7.0,KURTA SET,S,OFF WHITE
J0240-SKD-XL,J0240,4.0,KURTA SET,XL,OFF WHITE
J0240-SKD-XS,J0240,41.0,KURTA SET,XS,OFF WHITE
J0240-SKD-XXL,J0240,0.0,KURTA SET,XXL,OFF WHITE
J0240-SKD-XXXL,J0240,10.0,KURTA SET,XXXL,OFF WHITE
J0241-SKD-L,J0241,21.0,KURTA SET,L,OFF WHITE
J0241-SKD-M,J0241,21.0,KURTA SET,M,OFF WHITE
J0241-SKD-S,J0241,30.0,KURTA SET,S,OFF WHITE
J0241-SKD-XL,J0241,24.0,KURTA SET,XL,OFF WHITE
J0241-SKD-XS,J0241,50.0,KURTA SET,XS,OFF WHITE
J0241-SKD-XXL,J0241,30.0,KURTA SET,XXL,OFF WHITE
J0241-SKD-XXXL,J0241,51.0,KURTA SET,XXXL,OFF WHITE
J0242-SKD-L,J0242,3.0,KURTA SET,L,OFF WHITE
J0242-SKD-M,J0242,3.0,KURTA SET,M,OFF WHITE
J0242-SKD-S,J0242,26.0,KURTA SET,S,OFF WHITE
J0242-SKD-XL,J0242,0.0,KURTA SET,XL,OFF WHITE
J0242-SKD-XS,J0242,33.0,KURTA SET,XS,OFF WHITE
J0242-SKD-XXL,J0242,7.0,KURTA SET,XXL,OFF WHITE
J0242-SKD-XXXL,J0242,24.0,KURTA SET,XXXL,OFF WHITE
J0243-DR-L,J0243,2.0,DRESS,L,OFF WHITE
J0243-DR-M,J0243,5.0,DRESS,M,OFF WHITE
J0243-DR-S,J0243,3.0,DRESS,S,OFF WHITE
J0243-DR-XL,J0243,4.0,DRESS,XL,OFF WHITE
J0243-DR-XS,J0243,31.0,DRESS,XS,OFF WHITE
J0243-DR-XXL,J0243,8.0,DRESS,XXL,OFF WHITE
J0243-DR-XXXL,J0243,7.0,DRESS,XXXL,OFF WHITE
J0244-SKD-L,J0244,4.0,KURTA SET,L,OFF WHITE
J0244-SKD-M,J0244,4.0,KURTA SET,M,OFF WHITE
J0244-SKD-S,J0244,7.0,KURTA SET,S,OFF WHITE
J0244-SKD-XL,J0244,5.0,KURTA SET,XL,OFF WHITE
J0244-SKD-XS,J0244,22.0,KURTA SET,XS,OFF WHITE
J0244-SKD-XXL,J0244,22.0,KURTA SET,XXL,OFF WHITE
J0244-SKD-XXXL,J0244,6.0,KURTA SET,XXXL,OFF WHITE
J0245-SKD-L,J0245,16.0,KURTA SET,L,OFF WHITE
J0245-SKD-M,J0245,14.0,KURTA SET,M,OFF WHITE
J0245-SKD-S,J0245,27.0,KURTA SET,S,OFF WHITE
J0245-SKD-XL,J0245,10.0,KURTA SET,XL,OFF WHITE
J0245-SKD-XS,J0245,22.0,KURTA SET,XS,OFF WHITE
J0245-SKD-XXL,J0245,11.0,KURTA SET,XXL,OFF WHITE
J0245-SKD-XXXL,J0245,10.0,KURTA SET,XXXL,OFF WHITE
J0246-SKD-L,J0246,40.0,KURTA SET,L,OFF WHITE
J0246-SKD-M,J0246,31.0,KURTA SET,M,OFF WHITE
J0246-SKD-S,J0246,34.0,KURTA SET,S,OFF WHITE
J0246-SKD-XL,J0246,42.0,KURTA SET,XL,OFF WHITE
J0246-SKD-XS,J0246,42.0,KURTA SET,XS,OFF WHITE
J0246-SKD-XXL,J0246,36.0,KURTA SET,XXL,OFF WHITE
J0246-SKD-XXXL,J0246,47.0,KURTA SET,XXXL,OFF WHITE
J0247-SKD-L,J0247,28.0,KURTA SET,L,TEAL
J0247-SKD-M,J0247,16.0,KURTA SET,M,TEAL
J0247-SKD-S,J0247,29.0,KURTA SET,S,TEAL
J0247-SKD-XL,J0247,43.0,KURTA SET,XL,TEAL
J0247-SKD-XS,J0247,24.0,KURTA SET,XS,TEAL
J0247-SKD-XXL,J0247,37.0,KURTA SET,XXL,TEAL
J0247-SKD-XXXL,J0247,38.0,KURTA SET,XXXL,TEAL
J0248-KR-DPT-L,J0248,0.0,KURTA SET,L,ORANGE
J0248-KR-DPT-M,J0248,7.0,KURTA SET,M,ORANGE
J0248-KR-DPT-S,J0248,6.0,KURTA SET,S,ORANGE
J0248-KR-DPT-XL,J0248,4.0,KURTA SET,XL,ORANGE
J0248-KR-DPT-XS,J0248,15.0,KURTA SET,XS,ORANGE
J0248-KR-DPT-XXL,J0248,6.0,KURTA SET,XXL,ORANGE
J0248-KR-DPT-XXXL,J0248,8.0,KURTA SET,XXXL,ORANGE
J0249-SKD-L,J0249,26.0,KURTA SET,L,BLUE
J0249-SKD-M,J0249,34.0,KURTA SET,M,BLUE
J0249-SKD-S,J0249,46.0,KURTA SET,S,BLUE
J0249-SKD-XL,J0249,43.0,KURTA SET,XL,BLUE
J0249-SKD-XS,J0249,47.0,KURTA SET,XS,BLUE
J0249-SKD-XXL,J0249,32.0,KURTA SET,XXL,BLUE
J0249-SKD-XXXL,J0249,29.0,KURTA SET,XXXL,BLUE
J0250-SKD-L,J0250,9.0,KURTA SET,L,OLIVE
J0250-SKD-M,J0250,8.0,KURTA SET,M,OLIVE
J0250-SKD-S,J0250,17.0,KURTA SET,S,OLIVE
J0250-SKD-XL,J0250,10.0,KURTA SET,XL,OLIVE
J0250-SKD-XS,J0250,52.0,KURTA SET,XS,OLIVE
J0250-SKD-XXL,J0250,4.0,KURTA SET,XXL,OLIVE
J0250-SKD-XXXL,J0250,28.0,KURTA SET,XXXL,OLIVE
J0251-SKD-L,J0251,7.0,KURTA SET,L,MUSTARD
J0251-SKD-M,J0251,4.0,KURTA SET,M,MUSTARD
J0251-SKD-S,J0251,23.0,KURTA SET,S,MUSTARD
J0251-SKD-XL,J0251,7.0,KURTA SET,XL,MUSTARD
J0251-SKD-XS,J0251,42.0,KURTA SET,XS,MUSTARD
J0251-SKD-XXL,J0251,23.0,KURTA SET,XXL,MUSTARD
J0251-SKD-XXXL,J0251,35.0,KURTA SET,XXXL,MUSTARD
J0252-SKD-L,J0252,1.0,KURTA SET,L,ORANGE
J0252-SKD-M,J0252,2.0,KURTA SET,M,ORANGE
J0252-SKD-S,J0252,2.0,KURTA SET,S,ORANGE
J0252-SKD-XL,J0252,2.0,KURTA SET,XL,ORANGE
J0252-SKD-XS,J0252,9.0,KURTA SET,XS,ORANGE
J0252-SKD-XXL,J0252,6.0,KURTA SET,XXL,ORANGE
J0252-SKD-XXXL,J0252,6.0,KURTA SET,XXXL,ORANGE
J0254-SKD-L,J0254,5.0,KURTA SET,L,WINE
J0254-SKD-M,J0254,6.0,KURTA SET,M,WINE
J0254-SKD-S,J0254,15.0,KURTA SET,S,WINE
J0254-SKD-XL,J0254,10.0,KURTA SET,XL,WINE
J0254-SKD-XS,J0254,21.0,KURTA SET,XS,WINE
J0254-SKD-XXL,J0254,20.0,KURTA SET,XXL,WINE
J0254-SKD-XXXL,J0254,6.0,KURTA SET,XXXL,WINE
J0259-KR-L,J0259,0.0,KURTA,L,GREEN
J0259-KR-M,J0259,2.0,KURTA,M,GREEN
J0259-KR-S,J0259,1.0,KURTA,S,GREEN
J0259-KR-XL,J0259,1.0,KURTA,XL,GREEN
J0260-KR-L,J0260,1.0,KURTA,L,GREEN
J0260-KR-M,J0260,1.0,KURTA,M,GREEN
J0260-KR-S,J0260,1.0,KURTA,S,GREEN
J0260-KR-XL,J0260,0.0,KURTA,XL,GREEN
J0260-KR-XXL,J0260,0.0,KURTA,XXL,GREEN
J0261-KR-L,J0261,1.0,KURTA,L,BLACK
J0261-KR-M,J0261,1.0,KURTA,M,BLACK
J0261-KR-S,J0261,0.0,KURTA,S,BLACK
J0261-KR-XL,J0261,2.0,KURTA,XL,BLACK
J0261-KR-XXL,J0261,1.0,KURTA,XXL,BLACK
J0262-KR-L,J0262,2.0,KURTA,L,GREY
J0262-KR-M,J0262,0.0,KURTA,M,GREY
J0262-KR-S,J0262,2.0,KURTA,S,GREY
J0262-KR-XL,J0262,1.0,KURTA,XL,GREY
J0262-KR-XXL,J0262,2.0,KURTA,XXL,GREY
J0263-KR-L,J0263,0.0,KURTA,L,MAROON
J0263-KR-M,J0263,0.0,KURTA,M,MAROON
J0263-KR-S,J0263,4.0,KURTA,S,MAROON
J0263-KR-XL,J0263,2.0,KURTA,XL,MAROON
J0263-KR-XXL,J0263,1.0,KURTA,XXL,MAROON
J0264-KR-L,J0264,0.0,KURTA,L,PINK
J0264-KR-M,J0264,2.0,KURTA,M,PINK
J0264-KR-S,J0264,2.0,KURTA,S,PINK
J0264-KR-XL,J0264,1.0,KURTA,XL,PINK
J0264-KR-XXL,J0264,0.0,KURTA,XXL,PINK
J0265-KR-L,J0265,1.0,KURTA,L,BLUE
J0265-KR-M,J0265,2.0,KURTA,M,BLUE
J0265-KR-S,J0265,1.0,KURTA,S,BLUE
J0265-KR-XL,J0265,3.0,KURTA,XL,BLUE
J0265-KR-XXL,J0265,0.0,KURTA,XXL,BLUE
J0277-SKD-L,J0277,6.0,KURTA SET,L,GOLD
J0277-SKD-M,J0277,31.0,KURTA SET,M,GOLD
J0277-SKD-S,J0277,78.0,KURTA SET,S,GOLD
J0277-SKD-XL,J0277,9.0,KURTA SET,XL,GOLD
J0277-SKD-XS,J0277,72.0,KURTA SET,XS,GOLD
J0277-SKD-XXL,J0277,57.0,KURTA SET,XXL,GOLD
J0277-SKD-XXXL,J0277,52.0,KURTA SET,XXXL,GOLD
J0278-SET-L,J0278,1.0,KURTA SET,L,PEACH
J0278-SET-M,J0278,1.0,KURTA SET,M,PEACH
J0278-SET-S,J0278,9.0,KURTA SET,S,PEACH
J0278-SET-XL,J0278,1.0,KURTA SET,XL,PEACH
J0278-SET-XS,J0278,26.0,KURTA SET,XS,PEACH
J0278-SET-XXL,J0278,5.0,KURTA SET,XXL,PEACH
J0278-SET-XXXL,J0278,9.0,KURTA SET,XXXL,PEACH
J0279-SET-L,J0279,8.0,KURTA SET,L,LIGHT GREEN
J0279-SET-M,J0279,15.0,KURTA SET,M,LIGHT GREEN
J0279-SET-S,J0279,42.0,KURTA SET,S,LIGHT GREEN
J0279-SET-XL,J0279,13.0,KURTA SET,XL,LIGHT GREEN
J0279-SET-XS,J0279,29.0,KURTA SET,XS,LIGHT GREEN
J0279-SET-XXL,J0279,32.0,KURTA SET,XXL,LIGHT GREEN
J0279-SET-XXXL,J0279,55.0,KURTA SET,XXXL,LIGHT GREEN
J0280-SKD-L,J0280,119.0,KURTA SET,L,PEACH
J0280-SKD-M,J0280,178.0,KURTA SET,M,PEACH
J0280-SKD-S,J0280,207.0,KURTA SET,S,PEACH
J0280-SKD-XL,J0280,103.0,KURTA SET,XL,PEACH
J0280-SKD-XS,J0280,144.0,KURTA SET,XS,PEACH
J0280-SKD-XXL,J0280,71.0,KURTA SET,XXL,PEACH
J0280-SKD-XXXL,J0280,34.0,KURTA SET,XXXL,PEACH
J0281-SKD-L,J0281,86.0,KURTA SET,L,LIGHT BROWN
J0281-SKD-M,J0281,164.0,KURTA SET,M,LIGHT BROWN
J0281-SKD-S,J0281,155.0,KURTA SET,S,LIGHT BROWN
J0281-SKD-XL,J0281,46.0,KURTA SET,XL,LIGHT BROWN
J0281-SKD-XS,J0281,97.0,KURTA SET,XS,LIGHT BROWN
J0281-SKD-XXL,J0281,14.0,KURTA SET,XXL,LIGHT BROWN
J0281-SKD-XXXL,J0281,52.0,KURTA SET,XXXL,LIGHT BROWN
J0282-SET-L,J0282,57.0,KURTA SET,L,PINK
J0282-SET-M,J0282,56.0,KURTA SET,M,PINK
J0282-SET-S,J0282,40.0,KURTA SET,S,PINK
J0282-SET-XL,J0282,13.0,KURTA SET,XL,PINK
J0282-SET-XS,J0282,30.0,KURTA SET,XS,PINK
J0282-SET-XXL,J0282,22.0,KURTA SET,XXL,PINK
J0282-SET-XXXL,J0282,27.0,KURTA SET,XXXL,PINK
J0283-SET-L,J0283,10.0,KURTA SET,L,GREY
J0283-SET-M,J0283,7.0,KURTA SET,M,GREY
J0283-SET-S,J0283,45.0,KURTA SET,S,GREY
J0283-SET-XL,J0283,4.0,KURTA SET,XL,GREY
J0283-SET-XS,J0283,23.0,KURTA SET,XS,GREY
J0283-SET-XXL,J0283,5.0,KURTA SET,XXL,GREY
J0283-SET-XXXL,J0283,2.0,KURTA SET,XXXL,GREY
J0284-SKD-L,J0284,2.0,KURTA SET,L,SKY BLUE
J0284-SKD-M,J0284,2.0,KURTA SET,M,SKY BLUE
J0284-SKD-S,J0284,5.0,KURTA SET,S,SKY BLUE
J0284-SKD-XL,J0284,1.0,KURTA SET,XL,SKY BLUE
J0284-SKD-XS,J0284,1.0,KURTA SET,XS,SKY BLUE
J0284-SKD-XXL,J0284,1.0,KURTA SET,XXL,SKY BLUE
J0284-SKD-XXXL,J0284,3.0,KURTA SET,XXXL,SKY BLUE
J0285-SKD-L,J0285,80.0,KURTA SET,L,GREY
J0285-SKD-M,J0285,79.0,KURTA SET,M,GREY
J0285-SKD-S,J0285,111.0,KURTA SET,S,GREY
J0285-SKD-XL,J0285,86.0,KURTA SET,XL,GREY
J0285-SKD-XS,J0285,80.0,KURTA SET,XS,GREY
J0285-SKD-XXL,J0285,10.0,KURTA SET,XXL,GREY
J0285-SKD-XXXL,J0285,38.0,KURTA SET,XXXL,GREY
J0286-KR-L,J0286,3.0,KURTA,L,BEIGE
J0286-KR-M,J0286,3.0,KURTA,M,BEIGE
J0286-KR-S,J0286,2.0,KURTA,S,BEIGE
J0286-KR-XL,J0286,2.0,KURTA,XL,BEIGE
J0286-KR-XXL,J0286,3.0,KURTA,XXL,BEIGE
J0287-KR-L,J0287,2.0,KURTA,L,BLACK
J0287-KR-M,J0287,0.0,KURTA,M,BLACK
J0287-KR-S,J0287,1.0,KURTA,S,BLACK
J0287-KR-XL,J0287,1.0,KURTA,XL,BLACK
J0287-KR-XXL,J0287,2.0,KURTA,XXL,BLACK
J0288-KR-L,J0288,2.0,KURTA,L,GREY
J0288-KR-M,J0288,3.0,KURTA,M,GREY
J0288-KR-S,J0288,2.0,KURTA,S,GREY
J0288-KR-XL,J0288,1.0,KURTA,XL,GREY
J0288-KR-XXL,J0288,2.0,KURTA,XXL,GREY
J0289-KR-L,J0289,1.0,KURTA,L,BLACK
J0289-KR-M,J0289,2.0,KURTA,M,BLACK
J0289-KR-S,J0289,5.0,KURTA,S,BLACK
J0289-KR-XL,J0289,2.0,KURTA,XL,BLACK
J0289-KR-XXL,J0289,1.0,KURTA,XXL,BLACK
J0290-CD-L,J0290,4.0,CARDIGAN,L,MUSTARD
J0290-CD-M,J0290,4.0,CARDIGAN,M,MUSTARD
J0290-CD-S,J0290,6.0,CARDIGAN,S,MUSTARD
J0290-CD-XL,J0290,11.0,CARDIGAN,XL,MUSTARD
J0290-CD-XXL,J0290,3.0,CARDIGAN,XXL,MUSTARD
,J0290,0.0,CARDIGAN,XXXL,MUSTARD
J0291-JS-L,J0291,6.0,JUMPSUIT,L,WHITE
J0291-JS-M,J0291,2.0,JUMPSUIT,M,WHITE
J0291-JS-S,J0291,4.0,JUMPSUIT,S,WHITE
J0291-JS-XL,J0291,3.0,JUMPSUIT,XL,WHITE
J0291-JS-XS,J0291,3.0,JUMPSUIT,XS,WHITE
J0291-JS-XXL,J0291,11.0,JUMPSUIT,XXL,WHITE
J0291-JS-XXXL,J0291,4.0,JUMPSUIT,XXXL,WHITE
J0292-TP-L,J0292,2.0,TOP,L,OFF WHITE
J0292-TP-M,J0292,0.0,TOP,M,OFF WHITE
J0292-TP-S,J0292,3.0,TOP,S,OFF WHITE
J0292-TP-XL,J0292,3.0,TOP,XL,OFF WHITE
J0292-TP-XS,J0292,5.0,TOP,XS,OFF WHITE
J0292-TP-XXL,J0292,3.0,TOP,XXL,OFF WHITE
J0292-TP-XXXL,J0292,2.0,TOP,XXXL,OFF WHITE
J0293-DR-L,J0293,3.0,DRESS,L,WHITE
J0293-DR-M,J0293,1.0,DRESS,M,WHITE
J0293-DR-S,J0293,4.0,DRESS,S,WHITE
J0293-DR-XL,J0293,2.0,DRESS,XL,WHITE
J0293-DR-XS,J0293,4.0,DRESS,XS,WHITE
J0293-DR-XXL,J0293,1.0,DRESS,XXL,WHITE
J0293-DR-XXXL,J0293,2.0,DRESS,XXXL,WHITE
J0294-TP-L,J0294,2.0,TOP,L,OFF WHITE
J0294-TP-M,J0294,2.0,TOP,M,OFF WHITE
J0294-TP-S,J0294,2.0,TOP,S,OFF WHITE
J0294-TP-XL,J0294,4.0,TOP,XL,OFF WHITE
J0294-TP-XS,J0294,6.0,TOP,XS,OFF WHITE
J0294-TP-XXL,J0294,2.0,TOP,XXL,OFF WHITE
J0294-TP-XXXL,J0294,5.0,TOP,XXXL,OFF WHITE
J0295-DR-L,J0295,2.0,DRESS,L,BLACK
J0295-DR-M,J0295,7.0,DRESS,M,BLACK
J0295-DR-S,J0295,3.0,DRESS,S,BLACK
J0295-DR-XL,J0295,3.0,DRESS,XL,BLACK
J0295-DR-XS,J0295,5.0,DRESS,XS,BLACK
J0295-DR-XXL,J0295,4.0,DRESS,XXL,BLACK
J0295-DR-XXXL,J0295,4.0,DRESS,XXXL,BLACK
J0296-DR-L,J0296,2.0,DRESS,L,OFF WHITE
J0296-DR-M,J0296,2.0,DRESS,M,OFF WHITE
J0296-DR-S,J0296,1.0,DRESS,S,OFF WHITE
J0296-DR-XL,J0296,1.0,DRESS,XL,OFF WHITE
J0296-DR-XS,J0296,6.0,DRESS,XS,OFF WHITE
J0296-DR-XXL,J0296,2.0,DRESS,XXL,OFF WHITE
J0296-DR-XXXL,J0296,2.0,DRESS,XXXL,OFF WHITE
J0297-TP-L,J0297,1.0,TOP,L,WHITE
J0297-TP-M,J0297,60.0,TOP,M,WHITE
J0297-TP-S,J0297,71.0,TOP,S,WHITE
J0297-TP-XL,J0297,45.0,TOP,XL,WHITE
J0297-TP-XS,J0297,50.0,TOP,XS,WHITE
J0297-TP-XXL,J0297,40.0,TOP,XXL,WHITE
J0297-TP-XXXL,J0297,36.0,TOP,XXXL,WHITE
J0298-DR-L,J0298,2.0,KURTA,L,MULTICOLOR
J0298-DR-M,J0298,2.0,KURTA,M,MULTICOLOR
J0298-DR-S,J0298,2.0,KURTA,S,MULTICOLOR
J0298-DR-XL,J0298,1.0,KURTA,XL,MULTICOLOR
J0298-DR-XS,J0298,1.0,KURTA,XS,MULTICOLOR
J0298-DR-XXL,J0298,2.0,KURTA,XXL,MULTICOLOR
J0298-DR-XXXL,J0298,2.0,KURTA,XXXL,MULTICOLOR
J0299-KR-L,J0299,3.0,KURTA,L,CREAM
J0299-KR-M,J0299,6.0,KURTA,M,CREAM
J0299-KR-S,J0299,2.0,KURTA,S,CREAM
J0299-KR-XL,J0299,2.0,KURTA,XL,CREAM
J0299-KR-XS,J0299,3.0,KURTA,XS,CREAM
J0299-KR-XXL,J0299,4.0,KURTA,XXL,CREAM
J0299-KR-XXXL,J0299,3.0,KURTA,XXXL,CREAM
J0300-TP-L,J0300,4.0,TOP,L,CREAM
J0300-TP-M,J0300,0.0,TOP,M,CREAM
J0300-TP-S,J0300,0.0,TOP,S,CREAM
J0300-TP-XL,J0300,3.0,TOP,XL,CREAM
J0300-TP-XS,J0300,1.0,TOP,XS,CREAM
J0300-TP-XXL,J0300,2.0,TOP,XXL,CREAM
J0300-TP-XXXL,J0300,1.0,TOP,XXXL,CREAM
J0301-TP-L,J0301,155.0,TOP,L,RED
J0301-TP-M,J0301,240.0,TOP,M,RED
J0301-TP-S,J0301,145.0,TOP,S,RED
J0301-TP-XL,J0301,150.0,TOP,XL,RED
J0301-TP-XS,J0301,95.0,TOP,XS,RED
J0301-TP-XXL,J0301,148.0,TOP,XXL,RED
J0301-TP-XXXL,J0301,180.0,TOP,XXXL,RED
J0302-DR-L,J0302,2.0,DRESS,L,GREY
J0302-DR-M,J0302,2.0,DRESS,M,GREY
J0302-DR-S,J0302,2.0,DRESS,S,GREY
J0302-DR-XL,J0302,2.0,DRESS,XL,GREY
J0302-DR-XS,J0302,1.0,DRESS,XS,GREY
J0302-DR-XXL,J0302,3.0,DRESS,XXL,GREY
J0302-DR-XXXL,J0302,2.0,DRESS,XXXL,GREY
J0303-KR-L,J0303,0.0,KURTA,L,GREY
J0303-KR-M,J0303,2.0,KURTA,M,GREY
J0303-KR-S,J0303,0.0,KURTA,S,GREY
J0303-KR-XL,J0303,0.0,KURTA,XL,GREY
J0303-KR-XS,J0303,2.0,KURTA,XS,GREY
J0303-KR-XXL,J0303,0.0,KURTA,XXL,GREY
J0303-KR-XXXL,J0303,0.0,KURTA,XXXL,GREY
J0304-TP-L,J0304,1.0,TOP,L,YELLOW
J0304-TP-M,J0304,0.0,TOP,M,YELLOW
J0304-TP-S,J0304,1.0,TOP,S,YELLOW
J0304-TP-XL,J0304,2.0,TOP,XL,YELLOW
J0304-TP-XS,J0304,1.0,TOP,XS,YELLOW
J0304-TP-XXL,J0304,4.0,TOP,XXL,YELLOW
J0304-TP-XXXL,J0304,2.0,TOP,XXXL,YELLOW
J0305-DR-L,J0305,1.0,DRESS,L,YELLOW
J0305-DR-M,J0305,2.0,DRESS,M,YELLOW
J0305-DR-S,J0305,3.0,DRESS,S,YELLOW
J0305-DR-XL,J0305,2.0,DRESS,XL,YELLOW
J0305-DR-XS,J0305,2.0,DRESS,XS,YELLOW
J0305-DR-XXL,J0305,3.0,DRESS,XXL,YELLOW
J0305-DR-XXXL,J0305,0.0,DRESS,XXXL,YELLOW
J0306-DR-L,J0306,3.0,DRESS,L,RED
J0306-DR-M,J0306,5.0,DRESS,M,RED
J0306-DR-S,J0306,15.0,DRESS,S,RED
J0306-DR-XL,J0306,5.0,DRESS,XL,RED
J0306-DR-XS,J0306,22.0,DRESS,XS,RED
J0306-DR-XXL,J0306,4.0,DRESS,XXL,RED
J0306-DR-XXXL,J0306,7.0,DRESS,XXXL,RED
J0307-TP-L,J0307,5.0,TOP,L,MULTICOLOR
J0307-TP-M,J0307,1.0,TOP,M,MULTICOLOR
J0307-TP-S,J0307,4.0,TOP,S,MULTICOLOR
J0307-TP-XL,J0307,3.0,TOP,XL,MULTICOLOR
J0307-TP-XS,J0307,2.0,TOP,XS,MULTICOLOR
J0307-TP-XXL,J0307,2.0,TOP,XXL,MULTICOLOR
J0307-TP-XXXL,J0307,8.0,TOP,XXXL,MULTICOLOR
J0308-DR-L,J0308,2.0,DRESS,L,MULTICOLOR
J0308-DR-M,J0308,4.0,DRESS,M,MULTICOLOR
J0308-DR-S,J0308,3.0,DRESS,S,MULTICOLOR
J0308-DR-XL,J0308,2.0,DRESS,XL,MULTICOLOR
J0308-DR-XS,J0308,35.0,DRESS,XS,MULTICOLOR
J0308-DR-XXL,J0308,2.0,DRESS,XXL,MULTICOLOR
J0308-DR-XXXL,J0308,2.0,DRESS,XXXL,MULTICOLOR
J0310-TP-L,J0310,2.0,TOP,L,MULTICOLOR
J0310-TP-M,J0310,4.0,TOP,M,MULTICOLOR
J0310-TP-S,J0310,14.0,TOP,S,MULTICOLOR
J0310-TP-XL,J0310,3.0,TOP,XL,MULTICOLOR
J0310-TP-XS,J0310,21.0,TOP,XS,MULTICOLOR
J0310-TP-XXL,J0310,4.0,TOP,XXL,MULTICOLOR
J0310-TP-XXXL,J0310,3.0,TOP,XXXL,MULTICOLOR
J0312-KR-L,J0312,4.0,KURTA,L,MULTICOLOR
J0312-KR-M,J0312,2.0,KURTA,M,MULTICOLOR
J0312-KR-S,J0312,3.0,KURTA,S,MULTICOLOR
J0312-KR-XL,J0312,2.0,KURTA,XL,MULTICOLOR
J0312-KR-XXL,J0312,2.0,KURTA,XXL,MULTICOLOR
J0312-KR-XXXL,J0312,2.0,KURTA,XXXL,MULTICOLOR
J0314-KR-L,J0314,5.0,KURTA,L,MULTICOLOR
J0314-KR-M,J0314,3.0,KURTA,M,MULTICOLOR
J0314-KR-S,J0314,3.0,KURTA,S,MULTICOLOR
J0314-KR-XL,J0314,4.0,KURTA,XL,MULTICOLOR
J0314-KR-XXL,J0314,3.0,KURTA,XXL,MULTICOLOR
J0315-KR-L,J0315,2.0,KURTA,L,GREY
J0315-KR-M,J0315,2.0,KURTA,M,GREY
J0315-KR-S,J0315,1.0,KURTA,S,GREY
J0315-KR-XL,J0315,3.0,KURTA,XL,GREY
J0315-KR-XXL,J0315,6.0,KURTA,XXL,GREY
J0317-KR-L,J0317,2.0,KURTA,L,RED
J0317-KR-M,J0317,2.0,KURTA,M,RED
J0317-KR-S,J0317,3.0,KURTA,S,RED
J0317-KR-XL,J0317,6.0,KURTA,XL,RED
J0317-KR-XXL,J0317,3.0,KURTA,XXL,RED
J0317-KR-XXXL,J0317,1.0,KURTA,XXXL,RED
J0318-KR-L,J0318,1.0,KURTA,L,BLACK
J0318-KR-M,J0318,0.0,KURTA,M,BLACK
J0318-KR-S,J0318,1.0,KURTA,S,BLACK
J0318-KR-XL,J0318,1.0,KURTA,XL,BLACK
J0318-KR-XXL,J0318,2.0,KURTA,XXL,BLACK
J0318-KR-XXXL,J0318,1.0,KURTA,XXXL,BLACK
J0319-KR-L,J0319,3.0,KURTA,L,YELLOW
J0319-KR-M,J0319,2.0,KURTA,M,YELLOW
J0319-KR-S,J0319,2.0,KURTA,S,YELLOW
J0319-KR-XL,J0319,2.0,KURTA,XL,YELLOW
J0319-KR-XXL,J0319,3.0,KURTA,XXL,YELLOW
J0320-KR-L,J0320,4.0,KURTA,L,BLACK
J0320-KR-M,J0320,2.0,KURTA,M,BLACK
J0320-KR-S,J0320,2.0,KURTA,S,BLACK
J0320-KR-XL,J0320,1.0,KURTA,XL,BLACK
J0320-KR-XXL,J0320,2.0,KURTA,XXL,BLACK
J0321-KR-L,J0321,2.0,KURTA,L,GREY
J0321-KR-M,J0321,2.0,KURTA,M,GREY
J0321-KR-S,J0321,2.0,KURTA,S,GREY
J0321-KR-XL,J0321,1.0,KURTA,XL,GREY
J0321-KR-XXL,J0321,2.0,KURTA,XXL,GREY
J0321-KR-XXXL,J0321,1.0,KURTA,XXXL,GREY
J0322-KR-L,J0322,2.0,KURTA,L,BLACK
J0322-KR-M,J0322,2.0,KURTA,M,BLACK
J0322-KR-S,J0322,2.0,KURTA,S,BLACK
J0322-KR-XL,J0322,0.0,KURTA,XL,BLACK
J0322-KR-XXL,J0322,4.0,KURTA,XXL,BLACK
J0323-CD-L,J0323,2.0,CARDIGAN,L,CREAM
J0323-CD-M,J0323,5.0,CARDIGAN,M,CREAM
J0323-CD-S,J0323,4.0,CARDIGAN,S,CREAM
J0323-CD-XL,J0323,3.0,CARDIGAN,XL,CREAM
J0323-CD-XXL,J0323,2.0,CARDIGAN,XXL,CREAM
J0324-CD-L,J0324,4.0,CARDIGAN,L,BLUE
J0324-CD-M,J0324,2.0,CARDIGAN,M,BLUE
J0324-CD-S,J0324,3.0,CARDIGAN,S,BLUE
J0324-CD-XL,J0324,2.0,CARDIGAN,XL,BLUE
J0324-CD-XXL,J0324,2.0,CARDIGAN,XXL,BLUE
J0324-CD-XXXL,J0324,1.0,CARDIGAN,XXXL,BLUE
J0328-KR-L,J0328,0.0,KURTA,L,WHITE
J0328-KR-M,J0328,0.0,KURTA,M,WHITE
J0328-KR-S,J0328,0.0,KURTA,S,WHITE
J0328-KR-XL,J0328,0.0,KURTA,XL,WHITE
J0328-KR-XS,J0328,1.0,KURTA,XS,WHITE
J0328-KR-XXL,J0328,0.0,KURTA,XXL,WHITE
J0328-KR-XXXL,J0328,0.0,KURTA,XXXL,WHITE
J0329-KR-L,J0329,0.0,KURTA,L,YELLOW
J0329-KR-M,J0329,0.0,KURTA,M,YELLOW
J0329-KR-S,J0329,2.0,KURTA,S,YELLOW
J0329-KR-XL,J0329,26.0,KURTA,XL,YELLOW
J0329-KR-XS,J0329,24.0,KURTA,XS,YELLOW
J0329-KR-XXL,J0329,6.0,KURTA,XXL,YELLOW
J0329-KR-XXXL,J0329,7.0,KURTA,XXXL,YELLOW
J0330-KR-L,J0330,6.0,KURTA,L,BLUE
J0330-KR-M,J0330,8.0,KURTA,M,BLUE
J0330-KR-S,J0330,6.0,KURTA,S,BLUE
J0330-KR-XL,J0330,3.0,KURTA,XL,BLUE
J0330-KR-XS,J0330,5.0,KURTA,XS,BLUE
J0330-KR-XXL,J0330,24.0,KURTA,XXL,BLUE
J0330-KR-XXXL,J0330,23.0,KURTA,XXXL,BLUE
J0331-KR-L,J0331,57.0,KURTA,L,PURPLE
J0331-KR-M,J0331,64.0,KURTA,M,PURPLE
J0331-KR-S,J0331,50.0,KURTA,S,PURPLE
J0331-KR-XL,J0331,51.0,KURTA,XL,PURPLE
J0331-KR-XS,J0331,52.0,KURTA,XS,PURPLE
J0331-KR-XXL,J0331,60.0,KURTA,XXL,PURPLE
J0331-KR-XXXL,J0331,27.0,KURTA,XXXL,PURPLE
J0332-DR-L,J0332,0.0,DRESS,L,PINK
J0332-DR-M,J0332,3.0,DRESS,M,PINK
J0332-DR-S,J0332,2.0,DRESS,S,PINK
J0332-DR-XL,J0332,3.0,DRESS,XL,PINK
J0332-DR-XS,J0332,1.0,DRESS,XS,PINK
J0332-DR-XXL,J0332,4.0,DRESS,XXL,PINK
J0332-DR-XXXL,J0332,2.0,DRESS,XXXL,PINK
J0333-DR-L,J0333,28.0,DRESS,L,BLUE
J0333-DR-M,J0333,29.0,DRESS,M,BLUE
J0333-DR-S,J0333,5.0,DRESS,S,BLUE
J0333-DR-XL,J0333,78.0,DRESS,XL,BLUE
J0333-DR-XS,J0333,42.0,DRESS,XS,BLUE
J0333-DR-XXL,J0333,65.0,DRESS,XXL,BLUE
J0333-DR-XXXL,J0333,36.0,DRESS,XXXL,BLUE
J0334-TP-L,J0334,22.0,TOP,L,ORANGE
J0334-TP-M,J0334,22.0,TOP,M,ORANGE
J0334-TP-S,J0334,5.0,TOP,S,ORANGE
J0334-TP-XL,J0334,2.0,TOP,XL,ORANGE
J0334-TP-XS,J0334,44.0,TOP,XS,ORANGE
J0334-TP-XXL,J0334,15.0,TOP,XXL,ORANGE
J0334-TP-XXXL,J0334,42.0,TOP,XXXL,ORANGE
J0335-DR-L,J0335,11.0,DRESS,L,ORANGE
J0335-DR-M,J0335,13.0,DRESS,M,ORANGE
J0335-DR-S,J0335,28.0,DRESS,S,ORANGE
J0335-DR-XL,J0335,13.0,DRESS,XL,ORANGE
J0335-DR-XS,J0335,122.0,DRESS,XS,ORANGE
J0335-DR-XXL,J0335,3.0,DRESS,XXL,ORANGE
J0335-DR-XXXL,J0335,6.0,DRESS,XXXL,ORANGE
J0336-TP-L,J0336,26.0,TOP,L,BLUE
J0336-TP-M,J0336,41.0,TOP,M,BLUE
J0336-TP-S,J0336,54.0,TOP,S,BLUE
J0336-TP-XL,J0336,50.0,TOP,XL,BLUE
J0336-TP-XS,J0336,27.0,TOP,XS,BLUE
J0336-TP-XXL,J0336,63.0,TOP,XXL,BLUE
J0336-TP-XXXL,J0336,48.0,TOP,XXXL,BLUE
J0337-TP-L,J0337,60.0,TOP,L,MUSTARD
J0337-TP-M,J0337,69.0,TOP,M,MUSTARD
J0337-TP-S,J0337,58.0,TOP,S,MUSTARD
J0337-TP-XL,J0337,75.0,TOP,XL,MUSTARD
J0337-TP-XS,J0337,21.0,TOP,XS,MUSTARD
J0337-TP-XXL,J0337,46.0,TOP,XXL,MUSTARD
J0337-TP-XXXL,J0337,15.0,TOP,XXXL,MUSTARD
J0338-DR-L,J0338,145.0,DRESS,L,MUSTARD
J0338-DR-M,J0338,224.0,DRESS,M,MUSTARD
J0338-DR-S,J0338,245.0,DRESS,S,MUSTARD
J0338-DR-XL,J0338,116.0,DRESS,XL,MUSTARD
J0338-DR-XS,J0338,146.0,DRESS,XS,MUSTARD
J0338-DR-XXL,J0338,37.0,DRESS,XXL,MUSTARD
J0338-DR-XXXL,J0338,52.0,DRESS,XXXL,MUSTARD
J0339-DR-L,J0339,5.0,DRESS,L,GREEN
J0339-DR-M,J0339,12.0,DRESS,M,GREEN
J0339-DR-S,J0339,100.0,DRESS,S,GREEN
J0339-DR-XL,J0339,17.0,DRESS,XL,GREEN
J0339-DR-XS,J0339,46.0,DRESS,XS,GREEN
J0339-DR-XXL,J0339,20.0,DRESS,XXL,GREEN
J0339-DR-XXXL,J0339,10.0,DRESS,XXXL,GREEN
J0340-TP-L,J0340,86.0,TOP,L,GREEN
J0340-TP-M,J0340,40.0,TOP,M,GREEN
J0340-TP-S,J0340,12.0,TOP,S,GREEN
J0340-TP-XL,J0340,21.0,TOP,XL,GREEN
J0340-TP-XS,J0340,49.0,TOP,XS,GREEN
J0340-TP-XXL,J0340,24.0,TOP,XXL,GREEN
J0340-TP-XXXL,J0340,18.0,TOP,XXXL,GREEN
J0341-DR-L,J0341,193.0,DRESS,L,BLUE
J0341-DR-M,J0341,198.0,DRESS,M,BLUE
J0341-DR-S,J0341,441.0,DRESS,S,BLUE
J0341-DR-XL,J0341,31.0,DRESS,XL,BLUE
J0341-DR-XS,J0341,77.0,DRESS,XS,BLUE
J0341-DR-XXL,J0341,166.0,DRESS,XXL,BLUE
J0341-DR-XXXL,J0341,329.0,DRESS,XXXL,BLUE
,J0342,0.0,TOP,FREE,BLUE
J0342-TP-L,J0342,70.0,TOP,L,BLUE
J0342-TP-M,J0342,182.0,TOP,M,BLUE
J0342-TP-S,J0342,151.0,TOP,S,BLUE
J0342-TP-XL,J0342,92.0,TOP,XL,BLUE
J0342-TP-XS,J0342,116.0,TOP,XS,BLUE
J0342-TP-XXL,J0342,61.0,TOP,XXL,BLUE
J0342-TP-XXXL,J0342,49.0,TOP,XXXL,BLUE
J0343-DR-L,J0343,83.0,DRESS,L,NAVY BLUE
J0343-DR-M,J0343,153.0,DRESS,M,NAVY BLUE
J0343-DR-S,J0343,108.0,DRESS,S,NAVY BLUE
J0343-DR-XL,J0343,74.0,DRESS,XL,NAVY BLUE
J0343-DR-XS,J0343,131.0,DRESS,XS,NAVY BLUE
J0343-DR-XXL,J0343,49.0,DRESS,XXL,NAVY BLUE
J0343-DR-XXXL,J0343,7.0,DRESS,XXXL,NAVY BLUE
J0344-TP-L,J0344,234.0,TOP,L,NAVY BLUE
J0344-TP-M,J0344,154.0,TOP,M,NAVY BLUE
J0344-TP-S,J0344,139.0,TOP,S,NAVY BLUE
J0344-TP-XL,J0344,145.0,TOP,XL,NAVY BLUE
J0344-TP-XS,J0344,131.0,TOP,XS,NAVY BLUE
J0344-TP-XXL,J0344,177.0,TOP,XXL,NAVY BLUE
J0344-TP-XXXL,J0344,157.0,TOP,XXXL,NAVY BLUE
J0345-SET-L,J0345,4.0,SET,L,CREAM
J0345-SET-M,J0345,1.0,SET,M,CREAM
J0345-SET-S,J0345,2.0,SET,S,CREAM
J0345-SET-XL,J0345,8.0,SET,XL,CREAM
J0345-SET-XS,J0345,0.0,SET,XS,CREAM
J0345-SET-XXL,J0345,25.0,SET,XXL,CREAM
J0345-SET-XXXL,J0345,32.0,SET,XXXL,CREAM
J0346-SET-L,J0346,6.0,SET,L,CREAM
J0346-SET-M,J0346,2.0,SET,M,CREAM
J0346-SET-S,J0346,2.0,SET,S,CREAM
J0346-SET-XL,J0346,5.0,SET,XL,CREAM
J0346-SET-XS,J0346,3.0,SET,XS,CREAM
J0346-SET-XXL,J0346,28.0,SET,XXL,CREAM
J0346-SET-XXXL,J0346,29.0,SET,XXXL,CREAM
J0347-SET-L,J0347,1.0,SET,L,BLACK
J0347-SET-M,J0347,1.0,SET,M,BLACK
J0347-SET-S,J0347,2.0,SET,S,BLACK
J0347-SET-XL,J0347,6.0,SET,XL,BLACK
J0347-SET-XS,J0347,3.0,SET,XS,BLACK
J0347-SET-XXL,J0347,11.0,SET,XXL,BLACK
J0347-SET-XXXL,J0347,26.0,SET,XXXL,BLACK
J0348-SET-L,J0348,7.0,SET,L,MUSTARD
J0348-SET-M,J0348,4.0,SET,M,MUSTARD
J0348-SET-S,J0348,4.0,SET,S,MUSTARD
J0348-SET-XL,J0348,28.0,SET,XL,MUSTARD
J0348-SET-XS,J0348,4.0,SET,XS,MUSTARD
J0348-SET-XXL,J0348,45.0,SET,XXL,MUSTARD
J0348-SET-XXXL,J0348,34.0,SET,XXXL,MUSTARD
J0349-SET-L,J0349,111.0,CROP TOP WITH PLAZZO,L,CREAM
J0349-SET-M,J0349,232.0,CROP TOP WITH PLAZZO,M,CREAM
J0349-SET-S,J0349,95.0,CROP TOP WITH PLAZZO,S,CREAM
J0349-SET-XL,J0349,64.0,CROP TOP WITH PLAZZO,XL,CREAM
J0349-SET-XS,J0349,77.0,CROP TOP WITH PLAZZO,XS,CREAM
J0349-SET-XXL,J0349,11.0,CROP TOP WITH PLAZZO,XXL,CREAM
J0349-SET-XXXL,J0349,27.0,CROP TOP WITH PLAZZO,XXXL,CREAM
J0350-SET-L,J0350,2.0,SET,L,CREAM
J0350-SET-M,J0350,2.0,SET,M,CREAM
J0350-SET-S,J0350,2.0,SET,S,CREAM
J0350-SET-XL,J0350,3.0,SET,XL,CREAM
J0350-SET-XS,J0350,1.0,SET,XS,CREAM
J0350-SET-XXL,J0350,15.0,SET,XXL,CREAM
J0350-SET-XXXL,J0350,10.0,SET,XXXL,CREAM
J0351-SET-L,J0351,24.0,SET,L,CREAM
J0351-SET-M,J0351,99.0,SET,M,CREAM
J0351-SET-S,J0351,30.0,SET,S,CREAM
J0351-SET-XL,J0351,13.0,SET,XL,CREAM
J0351-SET-XS,J0351,20.0,SET,XS,CREAM
J0351-SET-XXL,J0351,23.0,SET,XXL,CREAM
J0351-SET-XXXL,J0351,18.0,SET,XXXL,CREAM
J0352-KR-L,J0352,22.0,KURTA,L,GREEN
J0352-KR-M,J0352,54.0,KURTA,M,GREEN
J0352-KR-S,J0352,30.0,KURTA,S,GREEN
J0352-KR-XL,J0352,15.0,KURTA,XL,GREEN
J0352-KR-XXL,J0352,26.0,KURTA,XXL,GREEN
J0353-KR-L,J0353,85.0,KURTA,L,PEACH
J0353-KR-M,J0353,91.0,KURTA,M,PEACH
J0353-KR-S,J0353,129.0,KURTA,S,PEACH
J0353-KR-XL,J0353,35.0,KURTA,XL,PEACH
J0353-KR-XXL,J0353,9.0,KURTA,XXL,PEACH
J0354-KR-L,J0354,66.0,KURTA,L,PINK
J0354-KR-M,J0354,77.0,KURTA,M,PINK
J0354-KR-S,J0354,37.0,KURTA,S,PINK
J0354-KR-XL,J0354,81.0,KURTA,XL,PINK
J0354-KR-XXL,J0354,26.0,KURTA,XXL,PINK
J0354-KR-XXXL,J0354,1.0,KURTA,XXXL,PINK
J0355-KR-L,J0355,26.0,KURTA,L,BLUE
J0355-KR-M,J0355,33.0,KURTA,M,BLUE
J0355-KR-S,J0355,33.0,KURTA,S,BLUE
J0355-KR-XL,J0355,30.0,KURTA,XL,BLUE
J0355-KR-XXL,J0355,6.0,KURTA,XXL,BLUE
J0369-SKD-L,J0369,3.0,KURTA SET,L,GREY
J0369-SKD-M,J0369,5.0,KURTA SET,M,GREY
J0369-SKD-S,J0369,7.0,KURTA SET,S,GREY
J0369-SKD-XL,J0369,2.0,KURTA SET,XL,GREY
J0369-SKD-XS,J0369,37.0,KURTA SET,XS,GREY
J0369-SKD-XXL,J0369,33.0,KURTA SET,XXL,GREY
J0369-SKD-XXXL,J0369,23.0,KURTA SET,XXXL,GREY
J0370-SKD-L,J0370,32.0,KURTA SET,L,MAROON
J0370-SKD-M,J0370,45.0,KURTA SET,M,MAROON
J0370-SKD-S,J0370,37.0,KURTA SET,S,MAROON
J0370-SKD-XL,J0370,32.0,KURTA SET,XL,MAROON
J0370-SKD-XS,J0370,46.0,KURTA SET,XS,MAROON
J0370-SKD-XXL,J0370,55.0,KURTA SET,XXL,MAROON
J0370-SKD-XXXL,J0370,35.0,KURTA SET,XXXL,MAROON
J0371-SKD-L,J0371,3.0,KURTA SET,L,TEAL
J0371-SKD-M,J0371,2.0,KURTA SET,M,TEAL
J0371-SKD-S,J0371,2.0,KURTA SET,S,TEAL
J0371-SKD-XL,J0371,3.0,KURTA SET,XL,TEAL
J0371-SKD-XS,J0371,6.0,KURTA SET,XS,TEAL
J0371-SKD-XXL,J0371,11.0,KURTA SET,XXL,TEAL
J0371-SKD-XXXL,J0371,20.0,KURTA SET,XXXL,TEAL
J0372-SKD-L,J0372,31.0,KURTA SET,L,MUSTARD
J0372-SKD-M,J0372,25.0,KURTA SET,M,MUSTARD
J0372-SKD-S,J0372,39.0,KURTA SET,S,MUSTARD
J0372-SKD-XL,J0372,32.0,KURTA SET,XL,MUSTARD
J0372-SKD-XS,J0372,26.0,KURTA SET,XS,MUSTARD
J0372-SKD-XXL,J0372,22.0,KURTA SET,XXL,MUSTARD
J0372-SKD-XXXL,J0372,26.0,KURTA SET,XXXL,MUSTARD
J0373-KR-L,J0373,5.0,KURTA,L,ORANGE
J0373-KR-M,J0373,4.0,KURTA,M,ORANGE
J0373-KR-S,J0373,24.0,KURTA,S,ORANGE
J0373-KR-XL,J0373,3.0,KURTA,XL,ORANGE
J0373-KR-XS,J0373,41.0,KURTA,XS,ORANGE
J0373-KR-XXL,J0373,21.0,KURTA,XXL,ORANGE
J0373-KR-XXXL,J0373,8.0,KURTA,XXXL,ORANGE
J0374-KR-L,J0374,3.0,KURTA,L,GREEN
J0374-KR-M,J0374,2.0,KURTA,M,GREEN
J0374-KR-S,J0374,11.0,KURTA,S,GREEN
J0374-KR-XL,J0374,5.0,KURTA,XL,GREEN
J0374-KR-XS,J0374,23.0,KURTA,XS,GREEN
J0374-KR-XXL,J0374,5.0,KURTA,XXL,GREEN
J0374-KR-XXXL,J0374,7.0,KURTA,XXXL,GREEN
J0375-SKD-L,J0375,35.0,SET,L,CREAM
J0375-SKD-M,J0375,47.0,SET,M,CREAM
J0375-SKD-S,J0375,34.0,SET,S,CREAM
J0375-SKD-XL,J0375,22.0,SET,XL,CREAM
J0375-SKD-XS,J0375,37.0,SET,XS,CREAM
J0375-SKD-XXL,J0375,37.0,SET,XXL,CREAM
J0375-SKD-XXXL,J0375,19.0,SET,XXXL,CREAM
J0376-SKD-L,J0376,1.0,KURTA,L,PINK
J0376-SKD-M,J0376,0.0,KURTA,M,PINK
J0376-SKD-S,J0376,7.0,KURTA,S,PINK
J0376-SKD-XL,J0376,9.0,KURTA,XL,PINK
J0376-SKD-XS,J0376,5.0,KURTA,XS,PINK
J0376-SKD-XXL,J0376,3.0,KURTA,XXL,PINK
J0376-SKD-XXXL,J0376,2.0,KURTA,XXXL,PINK
J0377-SKD-L,J0377,7.0,SET,L,BEIGE
J0377-SKD-M,J0377,3.0,SET,M,BEIGE
J0377-SKD-S,J0377,23.0,SET,S,BEIGE
J0377-SKD-XL,J0377,0.0,SET,XL,BEIGE
J0377-SKD-XS,J0377,25.0,SET,XS,BEIGE
J0377-SKD-XXL,J0377,1.0,SET,XXL,BEIGE
J0377-SKD-XXXL,J0377,2.0,SET,XXXL,BEIGE
J0378-SKD-L,J0378,1.0,SET,L,GREEN
J0378-SKD-M,J0378,1.0,SET,M,GREEN
J0378-SKD-S,J0378,3.0,SET,S,GREEN
J0378-SKD-XL,J0378,2.0,SET,XL,GREEN
J0378-SKD-XS,J0378,3.0,SET,XS,GREEN
J0378-SKD-XXL,J0378,0.0,SET,XXL,GREEN
J0378-SKD-XXXL,J0378,2.0,SET,XXXL,GREEN
J0379-SKD-L,J0379,3.0,SET,L,GREEN
J0379-SKD-M,J0379,7.0,SET,M,GREEN
J0379-SKD-S,J0379,14.0,SET,S,GREEN
J0379-SKD-XL,J0379,12.0,SET,XL,GREEN
J0379-SKD-XS,J0379,19.0,SET,XS,GREEN
J0379-SKD-XXL,J0379,2.0,SET,XXL,GREEN
J0379-SKD-XXXL,J0379,24.0,SET,XXXL,GREEN
J0380-SKD-L,J0380,29.0,SET,L,PINK
J0380-SKD-M,J0380,16.0,SET,M,PINK
J0380-SKD-S,J0380,27.0,SET,S,PINK
J0380-SKD-XL,J0380,12.0,SET,XL,PINK
J0380-SKD-XS,J0380,33.0,SET,XS,PINK
J0380-SKD-XXL,J0380,14.0,SET,XXL,PINK
J0380-SKD-XXXL,J0380,19.0,SET,XXXL,PINK
J0381-SKD-L,J0381,47.0,SET,L,GOLD
J0381-SKD-M,J0381,91.0,SET,M,GOLD
J0381-SKD-S,J0381,32.0,SET,S,GOLD
J0381-SKD-XL,J0381,31.0,SET,XL,GOLD
J0381-SKD-XS,J0381,28.0,SET,XS,GOLD
J0381-SKD-XXL,J0381,29.0,SET,XXL,GOLD
J0381-SKD-XXXL,J0381,21.0,SET,XXXL,GOLD
J0382-SKD-L,J0382,10.0,SET,L,GREY
J0382-SKD-M,J0382,4.0,SET,M,GREY
J0382-SKD-S,J0382,18.0,SET,S,GREY
J0382-SKD-XL,J0382,13.0,SET,XL,GREY
J0382-SKD-XS,J0382,28.0,SET,XS,GREY
J0382-SKD-XXL,J0382,20.0,SET,XXL,GREY
J0382-SKD-XXXL,J0382,22.0,SET,XXXL,GREY
J0385-KR-L,J0385,10.0,KURTA,L,RED
J0385-KR-M,J0385,5.0,KURTA,M,RED
J0385-KR-S,J0385,13.0,KURTA,S,RED
J0385-KR-XL,J0385,24.0,KURTA,XL,RED
J0385-KR-XS,J0385,30.0,KURTA,XS,RED
J0385-KR-XXL,J0385,39.0,KURTA,XXL,RED
J0385-KR-XXXL,J0385,20.0,KURTA,XXXL,RED
J0386-KR-L,J0386,0.0,KURTA,L,RUST
J0386-KR-M,J0386,0.0,KURTA,M,RUST
J0386-KR-S,J0386,3.0,KURTA,S,RUST
J0386-KR-XL,J0386,0.0,KURTA,XL,RUST
J0386-KR-XS,J0386,6.0,KURTA,XS,RUST
J0386-KR-XXL,J0386,1.0,KURTA,XXL,RUST
J0386-KR-XXXL,J0386,2.0,KURTA,XXXL,RUST
J0388-TP-L,J0388,32.0,TOP,L,RED
J0388-TP-M,J0388,28.0,TOP,M,RED
J0388-TP-S,J0388,38.0,TOP,S,RED
J0388-TP-XL,J0388,36.0,TOP,XL,RED
J0388-TP-XS,J0388,29.0,TOP,XS,RED
J0388-TP-XXL,J0388,39.0,TOP,XXL,RED
J0388-TP-XXXL,J0388,31.0,TOP,XXXL,RED
J0389-TP-L,J0389,27.0,TOP,L,TEAL
J0389-TP-M,J0389,24.0,TOP,M,TEAL
J0389-TP-S,J0389,23.0,TOP,S,TEAL
J0389-TP-XL,J0389,30.0,TOP,XL,TEAL
J0389-TP-XS,J0389,37.0,TOP,XS,TEAL
J0389-TP-XXL,J0389,34.0,TOP,XXL,TEAL
J0389-TP-XXXL,J0389,25.0,TOP,XXXL,TEAL
J0390-TP-L,J0390,3.0,TOP,L,MAUVE
J0390-TP-M,J0390,3.0,TOP,M,MAUVE
J0390-TP-S,J0390,15.0,TOP,S,MAUVE
J0390-TP-XL,J0390,1.0,TOP,XL,MAUVE
J0390-TP-XS,J0390,30.0,TOP,XS,MAUVE
J0390-TP-XXL,J0390,4.0,TOP,XXL,MAUVE
J0390-TP-XXXL,J0390,2.0,TOP,XXXL,MAUVE
J0391-TP-L,J0391,1.0,TOP,L,GREEN
J0391-TP-M,J0391,2.0,TOP,M,GREEN
J0391-TP-S,J0391,11.0,TOP,S,GREEN
J0391-TP-XL,J0391,1.0,TOP,XL,GREEN
J0391-TP-XS,J0391,20.0,TOP,XS,GREEN
J0391-TP-XXL,J0391,10.0,TOP,XXL,GREEN
J0391-TP-XXXL,J0391,0.0,TOP,XXXL,GREEN
J0392-TP-L,J0392,20.0,TOP,L,RUST
J0392-TP-M,J0392,25.0,TOP,M,RUST
J0392-TP-S,J0392,31.0,TOP,S,RUST
J0392-TP-XL,J0392,30.0,TOP,XL,RUST
J0392-TP-XS,J0392,21.0,TOP,XS,RUST
J0392-TP-XXL,J0392,34.0,TOP,XXL,RUST
J0392-TP-XXXL,J0392,28.0,TOP,XXXL,RUST
J0395-DR-L,J0395,2.0,DRESS,L,TEAL
J0395-DR-M,J0395,0.0,DRESS,M,TEAL
J0395-DR-S,J0395,1.0,DRESS,S,TEAL
J0395-DR-XL,J0395,2.0,DRESS,XL,TEAL
J0395-DR-XS,J0395,1.0,DRESS,XS,TEAL
J0395-DR-XXL,J0395,3.0,DRESS,XXL,TEAL
J0395-DR-XXXL,J0395,2.0,DRESS,XXXL,TEAL
J0396-DR-L,J0396,1.0,DRESS,L,YELLOW
J0396-DR-M,J0396,4.0,DRESS,M,YELLOW
J0396-DR-S,J0396,6.0,DRESS,S,YELLOW
J0396-DR-XL,J0396,1.0,DRESS,XL,YELLOW
J0396-DR-XS,J0396,4.0,DRESS,XS,YELLOW
J0396-DR-XXL,J0396,7.0,DRESS,XXL,YELLOW
J0396-DR-XXXL,J0396,2.0,DRESS,XXXL,YELLOW
J0397-DR-L,J0397,2.0,DRESS,L,RED
J0397-DR-M,J0397,6.0,DRESS,M,RED
J0397-DR-S,J0397,26.0,DRESS,S,RED
J0397-DR-XL,J0397,7.0,DRESS,XL,RED
J0397-DR-XS,J0397,21.0,DRESS,XS,RED
J0397-DR-XXL,J0397,16.0,DRESS,XXL,RED
J0397-DR-XXXL,J0397,3.0,DRESS,XXXL,RED
J0398-DR-L,J0398,13.0,DRESS,L,WINE
J0398-DR-M,J0398,2.0,DRESS,M,WINE
J0398-DR-S,J0398,3.0,DRESS,S,WINE
J0398-DR-XL,J0398,21.0,DRESS,XL,WINE
J0398-DR-XS,J0398,19.0,DRESS,XS,WINE
J0398-DR-XXL,J0398,29.0,DRESS,XXL,WINE
J0399-DR-L,J0399,1.0,DRESS,L,RUST
J0399-DR-M,J0399,2.0,DRESS,M,RUST
J0399-DR-S,J0399,3.0,DRESS,S,RUST
J0399-DR-XL,J0399,5.0,DRESS,XL,RUST
J0399-DR-XS,J0399,0.0,DRESS,XS,RUST
J0399-DR-XXL,J0399,9.0,DRESS,XXL,RUST
J0399-DR-XXXL,J0399,17.0,DRESS,XXXL,RUST
J0400-DR-L,J0400,4.0,DRESS,L,SEA GREEN
J0400-DR-M,J0400,4.0,DRESS,M,SEA GREEN
J0400-DR-S,J0400,3.0,DRESS,S,SEA GREEN
J0400-DR-XL,J0400,12.0,DRESS,XL,SEA GREEN
J0400-DR-XS,J0400,10.0,DRESS,XS,SEA GREEN
J0400-DR-XXL,J0400,24.0,DRESS,XXL,SEA GREEN
J0400-DR-XXXL,J0400,15.0,DRESS,XXXL,SEA GREEN
J0401-DR-L,J0401,3.0,DRESS,L,YELLOW
J0401-DR-M,J0401,3.0,DRESS,M,YELLOW
J0401-DR-S,J0401,6.0,DRESS,S,YELLOW
J0401-DR-XL,J0401,2.0,DRESS,XL,YELLOW
J0401-DR-XS,J0401,5.0,DRESS,XS,YELLOW
J0401-DR-XXL,J0401,4.0,DRESS,XXL,YELLOW
J0401-DR-XXXL,J0401,2.0,DRESS,XXXL,YELLOW
J0402-DR-L,J0402,13.0,DRESS,L,TEAL
J0402-DR-M,J0402,21.0,DRESS,M,TEAL
J0402-DR-S,J0402,22.0,DRESS,S,TEAL
J0402-DR-XL,J0402,35.0,DRESS,XL,TEAL
J0402-DR-XS,J0402,16.0,DRESS,XS,TEAL
J0402-DR-XXL,J0402,23.0,DRESS,XXL,TEAL
J0413-DR-L,J0413,0.0,DRESS,L,MINT GREEN
J0413-DR-M,J0413,1.0,DRESS,M,MINT GREEN
J0413-DR-S,J0413,5.0,DRESS,S,MINT GREEN
J0413-DR-XL,J0413,12.0,DRESS,XL,MINT GREEN
J0413-DR-XS,J0413,4.0,DRESS,XS,MINT GREEN
J0413-DR-XXL,J0413,7.0,DRESS,XXL,MINT GREEN
J0414-DR-L,J0414,1.0,DRESS,L,CORAL ORANGE
J0414-DR-M,J0414,1.0,DRESS,M,CORAL ORANGE
J0414-DR-S,J0414,0.0,DRESS,S,CORAL ORANGE
J0414-DR-XL,J0414,3.0,DRESS,XL,CORAL ORANGE
J0414-DR-XS,J0414,1.0,DRESS,XS,CORAL ORANGE
J0414-DR-XXL,J0414,0.0,DRESS,XXL,CORAL ORANGE
J0414-DR-XXXL,J0414,0.0,DRESS,XXXL,CORAL ORANGE
J0415-DR-L,J0415,4.0,DRESS,L,CORAL PINK
J0415-DR-M,J0415,0.0,DRESS,M,CORAL PINK
J0415-DR-S,J0415,0.0,DRESS,S,CORAL PINK
J0415-DR-XL,J0415,3.0,DRESS,XL,CORAL PINK
J0415-DR-XS,J0415,2.0,DRESS,XS,CORAL PINK
J0415-DR-XXL,J0415,2.0,DRESS,XXL,CORAL PINK
J0415-DR-XXXL,J0415,7.0,DRESS,XXXL,CORAL PINK
J0416-DR-L,J0416,2.0,DRESS,L,PINK
J0416-DR-M,J0416,1.0,DRESS,M,PINK
J0416-DR-S,J0416,0.0,DRESS,S,PINK
J0416-DR-XL,J0416,13.0,DRESS,XL,PINK
J0416-DR-XS,J0416,12.0,DRESS,XS,PINK
J0416-DR-XXL,J0416,9.0,DRESS,XXL,PINK
J0417-TP-L,J0417,23.0,TOP,L,SEA GREEN
J0417-TP-M,J0417,8.0,TOP,M,SEA GREEN
J0417-TP-S,J0417,18.0,TOP,S,SEA GREEN
J0417-TP-XL,J0417,20.0,TOP,XL,SEA GREEN
J0417-TP-XS,J0417,19.0,TOP,XS,SEA GREEN
J0417-TP-XXL,J0417,12.0,TOP,XXL,SEA GREEN
J0417-TP-XXXL,J0417,13.0,TOP,XXXL,SEA GREEN
J0418-TP-L,J0418,12.0,TOP,L,YELLOW
J0418-TP-M,J0418,3.0,TOP,M,YELLOW
J0418-TP-S,J0418,1.0,TOP,S,YELLOW
J0418-TP-XL,J0418,42.0,TOP,XL,YELLOW
J0418-TP-XS,J0418,2.0,TOP,XS,YELLOW
J0418-TP-XXL,J0418,29.0,TOP,XXL,YELLOW
J0419-TP-L,J0419,34.0,TOP,L,MAROON
J0419-TP-M,J0419,22.0,TOP,M,MAROON
J0419-TP-S,J0419,20.0,TOP,S,MAROON
J0419-TP-XL,J0419,40.0,TOP,XL,MAROON
J0419-TP-XS,J0419,21.0,TOP,XS,MAROON
J0419-TP-XXL,J0419,41.0,TOP,XXL,MAROON
J0419-TP-XXXL,J0419,23.0,TOP,XXXL,MAROON
J0420-TP-L,J0420,21.0,TOP,L,PINK
J0420-TP-M,J0420,12.0,TOP,M,PINK
J0420-TP-S,J0420,23.0,TOP,S,PINK
J0420-TP-XL,J0420,34.0,TOP,XL,PINK
J0420-TP-XS,J0420,22.0,TOP,XS,PINK
J0420-TP-XXL,J0420,32.0,TOP,XXL,PINK
J0420-TP-XXXL,J0420,31.0,TOP,XXXL,PINK
J0421-TP-L,J0421,50.0,TOP,L,TEAL
J0421-TP-M,J0421,46.0,TOP,M,TEAL
J0421-TP-S,J0421,46.0,TOP,S,TEAL
J0421-TP-XL,J0421,53.0,TOP,XL,TEAL
J0421-TP-XS,J0421,45.0,TOP,XS,TEAL
J0421-TP-XXL,J0421,42.0,TOP,XXL,TEAL
J0429-DR-L,J0429,49.0,DRESS,L,PEACH
J0429-DR-M,J0429,65.0,DRESS,M,PEACH
J0429-DR-S,J0429,66.0,DRESS,S,PEACH
J0429-DR-XL,J0429,48.0,DRESS,XL,PEACH
J0429-DR-XS,J0429,43.0,DRESS,XS,PEACH
J0429-DR-XXL,J0429,72.0,DRESS,XXL,PEACH
J0429-DR-XXXL,J0429,52.0,DRESS,XXXL,PEACH
J0430-DR-L,J0430,70.0,DRESS,L,SEA GREEN
J0430-DR-M,J0430,69.0,DRESS,M,SEA GREEN
J0430-DR-S,J0430,72.0,DRESS,S,SEA GREEN
J0430-DR-XL,J0430,71.0,DRESS,XL,SEA GREEN
J0430-DR-XS,J0430,58.0,DRESS,XS,SEA GREEN
J0430-DR-XXL,J0430,73.0,DRESS,XXL,SEA GREEN
J0430-DR-XXXL,J0430,57.0,DRESS,XXXL,SEA GREEN
J0431-DR-L,J0431,49.0,DRESS,L,BLUE
J0431-DR-M,J0431,51.0,DRESS,M,BLUE
J0431-DR-S,J0431,61.0,DRESS,S,BLUE
J0431-DR-XL,J0431,58.0,DRESS,XL,BLUE
J0431-DR-XS,J0431,54.0,DRESS,XS,BLUE
J0431-DR-XXL,J0431,63.0,DRESS,XXL,BLUE
J0431-DR-XXXL,J0431,52.0,DRESS,XXXL,BLUE
J0432-DR-L,J0432,50.0,DRESS,L,PEACH
J0432-DR-M,J0432,24.0,DRESS,M,PEACH
J0432-DR-S,J0432,48.0,DRESS,S,PEACH
J0432-DR-XL,J0432,25.0,DRESS,XL,PEACH
J0432-DR-XS,J0432,50.0,DRESS,XS,PEACH
J0432-DR-XXL,J0432,25.0,DRESS,XXL,PEACH
J0432-DR-XXXL,J0432,50.0,DRESS,XXXL,PEACH
J0433-DR-L,J0433,20.0,DRESS,L,YELLOW
J0433-DR-M,J0433,20.0,DRESS,M,YELLOW
J0433-DR-S,J0433,20.0,DRESS,S,YELLOW
J0433-DR-XL,J0433,20.0,DRESS,XL,YELLOW
J0433-DR-XS,J0433,24.0,DRESS,XS,YELLOW
J0433-DR-XXL,J0433,20.0,DRESS,XXL,YELLOW
J0433-DR-XXXL,J0433,20.0,DRESS,XXXL,YELLOW
J0434-DR-L,J0434,45.0,DRESS,L,WHITE
J0434-DR-M,J0434,56.0,DRESS,M,WHITE
J0434-DR-S,J0434,60.0,DRESS,S,WHITE
J0434-DR-XL,J0434,61.0,DRESS,XL,WHITE
J0434-DR-XS,J0434,48.0,DRESS,XS,WHITE
J0434-DR-XXL,J0434,57.0,DRESS,XXL,WHITE
J0434-DR-XXXL,J0434,43.0,DRESS,XXXL,WHITE
J0435-DR-L,J0435,20.0,DRESS,L,PINK
J0435-DR-M,J0435,19.0,DRESS,M,PINK
J0435-DR-S,J0435,19.0,DRESS,S,PINK
J0435-DR-XL,J0435,20.0,DRESS,XL,PINK
J0435-DR-XS,J0435,20.0,DRESS,XS,PINK
J0435-DR-XXL,J0435,19.0,DRESS,XXL,PINK
J0435-DR-XXXL,J0435,20.0,DRESS,XXXL,PINK
J0436-DR-M,J0436,20.0,DRESS,M,SKY BLUE
J0436-DR-S,J0436,29.0,DRESS,S,SKY BLUE
J0436-DR-XL,J0436,20.0,DRESS,XL,SKY BLUE
J0436-DR-XS,J0436,20.0,DRESS,XS,SKY BLUE
J0436-DR-XXL,J0436,11.0,DRESS,XXL,SKY BLUE
J0436-DR-XXXL,J0436,19.0,DRESS,XXXL,SKY BLUE
JAN8601-KR-L,JAN8601,1.0,KURTA,L,WHITE
JAN8601-KR-M,JAN8601,1.0,KURTA,M,WHITE
JAN8601-KR-S,JAN8601,1.0,KURTA,S,WHITE
JAN8601-KR-XL,JAN8601,2.0,KURTA,XL,WHITE
JAN8601-KR-XXL,JAN8601,0.0,KURTA,XXL,WHITE
JAN8602-KR-L,JAN8602,4.0,KURTA,L,NAVY BLUE
JAN8602-KR-M,JAN8602,4.0,KURTA,M,NAVY BLUE
JAN8602-KR-S,JAN8602,2.0,KURTA,S,NAVY BLUE
JAN8602-KR-XL,JAN8602,3.0,KURTA,XL,NAVY BLUE
JAN8602-KR-XXL,JAN8602,1.0,KURTA,XXL,NAVY BLUE
JAN8603-DR-L,JAN8603,1.0,DRESS,L,LIGHT PINK
JAN8603-DR-M,JAN8603,1.0,DRESS,M,LIGHT PINK
JAN8603-DR-S,JAN8603,1.0,DRESS,S,LIGHT PINK
JAN8603-DR-XL,JAN8603,3.0,DRESS,XL,LIGHT PINK
JAN8603-DR-XXL,JAN8603,0.0,DRESS,XXL,LIGHT PINK
JAN8604-KR-L,JAN8604,6.0,DRESS,L,SKY BLUE
JAN8604-KR-M,JAN8604,5.0,DRESS,M,SKY BLUE
JAN8604-KR-S,JAN8604,2.0,DRESS,S,SKY BLUE
JAN8604-KR-XL,JAN8604,8.0,DRESS,XL,SKY BLUE
JAN8604-KR-XXL,JAN8604,2.0,DRESS,XXL,SKY BLUE
JAN8605-KR-NP-L,JAN8605,3.0,SET,L,GREEN
JAN8605-KR-NP-M,JAN8605,4.0,SET,M,GREEN
JAN8605-KR-NP-S,JAN8605,3.0,SET,S,GREEN
JAN8605-KR-NP-XL,JAN8605,4.0,SET,XL,GREEN
JAN8605-KR-NP-XXL,JAN8605,4.0,SET,XXL,GREEN
JAN8606-TP-L,JAN8606,5.0,TOP,L,RED
JAN8606-TP-M,JAN8606,5.0,TOP,M,RED
JAN8606-TP-S,JAN8606,2.0,TOP,S,RED
JAN8606-TP-XL,JAN8606,6.0,TOP,XL,RED
JAN8606-TP-XXL,JAN8606,5.0,TOP,XXL,RED
JAN8607-TP-L,JAN8607,0.0,TOP,L,SKY BLUE
JAN8607-TP-M,JAN8607,0.0,TOP,M,SKY BLUE
JAN8607-TP-S,JAN8607,0.0,TOP,S,SKY BLUE
JAN8607-TP-XL,JAN8607,2.0,TOP,XL,SKY BLUE
JAN8607-TP-XXL,JAN8607,0.0,TOP,XXL,SKY BLUE
JAN8608-KR-L,JAN8608,9.0,KURTA,L,BEIGE
JAN8608-KR-M,JAN8608,9.0,KURTA,M,BEIGE
JAN8608-KR-S,JAN8608,5.0,KURTA,S,BEIGE
JAN8608-KR-XL,JAN8608,10.0,KURTA,XL,BEIGE
JAN8608-KR-XXL,JAN8608,4.0,KURTA,XXL,BEIGE
JAN8609-KR-NP-L,JAN8609,9.0,SET,L,YELLOW
JAN8609-KR-NP-M,JAN8609,9.0,SET,M,YELLOW
JAN8609-KR-NP-S,JAN8609,5.0,SET,S,YELLOW
JAN8609-KR-NP-XL,JAN8609,11.0,SET,XL,YELLOW
JAN8609-KR-NP-XXL,JAN8609,4.0,SET,XXL,YELLOW
JAN8610-KR-NP-L,JAN8610,10.0,SET,L,GREEN
JAN8610-KR-NP-M,JAN8610,9.0,SET,M,GREEN
JAN8610-KR-NP-S,JAN8610,4.0,SET,S,GREEN
JAN8610-KR-NP-XL,JAN8610,9.0,SET,XL,GREEN
JAN8610-KR-NP-XXL,JAN8610,8.0,SET,XXL,GREEN
JAN8611-KR-NP-L,JAN8611,12.0,SET,L,TURQUOISE GREEN
JAN8611-KR-NP-M,JAN8611,11.0,SET,M,TURQUOISE GREEN
JAN8611-KR-NP-S,JAN8611,6.0,SET,S,TURQUOISE GREEN
JAN8611-KR-NP-XL,JAN8611,16.0,SET,XL,TURQUOISE GREEN
JAN8611-KR-NP-XXL,JAN8611,2.0,SET,XXL,TURQUOISE GREEN
JAN8612-KR-NP-L,JAN8612,9.0,SET,L,YELLOW
JAN8612-KR-NP-M,JAN8612,2.0,SET,M,YELLOW
JAN8612-KR-NP-S,JAN8612,5.0,SET,S,YELLOW
JAN8612-KR-NP-XL,JAN8612,16.0,SET,XL,YELLOW
JAN8612-KR-NP-XXL,JAN8612,3.0,SET,XXL,YELLOW
JAN8613-TP-L,JAN8613,10.0,TOP,L,WHITE
JAN8613-TP-M,JAN8613,9.0,TOP,M,WHITE
JAN8613-TP-S,JAN8613,5.0,TOP,S,WHITE
JAN8613-TP-XL,JAN8613,10.0,TOP,XL,WHITE
JAN8613-TP-XXL,JAN8613,6.0,TOP,XXL,WHITE
JAN8614-TP-L,JAN8614,2.0,TOP,L,GREEN
JAN8614-TP-M,JAN8614,3.0,TOP,M,GREEN
JAN8614-TP-S,JAN8614,1.0,TOP,S,GREEN
JAN8614-TP-XL,JAN8614,5.0,TOP,XL,GREEN
JAN8614-TP-XXL,JAN8614,5.0,TOP,XXL,GREEN
JAN8615-TP-L,JAN8615,3.0,TOP,L,BLUE
JAN8615-TP-M,JAN8615,0.0,TOP,M,BLUE
JAN8615-TP-S,JAN8615,9.0,TOP,S,BLUE
JAN8615-TP-XL,JAN8615,2.0,TOP,XL,BLUE
JAN8615-TP-XXL,JAN8615,3.0,TOP,XXL,BLUE
JAN8616-TP-L,JAN8616,11.0,TOP,L,YELLOW
JAN8616-TP-M,JAN8616,9.0,TOP,M,YELLOW
JAN8616-TP-S,JAN8616,4.0,TOP,S,YELLOW
JAN8616-TP-XL,JAN8616,12.0,TOP,XL,YELLOW
JAN8616-TP-XXL,JAN8616,7.0,TOP,XXL,YELLOW
JAN8617-KR-L,JAN8617,8.0,KURTA,L,PEACH
JAN8617-KR-M,JAN8617,7.0,KURTA,M,PEACH
JAN8617-KR-S,JAN8617,3.0,KURTA,S,PEACH
JAN8617-KR-XL,JAN8617,5.0,KURTA,XL,PEACH
JAN8617-KR-XXL,JAN8617,5.0,KURTA,XXL,PEACH
JAN8618-DR-L,JAN8618,10.0,DRESS,L,BLUE
JAN8618-DR-M,JAN8618,8.0,DRESS,M,BLUE
JAN8618-DR-S,JAN8618,0.0,DRESS,S,BLUE
JAN8618-DR-XL,JAN8618,7.0,DRESS,XL,BLUE
JAN8618-DR-XXL,JAN8618,1.0,DRESS,XXL,BLUE
JAN8619-KR-L,JAN8619,2.0,KURTA,L,RED
JAN8619-KR-M,JAN8619,3.0,KURTA,M,RED
JAN8619-KR-S,JAN8619,0.0,KURTA,S,RED
JAN8619-KR-XL,JAN8619,5.0,KURTA,XL,RED
JAN8619-KR-XXL,JAN8619,0.0,KURTA,XXL,RED
JAN8620-KR-L,JAN8620,2.0,KURTA,L,SKY BLUE
JAN8620-KR-M,JAN8620,3.0,KURTA,M,SKY BLUE
JAN8620-KR-S,JAN8620,6.0,KURTA,S,SKY BLUE
JAN8620-KR-XL,JAN8620,3.0,KURTA,XL,SKY BLUE
JAN8620-KR-XXL,JAN8620,2.0,KURTA,XXL,SKY BLUE
JAN8621-DR-L,JAN8621,10.0,DRESS,L,BEIGE
JAN8621-DR-M,JAN8621,10.0,DRESS,M,BEIGE
JAN8621-DR-S,JAN8621,4.0,DRESS,S,BEIGE
JAN8621-DR-XL,JAN8621,12.0,DRESS,XL,BEIGE
JAN8621-DR-XXL,JAN8621,3.0,DRESS,XXL,BEIGE
JAN8622-KR-NP-L,JAN8622,1.0,SET,L,TURQUOISE GREEN
JAN8622-KR-NP-M,JAN8622,2.0,SET,M,TURQUOISE GREEN
JAN8622-KR-NP-S,JAN8622,1.0,SET,S,TURQUOISE GREEN
JAN8622-KR-NP-XL,JAN8622,0.0,SET,XL,TURQUOISE GREEN
JAN8622-KR-NP-XXL,JAN8622,0.0,SET,XXL,TURQUOISE GREEN
JAN8623-DR-L,JAN8623,4.0,DRESS,L,TEAL
JAN8623-DR-M,JAN8623,6.0,DRESS,M,TEAL
JAN8623-DR-S,JAN8623,1.0,DRESS,S,TEAL
JAN8623-DR-XL,JAN8623,5.0,DRESS,XL,TEAL
JAN8623-DR-XXL,JAN8623,1.0,DRESS,XXL,TEAL
JAN8624-DR-L,JAN8624,10.0,DRESS,L,WHITE
JAN8624-DR-M,JAN8624,6.0,DRESS,M,WHITE
JAN8624-DR-S,JAN8624,3.0,DRESS,S,WHITE
JAN8624-DR-XL,JAN8624,12.0,DRESS,XL,WHITE
JAN8624-DR-XXL,JAN8624,6.0,DRESS,XXL,WHITE
JAN8625-KR-L,JAN8625,4.0,KURTA,L,BLACK
JAN8625-KR-M,JAN8625,2.0,KURTA,M,BLACK
JAN8625-KR-S,JAN8625,4.0,KURTA,S,BLACK
JAN8625-KR-XL,JAN8625,2.0,KURTA,XL,BLACK
JAN8625-KR-XXL,JAN8625,0.0,KURTA,XXL,BLACK
JAN8631-KR-NP-L,JAN8631,17.0,SET,L,RUST
JAN8631-KR-NP-M,JAN8631,19.0,SET,M,RUST
JAN8631-KR-NP-S,JAN8631,16.0,SET,S,RUST
JAN8631-KR-NP-XL,JAN8631,22.0,SET,XL,RUST
JAN8631-KR-NP-XXL,JAN8631,19.0,SET,XXL,RUST
JAN8632-KR-NP-L,JAN8632,37.0,SET,L,TEAL BLUE
JAN8632-KR-NP-M,JAN8632,36.0,SET,M,TEAL BLUE
JAN8632-KR-NP-S,JAN8632,27.0,SET,S,TEAL BLUE
JAN8632-KR-NP-XL,JAN8632,37.0,SET,XL,TEAL BLUE
JAN8632-KR-NP-XXL,JAN8632,28.0,SET,XXL,TEAL BLUE
JAN8633-KR-NP-L,JAN8633,26.0,SET,L,MAROON
JAN8633-KR-NP-M,JAN8633,24.0,SET,M,MAROON
JAN8633-KR-NP-S,JAN8633,10.0,SET,S,MAROON
JAN8633-KR-NP-XL,JAN8633,26.0,SET,XL,MAROON
JAN8633-KR-NP-XXL,JAN8633,17.0,SET,XXL,MAROON
JAN8634-KR-NP-L,JAN8634,30.0,KURTA SET,L,TURQUOISE
JAN8634-KR-NP-M,JAN8634,30.0,KURTA SET,M,TURQUOISE
JAN8634-KR-NP-S,JAN8634,26.0,KURTA SET,S,TURQUOISE
JAN8634-KR-NP-XL,JAN8634,34.0,KURTA SET,XL,TURQUOISE
JAN8634-KR-NP-XXL,JAN8634,26.0,KURTA SET,XXL,TURQUOISE
JAN8635-KR-NP-L,JAN8635,26.0,SET,L,PINK
JAN8635-KR-NP-M,JAN8635,30.0,SET,M,PINK
JAN8635-KR-NP-S,JAN8635,19.0,SET,S,PINK
JAN8635-KR-NP-XL,JAN8635,31.0,SET,XL,PINK
JAN8635-KR-NP-XXL,JAN8635,20.0,SET,XXL,PINK
JAN8636-KR-NP-L,JAN8636,16.0,SET,L,GREY
JAN8636-KR-NP-M,JAN8636,15.0,SET,M,GREY
JAN8636-KR-NP-S,JAN8636,4.0,SET,S,GREY
JAN8636-KR-NP-XL,JAN8636,15.0,SET,XL,GREY
JAN8636-KR-NP-XXL,JAN8636,6.0,SET,XXL,GREY
JAN8637-KR-NP-L,JAN8637,7.0,SET,L,BURGUNDY
JAN8637-KR-NP-M,JAN8637,9.0,SET,M,BURGUNDY
JAN8637-KR-NP-S,JAN8637,3.0,SET,S,BURGUNDY
JAN8637-KR-NP-XL,JAN8637,11.0,SET,XL,BURGUNDY
JAN8637-KR-NP-XXL,JAN8637,3.0,SET,XXL,BURGUNDY
JAN8638-KR-NP-L,JAN8638,8.0,SET,L,GREEN
JAN8638-KR-NP-M,JAN8638,6.0,SET,M,GREEN
JAN8638-KR-NP-S,JAN8638,0.0,SET,S,GREEN
JAN8638-KR-NP-XL,JAN8638,9.0,SET,XL,GREEN
JAN8638-KR-NP-XXL,JAN8638,0.0,SET,XXL,GREEN
JAN8639-KR-NP-L,JAN8639,9.0,SET,L,TEAL
JAN8639-KR-NP-M,JAN8639,11.0,SET,M,TEAL
JAN8639-KR-NP-S,JAN8639,5.0,SET,S,TEAL
JAN8639-KR-NP-XL,JAN8639,11.0,SET,XL,TEAL
JAN8639-KR-NP-XXL,JAN8639,2.0,SET,XXL,TEAL
JAN8640-DR-L,JAN8640,0.0,DRESS,L,BROWN
JAN8640-DR-M,JAN8640,0.0,DRESS,M,BROWN
JAN8640-DR-S,JAN8640,0.0,DRESS,S,BROWN
JAN8640-DR-XL,JAN8640,3.0,DRESS,XL,BROWN
JAN8640-DR-XXL,JAN8640,0.0,DRESS,XXL,BROWN
JAN8641-DR-L,JAN8641,0.0,DRESS,L,MINT GREEN
JAN8641-DR-M,JAN8641,3.0,DRESS,M,MINT GREEN
JAN8641-DR-S,JAN8641,0.0,DRESS,S,MINT GREEN
JAN8641-DR-XL,JAN8641,4.0,DRESS,XL,MINT GREEN
JAN8641-DR-XXL,JAN8641,3.0,DRESS,XXL,MINT GREEN
JAN8642-TP-L,JAN8642,2.0,TOP,L,YELLOW
JAN8642-TP-M,JAN8642,3.0,TOP,M,YELLOW
JAN8642-TP-S,JAN8642,2.0,TOP,S,YELLOW
JAN8642-TP-XL,JAN8642,2.0,TOP,XL,YELLOW
JAN8642-TP-XXL,JAN8642,2.0,TOP,XXL,YELLOW
JAN8643-KR-L,JAN8643,12.0,KURTA,L,TEAL
JAN8643-KR-M,JAN8643,12.0,KURTA,M,TEAL
JAN8643-KR-S,JAN8643,6.0,KURTA,S,TEAL
JAN8643-KR-XL,JAN8643,10.0,KURTA,XL,TEAL
JAN8643-KR-XXL,JAN8643,5.0,KURTA,XXL,TEAL
JAN8644-TP-L,JAN8644,11.0,TOP,L,BLACK
JAN8644-TP-M,JAN8644,12.0,TOP,M,BLACK
JAN8644-TP-S,JAN8644,6.0,TOP,S,BLACK
JAN8644-TP-XL,JAN8644,12.0,TOP,XL,BLACK
JAN8644-TP-XXL,JAN8644,8.0,TOP,XXL,BLACK
JAN8645-DR-L,JAN8645,5.0,DRESS,L,WHITE
JAN8645-DR-M,JAN8645,4.0,DRESS,M,WHITE
JAN8645-DR-S,JAN8645,1.0,DRESS,S,WHITE
JAN8645-DR-XL,JAN8645,9.0,DRESS,XL,WHITE
JAN8645-DR-XXL,JAN8645,3.0,DRESS,XXL,WHITE
JAN8646-KR-NP-L,JAN8646,2.0,SET,L,OFF WHITE
JAN8646-KR-NP-M,JAN8646,2.0,SET,M,OFF WHITE
JAN8646-KR-NP-S,JAN8646,0.0,SET,S,OFF WHITE
JAN8646-KR-NP-XL,JAN8646,1.0,SET,XL,OFF WHITE
JAN8646-KR-NP-XXL,JAN8646,2.0,SET,XXL,OFF WHITE
JAN8652-KR-NP-L,JAN8652,10.0,SET,L,GREEN
JAN8652-KR-NP-M,JAN8652,7.0,SET,M,GREEN
JAN8652-KR-NP-S,JAN8652,5.0,SET,S,GREEN
JAN8652-KR-NP-XL,JAN8652,12.0,SET,XL,GREEN
JAN8652-KR-NP-XXL,JAN8652,10.0,SET,XXL,GREEN
JAN8653-TP-L,JAN8653,3.0,TOP,L,WHITE
JAN8653-TP-M,JAN8653,3.0,TOP,M,WHITE
JAN8653-TP-S,JAN8653,3.0,TOP,S,WHITE
JAN8653-TP-XL,JAN8653,0.0,TOP,XL,WHITE
JAN8653-TP-XXL,JAN8653,5.0,TOP,XXL,WHITE
JAN8654-KR-L,JAN8654,5.0,KURTA,L,MUSTARD
JAN8654-KR-M,JAN8654,3.0,KURTA,M,MUSTARD
JAN8654-KR-S,JAN8654,2.0,KURTA,S,MUSTARD
JAN8654-KR-XL,JAN8654,8.0,KURTA,XL,MUSTARD
JAN8654-KR-XXL,JAN8654,3.0,KURTA,XXL,MUSTARD
JAN8655-DR-L,JAN8655,8.0,DRESS,L,CREAM
JAN8655-DR-M,JAN8655,3.0,DRESS,M,CREAM
JAN8655-DR-S,JAN8655,0.0,DRESS,S,CREAM
JAN8655-DR-XL,JAN8655,7.0,DRESS,XL,CREAM
JAN8655-DR-XXL,JAN8655,3.0,DRESS,XXL,CREAM
JAN8656-KR-NP-L,JAN8656,6.0,SET,L,GREEN
JAN8656-KR-NP-M,JAN8656,3.0,SET,M,GREEN
JAN8656-KR-NP-S,JAN8656,9.0,SET,S,GREEN
JAN8656-KR-NP-XL,JAN8656,6.0,SET,XL,GREEN
JAN8656-KR-NP-XXL,JAN8656,7.0,SET,XXL,GREEN
JAN8657-TP-L,JAN8657,6.0,TOP,L,BROWN
JAN8657-TP-M,JAN8657,4.0,TOP,M,BROWN
JAN8657-TP-S,JAN8657,3.0,TOP,S,BROWN
JAN8657-TP-XL,JAN8657,3.0,TOP,XL,BROWN
JAN8657-TP-XXL,JAN8657,4.0,TOP,XXL,BROWN
JAN8658-KR-L,JAN8658,13.0,KURTA,L,RED
JAN8658-KR-M,JAN8658,13.0,KURTA,M,RED
JAN8658-KR-S,JAN8658,13.0,KURTA,S,RED
JAN8658-KR-XL,JAN8658,15.0,KURTA,XL,RED
JAN8658-KR-XXL,JAN8658,15.0,KURTA,XXL,RED
JAN8659-KR-NP-L,JAN8659,10.0,SET,L,GREEN
JAN8659-KR-NP-M,JAN8659,8.0,SET,M,GREEN
JAN8659-KR-NP-S,JAN8659,6.0,SET,S,GREEN
JAN8659-KR-NP-XL,JAN8659,10.0,SET,XL,GREEN
JAN8659-KR-NP-XXL,JAN8659,6.0,SET,XXL,GREEN
JAN8660-KR-NP-L,JAN8660,3.0,SET,L,WHITE
JAN8660-KR-NP-M,JAN8660,5.0,SET,M,WHITE
JAN8660-KR-NP-S,JAN8660,1.0,SET,S,WHITE
JAN8660-KR-NP-XL,JAN8660,6.0,SET,XL,WHITE
JAN8660-KR-NP-XXL,JAN8660,4.0,SET,XXL,WHITE
JAN8661-KR-NP-L,JAN8661,1.0,SET,L,RED
JAN8661-KR-NP-M,JAN8661,5.0,SET,M,RED
JAN8661-KR-NP-S,JAN8661,1.0,SET,S,RED
JAN8661-KR-NP-XL,JAN8661,4.0,SET,XL,RED
JAN8661-KR-NP-XXL,JAN8661,3.0,SET,XXL,RED
JAN8662-KR-NP-L,JAN8662,0.0,KURTA SET,L,AQUA GREEN
JAN8662-KR-NP-M,JAN8662,1.0,KURTA SET,M,AQUA GREEN
JAN8662-KR-NP-S,JAN8662,2.0,KURTA SET,S,AQUA GREEN
JAN8662-KR-NP-XL,JAN8662,0.0,KURTA SET,XL,AQUA GREEN
JAN8662-KR-NP-XXL,JAN8662,2.0,KURTA SET,XXL,AQUA GREEN
JAN8663-TP-L,JAN8663,9.0,TOP,L,WHITE
JAN8663-TP-M,JAN8663,7.0,TOP,M,WHITE
JAN8663-TP-S,JAN8663,8.0,TOP,S,WHITE
JAN8663-TP-XL,JAN8663,6.0,TOP,XL,WHITE
JAN8663-TP-XXL,JAN8663,13.0,TOP,XXL,WHITE
JAN8664-TP-L,JAN8664,3.0,TOP,L,SKY BLUE
JAN8664-TP-M,JAN8664,4.0,TOP,M,SKY BLUE
JAN8664-TP-S,JAN8664,4.0,TOP,S,SKY BLUE
JAN8664-TP-XL,JAN8664,5.0,TOP,XL,SKY BLUE
JAN8664-TP-XXL,JAN8664,5.0,TOP,XXL,SKY BLUE
JAN8665-TP-L,JAN8665,1.0,TOP,L,LIGHT YELLOW
JAN8665-TP-M,JAN8665,1.0,TOP,M,LIGHT YELLOW
JAN8665-TP-S,JAN8665,0.0,TOP,S,LIGHT YELLOW
JAN8665-TP-XL,JAN8665,2.0,TOP,XL,LIGHT YELLOW
JAN8665-TP-XXL,JAN8665,2.0,TOP,XXL,LIGHT YELLOW
JAN8666-TP-L,JAN8666,4.0,TOP,L,GREEN
JAN8666-TP-M,JAN8666,3.0,TOP,M,GREEN
JAN8666-TP-S,JAN8666,7.0,TOP,S,GREEN
JAN8666-TP-XL,JAN8666,5.0,TOP,XL,GREEN
JAN8666-TP-XXL,JAN8666,8.0,TOP,XXL,GREEN
JAN8667-DR-L,JAN8667,0.0,DRESS,L,WHITE
JAN8667-DR-M,JAN8667,0.0,DRESS,M,WHITE
JAN8667-DR-S,JAN8667,0.0,DRESS,S,WHITE
JAN8667-DR-XL,JAN8667,0.0,DRESS,XL,WHITE
JAN8667-DR-XXL,JAN8667,0.0,DRESS,XXL,WHITE
JAN8668-DR-L,JAN8668,0.0,DRESS,L,GREEN
JAN8668-DR-M,JAN8668,0.0,DRESS,M,GREEN
JAN8668-DR-S,JAN8668,0.0,DRESS,S,GREEN
JAN8668-DR-XL,JAN8668,0.0,DRESS,XL,GREEN
JAN8668-DR-XXL,JAN8668,0.0,DRESS,XXL,GREEN
JAN8669-DR-L,JAN8669,2.0,DRESS,L,LIGHT YELLOW
JAN8669-DR-M,JAN8669,1.0,DRESS,M,LIGHT YELLOW
JAN8669-DR-S,JAN8669,1.0,DRESS,S,LIGHT YELLOW
JAN8669-DR-XL,JAN8669,2.0,DRESS,XL,LIGHT YELLOW
JAN8669-DR-XXL,JAN8669,1.0,DRESS,XXL,LIGHT YELLOW
JAN8670-DR-L,JAN8670,4.0,DRESS,L,BLUE
JAN8670-DR-M,JAN8670,4.0,DRESS,M,BLUE
JAN8670-DR-S,JAN8670,4.0,DRESS,S,BLUE
JAN8670-DR-XL,JAN8670,6.0,DRESS,XL,BLUE
JAN8670-DR-XXL,JAN8670,3.0,DRESS,XXL,BLUE
JAN8676-KR-L,JAN8676,3.0,KURTA,L,MUSTARD
JAN8676-KR-M,JAN8676,1.0,KURTA,M,MUSTARD
JAN8676-KR-S,JAN8676,5.0,KURTA,S,MUSTARD
JAN8676-KR-XL,JAN8676,4.0,KURTA,XL,MUSTARD
JAN8676-KR-XXL,JAN8676,3.0,KURTA,XXL,MUSTARD
JAN8677-KR-L,JAN8677,17.0,KURTA,L,SEA GREEN
JAN8677-KR-M,JAN8677,17.0,KURTA,M,SEA GREEN
JAN8677-KR-S,JAN8677,21.0,KURTA,S,SEA GREEN
JAN8677-KR-XL,JAN8677,18.0,KURTA,XL,SEA GREEN
JAN8677-KR-XXL,JAN8677,16.0,KURTA,XXL,SEA GREEN
JAN8678-KR-L,JAN8678,4.0,KURTA,L,PINK
JAN8678-KR-M,JAN8678,4.0,KURTA,M,PINK
JAN8678-KR-S,JAN8678,5.0,KURTA,S,PINK
JAN8678-KR-XL,JAN8678,4.0,KURTA,XL,PINK
JAN8678-KR-XXL,JAN8678,4.0,KURTA,XXL,PINK
JAN8679-KR-L,JAN8679,4.0,KURTA,L,PINK
JAN8679-KR-M,JAN8679,4.0,KURTA,M,PINK
JAN8679-KR-S,JAN8679,0.0,KURTA,S,PINK
JAN8679-KR-XL,JAN8679,7.0,KURTA,XL,PINK
JAN8679-KR-XXL,JAN8679,9.0,KURTA,XXL,PINK
JAN8680-KR-L,JAN8680,5.0,KURTA,L,BLUE
JAN8680-KR-M,JAN8680,0.0,KURTA,M,BLUE
JAN8680-KR-S,JAN8680,0.0,KURTA,S,BLUE
JAN8680-KR-XL,JAN8680,2.0,KURTA,XL,BLUE
JAN8680-KR-XXL,JAN8680,1.0,KURTA,XXL,BLUE
JNE0722,JNE0722,56.0,SAREE,FREE,PURPLE
JNE0850,JNE0850,30.0,SAREE,FREE,RED
JNE09186-BLUE-SR-JP7104RMV,JNE09186,65.0,SAREE,FREE,TEAL
JNE09187-PINK-SR-JP7104RNV,JNE09187,30.0,SAREE,FREE,PINK
JNE09209-MULTI-SR-JP8101RMV,JNE09209,24.0,SAREE,FREE,TEAL
JNE09210-PINK-SR-JP8101RNV,JNE09210,22.0,SAREE,FREE,PINK
JNE09233-MULTI-SR-JP8108PV,JNE09233,26.0,SAREE,FREE,PURPLE
JNE09300-PURPLE-SR-JB6102PV,JNE09300,59.0,SAREE,FREE,PURPLE
JNE1000-NAVY-SR-JB6102RMV,JNE1000,71.0,SAREE,FREE,TEAL
JNE1233-BLUE-KR-031-L,JNE1233,46.0,KURTA,L,BLUE
JNE1233-BLUE-KR-031-M,JNE1233,117.0,KURTA,M,BLUE
JNE1233-BLUE-KR-031-S,JNE1233,61.0,KURTA,S,BLUE
JNE1233-BLUE-KR-031-XL,JNE1233,139.0,KURTA,XL,BLUE
JNE1233-BLUE-KR-031-XS,JNE1233,23.0,KURTA,XS,BLUE
JNE1233-BLUE-KR-031-XXL,JNE1233,49.0,KURTA,XXL,BLUE
JNE1233-BLUE-KR-031-XXXL,JNE1233,75.0,KURTA,XXXL,BLUE
JNE1234-MULTI-KR-032-L,JNE1234,24.0,KURTA,L,MULTICOLOR
JNE1234-MULTI-KR-032-M,JNE1234,21.0,KURTA,M,MULTICOLOR
JNE1234-MULTI-KR-032-S,JNE1234,8.0,KURTA,S,MULTICOLOR
JNE1234-MULTI-KR-032-XL,JNE1234,8.0,KURTA,XL,MULTICOLOR
JNE1234-MULTI-KR-032-XS,JNE1234,18.0,KURTA,XS,MULTICOLOR
JNE1234-MULTI-KR-032-XXL,JNE1234,32.0,KURTA,XXL,MULTICOLOR
JNE1234-MULTI-KR-032-XXXL,JNE1234,4.0,KURTA,XXXL,MULTICOLOR
JNE1408-GREY-KR-UDF19-L,JNE1408,174.0,KURTA,L,GREY
JNE1408-GREY-KR-UDF19-M,JNE1408,32.0,KURTA,M,GREY
JNE1408-GREY-KR-UDF19-S,JNE1408,404.0,KURTA,S,GREY
JNE1408-GREY-KR-UDF19-XL,JNE1408,103.0,KURTA,XL,GREY
JNE1408-GREY-KR-UDF19-XS,JNE1408,262.0,KURTA,XS,GREY
JNE1408-GREY-KR-UDF19-XXL,JNE1408,55.0,KURTA,XXL,GREY
JNE1408-GREY-KR-UDF19-XXXL,JNE1408,119.0,KURTA,XXXL,GREY
JNE1525-KR-UDF19BLACK-L,JNE1525,874.0,KURTA,L,BLACK
JNE1525-KR-UDF19BLACK-M,JNE1525,1082.0,KURTA,M,BLACK
JNE1525-KR-UDF19BLACK-S,JNE1525,775.0,KURTA,S,BLACK
JNE1525-KR-UDF19BLACK-XL,JNE1525,844.0,KURTA,XL,BLACK
JNE1525-KR-UDF19BLACK-XS,JNE1525,563.0,KURTA,XS,BLACK
JNE1525-KR-UDF19BLACK-XXL,JNE1525,448.0,KURTA,XXL,BLACK
JNE1525-KR-UDF19BLACK-XXXL,JNE1525,222.0,KURTA,XXXL,BLACK
,JNE1906,1.0,KURTA,5XL,BLACK
JNE1906-KR-031-L,JNE1906,4.0,KURTA,L,BLACK
JNE1906-KR-031-M,JNE1906,10.0,KURTA,M,BLACK
JNE1906-KR-031-S,JNE1906,21.0,KURTA,S,BLACK
JNE1906-KR-031-XL,JNE1906,10.0,KURTA,XL,BLACK
JNE1906-KR-031-XS,JNE1906,34.0,KURTA,XS,BLACK
JNE1906-KR-031-XXL,JNE1906,7.0,KURTA,XXL,BLACK
JNE1906-KR-031-XXXL,JNE1906,1.0,KURTA,XXXL,BLACK
JNE1951-KR-155-L,JNE1951,5.0,KURTA,L,GREEN
JNE1951-KR-155-M,JNE1951,8.0,KURTA,M,GREEN
JNE1951-KR-155-S,JNE1951,23.0,KURTA,S,GREEN
JNE1951-KR-155-XL,JNE1951,0.0,KURTA,XL,GREEN
JNE1951-KR-155-XS,JNE1951,15.0,KURTA,XS,GREEN
JNE1951-KR-155-XXL,JNE1951,4.0,KURTA,XXL,GREEN
JNE1951-KR-155-XXXL,JNE1951,0.0,KURTA,XXXL,GREEN
JNE1975-KR-309-L,JNE1975,1.0,KURTA,L,YELLOW
JNE1975-KR-309-M,JNE1975,0.0,KURTA,M,YELLOW
JNE1975-KR-309-S,JNE1975,2.0,KURTA,S,YELLOW
JNE1975-KR-309-XL,JNE1975,0.0,KURTA,XL,YELLOW
JNE1975-KR-309-XS,JNE1975,2.0,KURTA,XS,YELLOW
JNE1975-KR-309-XXL,JNE1975,2.0,KURTA,XXL,YELLOW
JNE1975-KR-309-XXXL,JNE1975,0.0,KURTA,XXXL,YELLOW
JNE1977-KR-237-L,JNE1977,8.0,KURTA,L,PEACH
JNE1977-KR-237-M,JNE1977,3.0,KURTA,M,PEACH
JNE1977-KR-237-S,JNE1977,3.0,KURTA,S,PEACH
JNE1977-KR-237-XL,JNE1977,11.0,KURTA,XL,PEACH
JNE1977-KR-237-XS,JNE1977,6.0,KURTA,XS,PEACH
JNE1977-KR-237-XXL,JNE1977,3.0,KURTA,XXL,PEACH
JNE1977-KR-237-XXXL,JNE1977,2.0,KURTA,XXXL,PEACH
JNE1978-KR-238-L,JNE1978,2.0,KURTA,L,TEAL
JNE1978-KR-238-M,JNE1978,1.0,KURTA,M,TEAL
JNE1978-KR-238-S,JNE1978,1.0,KURTA,S,TEAL
JNE1978-KR-238-XL,JNE1978,0.0,KURTA,XL,TEAL
JNE1978-KR-238-XS,JNE1978,2.0,KURTA,XS,TEAL
JNE1978-KR-238-XXL,JNE1978,2.0,KURTA,XXL,TEAL
JNE1978-KR-238-XXXL,JNE1978,1.0,KURTA,XXXL,TEAL
JNE1998-KR-311-L,JNE1998,2.0,KURTA,L,MULTICOLOR
JNE1998-KR-311-M,JNE1998,8.0,KURTA,M,MULTICOLOR
JNE1998-KR-311-S,JNE1998,54.0,KURTA,S,MULTICOLOR
JNE1998-KR-311-XL,JNE1998,17.0,KURTA,XL,MULTICOLOR
JNE1998-KR-311-XS,JNE1998,3.0,KURTA,XS,MULTICOLOR
JNE1998-KR-311-XXL,JNE1998,5.0,KURTA,XXL,MULTICOLOR
JNE2009-KR-310-L,JNE2009,4.0,KURTA,L,BROWN
JNE2009-KR-310-M,JNE2009,10.0,KURTA,M,BROWN
JNE2009-KR-310-S,JNE2009,10.0,KURTA,S,BROWN
JNE2009-KR-310-XL,JNE2009,2.0,KURTA,XL,BROWN
JNE2009-KR-310-XS,JNE2009,12.0,KURTA,XS,BROWN
JNE2009-KR-310-XXL,JNE2009,2.0,KURTA,XXL,BROWN
JNE2014-KR-178-L,JNE2014,12.0,KURTA,L,MULTICOLOR
JNE2014-KR-178-M,JNE2014,27.0,KURTA,M,MULTICOLOR
JNE2014-KR-178-S,JNE2014,16.0,KURTA,S,MULTICOLOR
JNE2014-KR-178-XL,JNE2014,20.0,KURTA,XL,MULTICOLOR
JNE2014-KR-178-XS,JNE2014,21.0,KURTA,XS,MULTICOLOR
JNE2014-KR-178-XXL,JNE2014,28.0,KURTA,XXL,MULTICOLOR
JNE2014-KR-178-XXXL,JNE2014,29.0,KURTA,XXXL,MULTICOLOR
JNE2032-KR-205-L,JNE2032,0.0,KURTA,L,TEAL
JNE2032-KR-205-M,JNE2032,0.0,KURTA,M,TEAL
JNE2032-KR-205-S,JNE2032,46.0,KURTA,S,TEAL
JNE2032-KR-205-XL,JNE2032,6.0,KURTA,XL,TEAL
JNE2032-KR-205-XS,JNE2032,45.0,KURTA,XS,TEAL
JNE2032-KR-205-XXL,JNE2032,11.0,KURTA,XXL,TEAL
JNE2032-KR-205-XXXL,JNE2032,4.0,KURTA,XXXL,TEAL
JNE2041-KR-297-L,JNE2041,3.0,KURTA,L,RED
JNE2041-KR-297-M,JNE2041,6.0,KURTA,M,RED
JNE2041-KR-297-S,JNE2041,6.0,KURTA,S,RED
JNE2041-KR-297-XL,JNE2041,2.0,KURTA,XL,RED
JNE2041-KR-297-XS,JNE2041,5.0,KURTA,XS,RED
JNE2041-KR-297-XXL,JNE2041,3.0,KURTA,XXL,RED
JNE2041-KR-297-XXXL,JNE2041,12.0,KURTA,XXXL,RED
JNE2049-KR-351-L,JNE2049,4.0,KURTA,L,BLACK
JNE2049-KR-351-M,JNE2049,62.0,KURTA,M,BLACK
JNE2049-KR-351-S,JNE2049,159.0,KURTA,S,BLACK
JNE2049-KR-351-XL,JNE2049,41.0,KURTA,XL,BLACK
JNE2049-KR-351-XS,JNE2049,20.0,KURTA,XS,BLACK
JNE2049-KR-351-XXL,JNE2049,43.0,KURTA,XXL,BLACK
JNE2049-KR-351-XXXL,JNE2049,33.0,KURTA,XXXL,BLACK
JNE2086-KR-389-L,JNE2086,155.0,KURTA,L,MULTICOLOR
JNE2086-KR-389-M,JNE2086,35.0,KURTA,M,MULTICOLOR
JNE2086-KR-389-S,JNE2086,38.0,KURTA,S,MULTICOLOR
JNE2086-KR-389-XL,JNE2086,32.0,KURTA,XL,MULTICOLOR
JNE2086-KR-389-XS,JNE2086,30.0,KURTA,XS,MULTICOLOR
JNE2086-KR-389-XXL,JNE2086,27.0,KURTA,XXL,MULTICOLOR
JNE2086-KR-389-XXXL,JNE2086,96.0,KURTA,XXXL,MULTICOLOR
JNE2100-KR-144-L,JNE2100,8.0,KURTA,L,TEAL
JNE2100-KR-144-M,JNE2100,8.0,KURTA,M,TEAL
JNE2100-KR-144-S,JNE2100,76.0,KURTA,S,TEAL
JNE2100-KR-144-XL,JNE2100,11.0,KURTA,XL,TEAL
JNE2100-KR-144-XS,JNE2100,239.0,KURTA,XS,TEAL
JNE2100-KR-144-XXL,JNE2100,8.0,KURTA,XXL,TEAL
JNE2100-KR-144-XXXL,JNE2100,13.0,KURTA,XXXL,TEAL
JNE2101-KR-210-L,JNE2101,0.0,KURTA,L,RED
JNE2101-KR-210-M,JNE2101,2.0,KURTA,M,RED
JNE2101-KR-210-S,JNE2101,2.0,KURTA,S,RED
JNE2101-KR-210-XL,JNE2101,0.0,KURTA,XL,RED
JNE2101-KR-210-XS,JNE2101,1.0,KURTA,XS,RED
JNE2101-KR-210-XXL,JNE2101,0.0,KURTA,XXL,RED
JNE2101-KR-210-XXXL,JNE2101,2.0,KURTA,XXXL,RED
JNE2113-KR-381-L,JNE2113,1.0,KURTA,L,MULTICOLOR
JNE2113-KR-381-M,JNE2113,3.0,KURTA,M,MULTICOLOR
JNE2113-KR-381-S,JNE2113,4.0,KURTA,S,MULTICOLOR
JNE2113-KR-381-XL,JNE2113,5.0,KURTA,XL,MULTICOLOR
JNE2113-KR-381-XXL,JNE2113,6.0,KURTA,XXL,MULTICOLOR
JNE2114-KR-340-XL,JNE2114,9.0,KURTA,XL,RED
JNE2131-KR-A-L,JNE2131,6.0,KURTA,L,MULTICOLOR
JNE2131-KR-A-M,JNE2131,6.0,KURTA,M,MULTICOLOR
JNE2131-KR-A-S,JNE2131,10.0,KURTA,S,MULTICOLOR
JNE2131-KR-A-XL,JNE2131,6.0,KURTA,XL,MULTICOLOR
JNE2131-KR-A-XS,JNE2131,8.0,KURTA,XS,MULTICOLOR
JNE2131-KR-A-XXL,JNE2131,7.0,KURTA,XXL,MULTICOLOR
JNE2131-KR-A-XXXL,JNE2131,8.0,KURTA,XXXL,MULTICOLOR
JNE2132-KR-398-L,JNE2132,4.0,KURTA,L,PINK
JNE2132-KR-398-M,JNE2132,3.0,KURTA,M,PINK
JNE2132-KR-398-S,JNE2132,4.0,KURTA,S,PINK
JNE2132-KR-398-XL,JNE2132,2.0,KURTA,XL,PINK
JNE2132-KR-398-XS,JNE2132,1.0,KURTA,XS,PINK
JNE2132-KR-398-XXL,JNE2132,9.0,KURTA,XXL,PINK
JNE2132-KR-398-XXXL,JNE2132,5.0,KURTA,XXXL,PINK
JNE2145-KR-406-L,JNE2145,0.0,KURTA,L,BLUE
JNE2145-KR-406-M,JNE2145,3.0,KURTA,M,BLUE
JNE2145-KR-406-S,JNE2145,2.0,KURTA,S,BLUE
JNE2145-KR-406-XL,JNE2145,1.0,KURTA,XL,BLUE
JNE2145-KR-406-XS,JNE2145,1.0,KURTA,XS,BLUE
JNE2145-KR-406-XXL,JNE2145,2.0,KURTA,XXL,BLUE
JNE2145-KR-406-XXXL,JNE2145,3.0,KURTA,XXXL,BLUE
JNE2153-KR-278-L,JNE2153,1.0,KURTA,L,SEA GREEN
JNE2153-KR-278-M,JNE2153,5.0,KURTA,M,SEA GREEN
JNE2153-KR-278-S,JNE2153,37.0,KURTA,S,SEA GREEN
JNE2153-KR-278-XL,JNE2153,4.0,KURTA,XL,SEA GREEN
JNE2153-KR-278-XS,JNE2153,150.0,KURTA,XS,SEA GREEN
JNE2153-KR-278-XXL,JNE2153,3.0,KURTA,XXL,SEA GREEN
JNE2153-KR-278-XXXL,JNE2153,2.0,KURTA,XXXL,SEA GREEN
JNE2170-KR-436-L,JNE2170,54.0,KURTA,L,BLACK
JNE2170-KR-436-M,JNE2170,83.0,KURTA,M,BLACK
JNE2170-KR-436-S,JNE2170,49.0,KURTA,S,BLACK
JNE2170-KR-436-XL,JNE2170,56.0,KURTA,XL,BLACK
JNE2170-KR-436-XS,JNE2170,13.0,KURTA,XS,BLACK
JNE2170-KR-436-XXL,JNE2170,29.0,KURTA,XXL,BLACK
JNE2170-KR-436-XXXL,JNE2170,3.0,KURTA,XXXL,BLACK
JNE2171-KR-437-L,JNE2171,5.0,KURTA,L,WHITE
JNE2171-KR-437-M,JNE2171,5.0,KURTA,M,WHITE
JNE2171-KR-437-S,JNE2171,92.0,KURTA,S,WHITE
JNE2171-KR-437-XL,JNE2171,4.0,KURTA,XL,WHITE
JNE2171-KR-437-XS,JNE2171,29.0,KURTA,XS,WHITE
JNE2171-KR-437-XXL,JNE2171,1.0,KURTA,XXL,WHITE
JNE2171-KR-437-XXXL,JNE2171,1.0,KURTA,XXXL,WHITE
,JNE2199,1.0,KURTA,6XL,PINK
JNE2199-KR-411-L,JNE2199,21.0,KURTA,L,PINK
JNE2199-KR-411-M,JNE2199,59.0,KURTA,M,PINK
JNE2199-KR-411-S,JNE2199,35.0,KURTA,S,PINK
JNE2199-KR-411-XL,JNE2199,157.0,KURTA,XL,PINK
JNE2199-KR-411-XS,JNE2199,6.0,KURTA,XS,PINK
JNE2199-KR-411-XXL,JNE2199,55.0,KURTA,XXL,PINK
JNE2199-KR-411-XXXL,JNE2199,122.0,KURTA,XXXL,PINK
JNE2205-KR-467-L,JNE2205,1.0,KURTA,L,LIGHT GREEN
JNE2205-KR-467-M,JNE2205,0.0,KURTA,M,LIGHT GREEN
JNE2205-KR-467-S,JNE2205,2.0,KURTA,S,LIGHT GREEN
JNE2205-KR-467-XL,JNE2205,3.0,KURTA,XL,LIGHT GREEN
JNE2205-KR-467-XS,JNE2205,8.0,KURTA,XS,LIGHT GREEN
JNE2205-KR-467-XXL,JNE2205,7.0,KURTA,XXL,LIGHT GREEN
JNE2205-KR-467-XXXL,JNE2205,2.0,KURTA,XXXL,LIGHT GREEN
JNE2251-KR-537-L,JNE2251,2.0,KURTA,L,PEACH
JNE2251-KR-537-M,JNE2251,3.0,KURTA,M,PEACH
JNE2251-KR-537-S,JNE2251,1.0,KURTA,S,PEACH
JNE2251-KR-537-XL,JNE2251,2.0,KURTA,XL,PEACH
JNE2251-KR-537-XS,JNE2251,2.0,KURTA,XS,PEACH
JNE2251-KR-537-XXL,JNE2251,2.0,KURTA,XXL,PEACH
JNE2251-KR-537-XXXL,JNE2251,3.0,KURTA,XXXL,PEACH
JNE2262-KR-569-M,JNE2262,1.0,KURTA,M,BLACK
JNE2262-KR-569-S,JNE2262,4.0,KURTA,S,BLACK
JNE2262-KR-569-XXL,JNE2262,0.0,KURTA,XXL,BLACK
JNE2265-KR-501-L,JNE2265,12.0,KURTA,L,PURPLE
JNE2265-KR-501-M,JNE2265,8.0,KURTA,M,PURPLE
JNE2265-KR-501-S,JNE2265,5.0,KURTA,S,PURPLE
JNE2265-KR-501-XL,JNE2265,13.0,KURTA,XL,PURPLE
JNE2265-KR-501-XS,JNE2265,26.0,KURTA,XS,PURPLE
JNE2265-KR-501-XXL,JNE2265,16.0,KURTA,XXL,PURPLE
JNE2265-KR-501-XXXL,JNE2265,1.0,KURTA,XXXL,PURPLE
JNE2266-KR-490-L,JNE2266,2.0,KURTA,L,BLACK
JNE2266-KR-490-M,JNE2266,19.0,KURTA,M,BLACK
JNE2266-KR-490-S,JNE2266,5.0,KURTA,S,BLACK
JNE2266-KR-490-XL,JNE2266,20.0,KURTA,XL,BLACK
JNE2266-KR-490-XS,JNE2266,60.0,KURTA,XS,BLACK
JNE2266-KR-490-XXL,JNE2266,6.0,KURTA,XXL,BLACK
,JNE2270,0.0,KURTA,6XL,BEIGE
JNE2270-KR-487-L,JNE2270,414.0,KURTA,L,BEIGE
JNE2270-KR-487-M,JNE2270,478.0,KURTA,M,BEIGE
JNE2270-KR-487-S,JNE2270,193.0,KURTA,S,BEIGE
JNE2270-KR-487-XL,JNE2270,333.0,KURTA,XL,BEIGE
JNE2270-KR-487-XS,JNE2270,173.0,KURTA,XS,BEIGE
JNE2270-KR-487-XXL,JNE2270,949.0,KURTA,XXL,BEIGE
JNE2270-KR-487-XXXL,JNE2270,0.0,KURTA,XXXL,BEIGE
JNE2288-KR-L,JNE2288,35.0,KURTA,L,YELLOW
JNE2288-KR-M,JNE2288,25.0,KURTA,M,YELLOW
JNE2288-KR-S,JNE2288,28.0,KURTA,S,YELLOW
JNE2288-KR-XL,JNE2288,22.0,KURTA,XL,YELLOW
JNE2288-KR-XXL,JNE2288,25.0,KURTA,XXL,YELLOW
JNE2291-KR-602-L,JNE2291,6.0,KURTA,L,MUSTARD
JNE2291-KR-602-M,JNE2291,44.0,KURTA,M,MUSTARD
JNE2291-KR-602-S,JNE2291,62.0,KURTA,S,MUSTARD
JNE2291-KR-602-XL,JNE2291,24.0,KURTA,XL,MUSTARD
JNE2291-KR-602-XS,JNE2291,60.0,KURTA,XS,MUSTARD
JNE2291-KR-602-XXL,JNE2291,19.0,KURTA,XXL,MUSTARD
JNE2291-KR-602-XXXL,JNE2291,10.0,KURTA,XXXL,MUSTARD
JNE2294-KR-A-L,JNE2294,3.0,KURTA,L,YELLOW
JNE2294-KR-A-M,JNE2294,8.0,KURTA,M,YELLOW
JNE2294-KR-A-S,JNE2294,8.0,KURTA,S,YELLOW
JNE2294-KR-A-XL,JNE2294,6.0,KURTA,XL,YELLOW
JNE2294-KR-A-XS,JNE2294,9.0,KURTA,XS,YELLOW
JNE2294-KR-A-XXL,JNE2294,3.0,KURTA,XXL,YELLOW
JNE2294-KR-A-XXXL,JNE2294,4.0,KURTA,XXXL,YELLOW
JNE2305-KR-533-L,JNE2305,284.0,KURTA,L,LIGHT BROWN
JNE2305-KR-533-M,JNE2305,186.0,KURTA,M,LIGHT BROWN
JNE2305-KR-533-S,JNE2305,12.0,KURTA,S,LIGHT BROWN
JNE2305-KR-533-XL,JNE2305,284.0,KURTA,XL,LIGHT BROWN
JNE2305-KR-533-XS,JNE2305,173.0,KURTA,XS,LIGHT BROWN
JNE2305-KR-533-XXL,JNE2305,126.0,KURTA,XXL,LIGHT BROWN
JNE2305-KR-XXXL,JNE2305,0.0,KURTA,XXXL,LIGHT BROWN
JNE2307-KR-572-L,JNE2307,3.0,KURTA,L,GREY
JNE2307-KR-572-M,JNE2307,1.0,KURTA,M,GREY
JNE2307-KR-572-S,JNE2307,2.0,KURTA,S,GREY
JNE2307-KR-572-XL,JNE2307,2.0,KURTA,XL,GREY
JNE2307-KR-572-XXL,JNE2307,3.0,KURTA,XXL,GREY
JNE3030-KR-L,JNE3030,7.0,KURTA,L,MAROON
JNE3030-KR-M,JNE3030,48.0,KURTA,M,MAROON
JNE3030-KR-S,JNE3030,33.0,KURTA,S,MAROON
JNE3030-KR-XL,JNE3030,5.0,KURTA,XL,MAROON
JNE3030-KR-XS,JNE3030,25.0,KURTA,XS,MAROON
JNE3030-KR-XXL,JNE3030,23.0,KURTA,XXL,MAROON
JNE3030-KR-XXXL,JNE3030,3.0,KURTA,XXXL,MAROON
JNE3042-KR-L,JNE3042,3.0,KURTA,L,GREY
JNE3042-KR-M,JNE3042,7.0,KURTA,M,GREY
JNE3042-KR-S,JNE3042,3.0,KURTA,S,GREY
JNE3042-KR-XL,JNE3042,2.0,KURTA,XL,GREY
JNE3042-KR-XS,JNE3042,6.0,KURTA,XS,GREY
JNE3042-KR-XXL,JNE3042,5.0,KURTA,XXL,GREY
JNE3042-KR-XXXL,JNE3042,0.0,KURTA,XXXL,GREY
JNE3065-KR-L,JNE3065,8.0,KURTA,L,TURQUOISE BLUE
JNE3065-KR-M,JNE3065,2.0,KURTA,M,TURQUOISE BLUE
JNE3065-KR-S,JNE3065,13.0,KURTA,S,TURQUOISE BLUE
JNE3065-KR-XL,JNE3065,7.0,KURTA,XL,TURQUOISE BLUE
,JNE3065,0.0,KURTA,XS,TURQUOISE BLUE
JNE3065-KR-XXL,JNE3065,3.0,KURTA,XXL,TURQUOISE BLUE
,JNE3068,0.0,KURTA,5XL,BLACK
,JNE3068,0.0,KURTA,6XL,BLACK
JNE3068-KR-L,JNE3068,45.0,KURTA,L,BLACK
JNE3068-KR-M,JNE3068,35.0,KURTA,M,BLACK
JNE3068-KR-S,JNE3068,39.0,KURTA,S,BLACK
JNE3068-KR-XL,JNE3068,9.0,KURTA,XL,BLACK
JNE3068-KR-XXL,JNE3068,4.0,KURTA,XXL,BLACK
JNE3160-KR-L,JNE3160,20.0,KURTA,L,WHITE
JNE3160-KR-M,JNE3160,12.0,KURTA,M,WHITE
JNE3160-KR-S,JNE3160,53.0,KURTA,S,WHITE
JNE3160-KR-XL,JNE3160,30.0,KURTA,XL,WHITE
JNE3160-KR-XS,JNE3160,26.0,KURTA,XS,WHITE
JNE3160-KR-XXL,JNE3160,37.0,KURTA,XXL,WHITE
JNE3160-KR-XXXL,JNE3160,38.0,KURTA,XXXL,WHITE
JNE3225-KR-L,JNE3225,0.0,KURTA,L,LIGHT BLUE
JNE3225-KR-M,JNE3225,1.0,KURTA,M,LIGHT BLUE
JNE3225-KR-S,JNE3225,3.0,KURTA,S,LIGHT BLUE
JNE3225-KR-XL,JNE3225,0.0,KURTA,XL,LIGHT BLUE
JNE3225-KR-XS,JNE3225,4.0,KURTA,XS,LIGHT BLUE
JNE3225-KR-XXL,JNE3225,0.0,KURTA,XXL,LIGHT BLUE
JNE3225-KR-XXXL,JNE3225,4.0,KURTA,XXXL,LIGHT BLUE
JNE3250-KR-L,JNE3250,1.0,KURTA,L,PINK
JNE3250-KR-M,JNE3250,2.0,KURTA,M,PINK
JNE3250-KR-S,JNE3250,2.0,KURTA,S,PINK
JNE3250-KR-XL,JNE3250,3.0,KURTA,XL,PINK
JNE3250-KR-XXL,JNE3250,1.0,KURTA,XXL,PINK
JNE3251-KR-L,JNE3251,46.0,KURTA,L,BLUE
JNE3251-KR-M,JNE3251,69.0,KURTA,M,BLUE
JNE3251-KR-S,JNE3251,90.0,KURTA,S,BLUE
JNE3251-KR-XL,JNE3251,70.0,KURTA,XL,BLUE
JNE3251-KR-XXL,JNE3251,56.0,KURTA,XXL,BLUE
JNE3252-KR-L,JNE3252,5.0,KURTA,L,PINK
JNE3252-KR-M,JNE3252,11.0,KURTA,M,PINK
JNE3252-KR-S,JNE3252,8.0,KURTA,S,PINK
JNE3252-KR-XL,JNE3252,11.0,KURTA,XL,PINK
JNE3252-KR-XS,JNE3252,10.0,KURTA,XS,PINK
JNE3252-KR-XXL,JNE3252,5.0,KURTA,XXL,PINK
JNE3252-KR-XXXL,JNE3252,10.0,KURTA,XXXL,PINK
JNE3253-KR-L,JNE3253,21.0,KURTA,L,BLACK
JNE3253-KR-M,JNE3253,23.0,KURTA,M,BLACK
JNE3253-KR-S,JNE3253,22.0,KURTA,S,BLACK
JNE3253-KR-XL,JNE3253,21.0,KURTA,XL,BLACK
JNE3253-KR-XXL,JNE3253,19.0,KURTA,XXL,BLACK
JNE3255-KR-L,JNE3255,21.0,KURTA,L,MAROON
JNE3255-KR-M,JNE3255,25.0,KURTA,M,MAROON
JNE3255-KR-S,JNE3255,16.0,KURTA,S,MAROON
JNE3255-KR-XL,JNE3255,11.0,KURTA,XL,MAROON
JNE3255-KR-XS,JNE3255,66.0,KURTA,XS,MAROON
JNE3255-KR-XXL,JNE3255,8.0,KURTA,XXL,MAROON
JNE3255-KR-XXXL,JNE3255,6.0,KURTA,XXXL,MAROON
JNE3256-KR-L,JNE3256,187.0,KURTA,L,BLUE
JNE3256-KR-M,JNE3256,90.0,KURTA,M,BLUE
JNE3256-KR-S,JNE3256,62.0,KURTA,S,BLUE
JNE3256-KR-XL,JNE3256,87.0,KURTA,XL,BLUE
JNE3256-KR-XS,JNE3256,63.0,KURTA,XS,BLUE
JNE3256-KR-XXL,JNE3256,112.0,KURTA,XXL,BLUE
JNE3256-KR-XXXL,JNE3256,103.0,KURTA,XXXL,BLUE
JNE3257-KR-L,JNE3257,8.0,KURTA,L,MAGENTA
JNE3257-KR-M,JNE3257,9.0,KURTA,M,MAGENTA
JNE3257-KR-S,JNE3257,13.0,KURTA,S,MAGENTA
JNE3257-KR-XL,JNE3257,12.0,KURTA,XL,MAGENTA
JNE3257-KR-XXL,JNE3257,9.0,KURTA,XXL,MAGENTA
JNE3261-KR-L,JNE3261,26.0,KURTA,L,PEACH
JNE3261-KR-M,JNE3261,41.0,KURTA,M,PEACH
JNE3261-KR-S,JNE3261,15.0,KURTA,S,PEACH
JNE3261-KR-XL,JNE3261,147.0,KURTA,XL,PEACH
JNE3261-KR-XS,JNE3261,5.0,KURTA,XS,PEACH
JNE3261-KR-XXL,JNE3261,38.0,KURTA,XXL,PEACH
JNE3261-KR-XXXL,JNE3261,50.0,KURTA,XXXL,PEACH
JNE3262-KR-L,JNE3262,1.0,KURTA,L,PEACH
JNE3265-KR-L,JNE3265,8.0,KURTA,L,LIGHT GREEN
JNE3265-KR-M,JNE3265,6.0,KURTA,M,LIGHT GREEN
JNE3265-KR-S,JNE3265,24.0,KURTA,S,LIGHT GREEN
JNE3265-KR-XL,JNE3265,4.0,KURTA,XL,LIGHT GREEN
JNE3265-KR-XXL,JNE3265,3.0,KURTA,XXL,LIGHT GREEN
JNE3270-KR-L,JNE3270,45.0,KURTA,L,MAROON
JNE3270-KR-M,JNE3270,31.0,KURTA,M,MAROON
JNE3270-KR-S,JNE3270,38.0,KURTA,S,MAROON
JNE3270-KR-XL,JNE3270,29.0,KURTA,XL,MAROON
JNE3270-KR-XS,JNE3270,44.0,KURTA,XS,MAROON
JNE3270-KR-XXL,JNE3270,4.0,KURTA,XXL,MAROON
JNE3270-KR-XXXL,JNE3270,11.0,KURTA,XXXL,MAROON
JNE3273-KR-L,JNE3273,4.0,KURTA,L,MAROON
JNE3273-KR-M,JNE3273,14.0,KURTA,M,MAROON
JNE3273-KR-S,JNE3273,6.0,KURTA,S,MAROON
JNE3273-KR-XL,JNE3273,15.0,KURTA,XL,MAROON
JNE3273-KR-XS,JNE3273,26.0,KURTA,XS,MAROON
JNE3273-KR-XXL,JNE3273,2.0,KURTA,XXL,MAROON
JNE3273-KR-XXXL,JNE3273,3.0,KURTA,XXXL,MAROON
JNE3279-KR-L,JNE3279,2.0,KURTA,L,PEACH
JNE3279-KR-M,JNE3279,2.0,KURTA,M,PEACH
JNE3279-KR-S,JNE3279,3.0,KURTA,S,PEACH
JNE3279-KR-XL,JNE3279,1.0,KURTA,XL,PEACH
JNE3279-KR-XS,JNE3279,3.0,KURTA,XS,PEACH
JNE3279-KR-XXL,JNE3279,3.0,KURTA,XXL,PEACH
JNE3279-KR-XXXL,JNE3279,4.0,KURTA,XXXL,PEACH
JNE3284-KR-L,JNE3284,4.0,KURTA,L,PEACH
JNE3284-KR-M,JNE3284,3.0,KURTA,M,PEACH
JNE3284-KR-S,JNE3284,7.0,KURTA,S,PEACH
JNE3284-KR-XL,JNE3284,4.0,KURTA,XL,PEACH
JNE3284-KR-XXL,JNE3284,5.0,KURTA,XXL,PEACH
JNE3288-KR-L,JNE3288,13.0,KURTA,L,PINK
JNE3288-KR-M,JNE3288,16.0,KURTA,M,PINK
JNE3288-KR-S,JNE3288,30.0,KURTA,S,PINK
JNE3288-KR-XL,JNE3288,19.0,KURTA,XL,PINK
JNE3288-KR-XS,JNE3288,8.0,KURTA,XS,PINK
JNE3288-KR-XXL,JNE3288,16.0,KURTA,XXL,PINK
JNE3288-KR-XXXL,JNE3288,35.0,KURTA,XXXL,PINK
JNE3291-KR-L,JNE3291,151.0,KURTA,L,LIGHT GREEN
JNE3291-KR-M,JNE3291,122.0,KURTA,M,LIGHT GREEN
JNE3291-KR-S,JNE3291,19.0,KURTA,S,LIGHT GREEN
JNE3291-KR-XL,JNE3291,81.0,KURTA,XL,LIGHT GREEN
JNE3291-KR-XS,JNE3291,8.0,KURTA,XS,LIGHT GREEN
JNE3291-KR-XXL,JNE3291,131.0,KURTA,XXL,LIGHT GREEN
JNE3291-KR-XXXL,JNE3291,140.0,KURTA,XXXL,LIGHT GREEN
JNE3294-KR-L,JNE3294,5.0,KURTA,L,YELLOW
JNE3294-KR-M,JNE3294,4.0,KURTA,M,YELLOW
JNE3294-KR-S,JNE3294,1.0,KURTA,S,YELLOW
JNE3294-KR-XL,JNE3294,7.0,KURTA,XL,YELLOW
JNE3294-KR-XS,JNE3294,33.0,KURTA,XS,YELLOW
JNE3294-KR-XXL,JNE3294,5.0,KURTA,XXL,YELLOW
JNE3294-KR-XXXL,JNE3294,5.0,KURTA,XXXL,YELLOW
JNE3311-KR-L,JNE3311,2.0,KURTA,L,PEACH
JNE3311-KR-M,JNE3311,2.0,KURTA,M,PEACH
JNE3311-KR-S,JNE3311,4.0,KURTA,S,PEACH
JNE3311-KR-XL,JNE3311,3.0,KURTA,XL,PEACH
JNE3311-KR-XS,JNE3311,3.0,KURTA,XS,PEACH
JNE3311-KR-XXL,JNE3311,0.0,KURTA,XXL,PEACH
JNE3311-KR-XXXL,JNE3311,2.0,KURTA,XXXL,PEACH
JNE3313-KR-L,JNE3313,29.0,KURTA,L,BLACK
JNE3313-KR-M,JNE3313,51.0,KURTA,M,BLACK
JNE3313-KR-S,JNE3313,57.0,KURTA,S,BLACK
JNE3313-KR-XL,JNE3313,20.0,KURTA,XL,BLACK
JNE3313-KR-XS,JNE3313,16.0,KURTA,XS,BLACK
JNE3313-KR-XXL,JNE3313,66.0,KURTA,XXL,BLACK
JNE3313-KR-XXXL,JNE3313,9.0,KURTA,XXXL,BLACK
JNE3323-KR-L,JNE3323,3.0,KURTA,L,TEAL
JNE3323-KR-M,JNE3323,1.0,KURTA,M,TEAL
JNE3323-KR-S,JNE3323,3.0,KURTA,S,TEAL
JNE3323-KR-XL,JNE3323,2.0,KURTA,XL,TEAL
JNE3323-KR-XS,JNE3323,3.0,KURTA,XS,TEAL
JNE3323-KR-XXL,JNE3323,7.0,KURTA,XXL,TEAL
JNE3323-KR-XXXL,JNE3323,2.0,KURTA,XXXL,TEAL
JNE3332-KR-S,JNE3332,1.0,KURTA,S,PEACH
JNE3334-KR-L,JNE3334,6.0,KURTA,L,BLACK
JNE3334-KR-M,JNE3334,12.0,KURTA,M,BLACK
JNE3334-KR-S,JNE3334,37.0,KURTA,S,BLACK
JNE3334-KR-XL,JNE3334,6.0,KURTA,XL,BLACK
JNE3334-KR-XXL,JNE3334,4.0,KURTA,XXL,BLACK
JNE3336-KR-L,JNE3336,2.0,KURTA,L,SKY BLUE
JNE3336-KR-M,JNE3336,5.0,KURTA,M,SKY BLUE
JNE3336-KR-S,JNE3336,14.0,KURTA,S,SKY BLUE
JNE3336-KR-XL,JNE3336,3.0,KURTA,XL,SKY BLUE
JNE3336-KR-XS,JNE3336,9.0,KURTA,XS,SKY BLUE
JNE3336-KR-XXL,JNE3336,2.0,KURTA,XXL,SKY BLUE
JNE3336-KR-XXXL,JNE3336,2.0,KURTA,XXXL,SKY BLUE
JNE3337-KR-L,JNE3337,2.0,KURTA,L,PEACH
JNE3337-KR-M,JNE3337,3.0,KURTA,M,PEACH
JNE3337-KR-S,JNE3337,3.0,KURTA,S,PEACH
JNE3337-KR-XL,JNE3337,2.0,KURTA,XL,PEACH
JNE3337-KR-XXL,JNE3337,2.0,KURTA,XXL,PEACH
JNE3338-KR-L,JNE3338,2.0,KURTA,L,GREY
JNE3338-KR-M,JNE3338,13.0,KURTA,M,GREY
JNE3338-KR-S,JNE3338,13.0,KURTA,S,GREY
JNE3338-KR-XL,JNE3338,5.0,KURTA,XL,GREY
JNE3338-KR-XXL,JNE3338,9.0,KURTA,XXL,GREY
JNE3348-KR-L,JNE3348,10.0,KURTA,L,PINK
JNE3348-KR-M,JNE3348,63.0,KURTA,M,PINK
JNE3348-KR-S,JNE3348,13.0,KURTA,S,PINK
JNE3348-KR-XL,JNE3348,44.0,KURTA,XL,PINK
JNE3348-KR-XS,JNE3348,25.0,KURTA,XS,PINK
JNE3348-KR-XXL,JNE3348,43.0,KURTA,XXL,PINK
JNE3348-KR-XXXL,JNE3348,61.0,KURTA,XXXL,PINK
JNE3349-KR-L,JNE3349,18.0,KURTA,L,NAVY BLUE
JNE3349-KR-M,JNE3349,17.0,KURTA,M,NAVY BLUE
JNE3349-KR-S,JNE3349,19.0,KURTA,S,NAVY BLUE
JNE3349-KR-XS,JNE3349,0.0,KURTA,XS,NAVY BLUE
JNE3349-KR-XXL,JNE3349,0.0,KURTA,XXL,NAVY BLUE
JNE3354-KR-L,JNE3354,56.0,KURTA,L,MUSTARD
JNE3354-KR-M,JNE3354,60.0,KURTA,M,MUSTARD
JNE3354-KR-S,JNE3354,63.0,KURTA,S,MUSTARD
JNE3354-KR-XL,JNE3354,52.0,KURTA,XL,MUSTARD
JNE3354-KR-XXL,JNE3354,51.0,KURTA,XXL,MUSTARD
JNE3355-KR-L,JNE3355,44.0,KURTA,L,CREAM
JNE3355-KR-M,JNE3355,54.0,KURTA,M,CREAM
JNE3355-KR-S,JNE3355,56.0,KURTA,S,CREAM
JNE3355-KR-XL,JNE3355,47.0,KURTA,XL,CREAM
JNE3355-KR-XXL,JNE3355,48.0,KURTA,XXL,CREAM
JNE3356-KR-L,JNE3356,49.0,KURTA,L,YELLOW
JNE3356-KR-M,JNE3356,50.0,KURTA,M,YELLOW
JNE3356-KR-S,JNE3356,82.0,KURTA,S,YELLOW
JNE3356-KR-XL,JNE3356,49.0,KURTA,XL,YELLOW
JNE3356-KR-XXL,JNE3356,48.0,KURTA,XXL,YELLOW
JNE3357-KR-L,JNE3357,22.0,KURTA,L,YELLOW
JNE3357-KR-M,JNE3357,26.0,KURTA,M,YELLOW
JNE3357-KR-S,JNE3357,26.0,KURTA,S,YELLOW
JNE3357-KR-XL,JNE3357,28.0,KURTA,XL,YELLOW
JNE3357-KR-XXL,JNE3357,29.0,KURTA,XXL,YELLOW
JNE3359-KR-L,JNE3359,7.0,KURTA,L,GREY
JNE3359-KR-M,JNE3359,7.0,KURTA,M,GREY
JNE3359-KR-S,JNE3359,4.0,KURTA,S,GREY
JNE3359-KR-XL,JNE3359,4.0,KURTA,XL,GREY
JNE3359-KR-XS,JNE3359,2.0,KURTA,XS,GREY
JNE3359-KR-XXL,JNE3359,3.0,KURTA,XXL,GREY
JNE3359-KR-XXXL,JNE3359,1.0,KURTA,XXXL,GREY
JNE3360-KR-XL,JNE3360,1.0,KURTA,XL,MUSTARD
JNE3363-KR-1032-L,JNE3363,158.0,KURTA,L,DARK BLUE
JNE3363-KR-1032-M,JNE3363,130.0,KURTA,M,DARK BLUE
JNE3363-KR-1032-S,JNE3363,23.0,KURTA,S,DARK BLUE
JNE3363-KR-1032-XL,JNE3363,22.0,KURTA,XL,DARK BLUE
JNE3363-KR-1032-XS,JNE3363,11.0,KURTA,XS,DARK BLUE
JNE3363-KR-1032-XXL,JNE3363,158.0,KURTA,XXL,DARK BLUE
JNE3363-KR-1032-XXXL,JNE3363,10.0,KURTA,XXXL,DARK BLUE
JNE3364-KR-1051-L,JNE3364,158.0,KURTA,L,LIGHT GREEN
JNE3364-KR-1051-M,JNE3364,306.0,KURTA,M,LIGHT GREEN
JNE3364-KR-1051-S,JNE3364,150.0,KURTA,S,LIGHT GREEN
JNE3364-KR-1051-XL,JNE3364,170.0,KURTA,XL,LIGHT GREEN
JNE3364-KR-1051-XS,JNE3364,169.0,KURTA,XS,LIGHT GREEN
JNE3364-KR-1051-XXL,JNE3364,135.0,KURTA,XXL,LIGHT GREEN
JNE3364-KR-1051-XXXL,JNE3364,156.0,KURTA,XXXL,LIGHT GREEN
JNE3365-KR-1052-L,JNE3365,15.0,KURTA,L,MUSTARD
JNE3365-KR-1052-M,JNE3365,6.0,KURTA,M,MUSTARD
JNE3365-KR-1052-S,JNE3365,10.0,KURTA,S,MUSTARD
JNE3365-KR-1052-XL,JNE3365,10.0,KURTA,XL,MUSTARD
JNE3365-KR-1052-XS,JNE3365,14.0,KURTA,XS,MUSTARD
JNE3365-KR-1052-XXL,JNE3365,4.0,KURTA,XXL,MUSTARD
JNE3365-KR-1052-XXXL,JNE3365,12.0,KURTA,XXXL,MUSTARD
JNE3366-KR-1053-L,JNE3366,246.0,KURTA,L,PEACH
JNE3366-KR-1053-M,JNE3366,168.0,KURTA,M,PEACH
JNE3366-KR-1053-S,JNE3366,181.0,KURTA,S,PEACH
JNE3366-KR-1053-XL,JNE3366,243.0,KURTA,XL,PEACH
JNE3366-KR-1053-XS,JNE3366,128.0,KURTA,XS,PEACH
JNE3366-KR-1053-XXL,JNE3366,73.0,KURTA,XXL,PEACH
JNE3366-KR-1053-XXXL,JNE3366,100.0,KURTA,XXXL,PEACH
,JNE3368,1.0,KURTA,6XL,LIGHT GREEN
JNE3368-KR-L,JNE3368,429.0,KURTA,L,LIGHT GREEN
JNE3368-KR-M,JNE3368,63.0,KURTA,M,LIGHT GREEN
JNE3368-KR-S,JNE3368,296.0,KURTA,S,LIGHT GREEN
JNE3368-KR-XL,JNE3368,481.0,KURTA,XL,LIGHT GREEN
JNE3368-KR-XS,JNE3368,107.0,KURTA,XS,LIGHT GREEN
JNE3368-KR-XXL,JNE3368,757.0,KURTA,XXL,LIGHT GREEN
JNE3368-KR-XXXL,JNE3368,985.0,KURTA,XXXL,LIGHT GREEN
JNE3369-KR-L,JNE3369,9.0,KURTA,L,BLACK
JNE3369-KR-M,JNE3369,2.0,KURTA,M,BLACK
JNE3369-KR-S,JNE3369,3.0,KURTA,S,BLACK
JNE3369-KR-XL,JNE3369,15.0,KURTA,XL,BLACK
JNE3369-KR-XS,JNE3369,41.0,KURTA,XS,BLACK
JNE3369-KR-XXL,JNE3369,4.0,KURTA,XXL,BLACK
JNE3369-KR-XXXL,JNE3369,8.0,KURTA,XXXL,BLACK
JNE3370-KR-L,JNE3370,2.0,KURTA,L,RED
JNE3370-KR-M,JNE3370,4.0,KURTA,M,RED
JNE3370-KR-S,JNE3370,4.0,KURTA,S,RED
JNE3370-KR-XL,JNE3370,4.0,KURTA,XL,RED
JNE3370-KR-XXL,JNE3370,4.0,KURTA,XXL,RED
JNE3371-KR-L,JNE3371,2.0,KURTA,L,LIGHT GREEN
JNE3371-KR-M,JNE3371,7.0,KURTA,M,LIGHT GREEN
JNE3371-KR-S,JNE3371,3.0,KURTA,S,LIGHT GREEN
JNE3371-KR-XL,JNE3371,4.0,KURTA,XL,LIGHT GREEN
JNE3371-KR-XS,JNE3371,7.0,KURTA,XS,LIGHT GREEN
JNE3371-KR-XXL,JNE3371,4.0,KURTA,XXL,LIGHT GREEN
JNE3371-KR-XXXL,JNE3371,2.0,KURTA,XXXL,LIGHT GREEN
JNE3373-KR-L,JNE3373,62.0,KURTA,L,BLACK
JNE3373-KR-M,JNE3373,47.0,KURTA,M,BLACK
JNE3373-KR-S,JNE3373,21.0,KURTA,S,BLACK
JNE3373-KR-XL,JNE3373,45.0,KURTA,XL,BLACK
JNE3373-KR-XS,JNE3373,32.0,KURTA,XS,BLACK
JNE3373-KR-XXL,JNE3373,59.0,KURTA,XXL,BLACK
JNE3373-KR-XXXL,JNE3373,36.0,KURTA,XXXL,BLACK
JNE3375-KR-L,JNE3375,0.0,KURTA,L,BLACK
JNE3375-KR-M,JNE3375,2.0,KURTA,M,BLACK
JNE3375-KR-S,JNE3375,2.0,KURTA,S,BLACK
JNE3375-KR-XL,JNE3375,0.0,KURTA,XL,BLACK
JNE3375-KR-XS,JNE3375,2.0,KURTA,XS,BLACK
JNE3375-KR-XXL,JNE3375,0.0,KURTA,XXL,BLACK
JNE3375-KR-XXXL,JNE3375,0.0,KURTA,XXXL,BLACK
JNE3376-KR-L,JNE3376,7.0,KURTA,L,MUSTARD
JNE3376-KR-M,JNE3376,39.0,KURTA,M,MUSTARD
JNE3376-KR-S,JNE3376,11.0,KURTA,S,MUSTARD
JNE3376-KR-XL,JNE3376,33.0,KURTA,XL,MUSTARD
JNE3376-KR-XS,JNE3376,28.0,KURTA,XS,MUSTARD
JNE3376-KR-XXL,JNE3376,15.0,KURTA,XXL,MUSTARD
JNE3376-KR-XXXL,JNE3376,6.0,KURTA,XXXL,MUSTARD
JNE3383-KR-L,JNE3383,42.0,KURTA,L,DARK GREEN
JNE3383-KR-M,JNE3383,65.0,KURTA,M,DARK GREEN
JNE3383-KR-S,JNE3383,64.0,KURTA,S,DARK GREEN
JNE3383-KR-XL,JNE3383,70.0,KURTA,XL,DARK GREEN
JNE3383-KR-XS,JNE3383,11.0,KURTA,XS,DARK GREEN
JNE3383-KR-XXL,JNE3383,98.0,KURTA,XXL,DARK GREEN
JNE3383-KR-XXXL,JNE3383,46.0,KURTA,XXXL,DARK GREEN
JNE3384-KR-L,JNE3384,6.0,KURTA,L,TURQUOISE BLUE
JNE3384-KR-M,JNE3384,7.0,KURTA,M,TURQUOISE BLUE
JNE3384-KR-S,JNE3384,17.0,KURTA,S,TURQUOISE BLUE
JNE3384-KR-XL,JNE3384,3.0,KURTA,XL,TURQUOISE BLUE
JNE3384-KR-XS,JNE3384,8.0,KURTA,XS,TURQUOISE BLUE
JNE3384-KR-XXL,JNE3384,6.0,KURTA,XXL,TURQUOISE BLUE
JNE3384-KR-XXXL,JNE3384,7.0,KURTA,XXXL,TURQUOISE BLUE
JNE3385-KR-L,JNE3385,25.0,KURTA,L,MUSTARD
JNE3385-KR-M,JNE3385,15.0,KURTA,M,MUSTARD
JNE3385-KR-S,JNE3385,37.0,KURTA,S,MUSTARD
JNE3385-KR-XL,JNE3385,17.0,KURTA,XL,MUSTARD
JNE3385-KR-XXL,JNE3385,24.0,KURTA,XXL,MUSTARD
JNE3386-KR-S,JNE3386,2.0,KURTA,S,DARK BLUE
JNE3386-KR-XS,JNE3386,1.0,KURTA,XS,DARK BLUE
JNE3386-KR-XXXL,JNE3386,1.0,KURTA,XXXL,DARK BLUE
JNE3387-KR-L,JNE3387,39.0,KURTA,L,DARK GREEN
JNE3387-KR-M,JNE3387,46.0,KURTA,M,DARK GREEN
JNE3387-KR-S,JNE3387,45.0,KURTA,S,DARK GREEN
JNE3387-KR-XL,JNE3387,39.0,KURTA,XL,DARK GREEN
JNE3387-KR-XXL,JNE3387,29.0,KURTA,XXL,DARK GREEN
JNE3389-KR-L,JNE3389,2.0,KURTA,L,BLUE
JNE3389-KR-M,JNE3389,2.0,KURTA,M,BLUE
JNE3389-KR-S,JNE3389,4.0,KURTA,S,BLUE
JNE3389-KR-XL,JNE3389,4.0,KURTA,XL,BLUE
JNE3389-KR-XS,JNE3389,6.0,KURTA,XS,BLUE
JNE3389-KR-XXL,JNE3389,4.0,KURTA,XXL,BLUE
JNE3389-KR-XXXL,JNE3389,2.0,KURTA,XXXL,BLUE
JNE3390-KR-L,JNE3390,1.0,KURTA,L,WHITE
JNE3390-KR-M,JNE3390,2.0,KURTA,M,WHITE
JNE3390-KR-S,JNE3390,2.0,KURTA,S,WHITE
JNE3390-KR-XL,JNE3390,0.0,KURTA,XL,WHITE
JNE3390-KR-XS,JNE3390,2.0,KURTA,XS,WHITE
JNE3390-KR-XXL,JNE3390,2.0,KURTA,XXL,WHITE
JNE3391-KR-L,JNE3391,2.0,KURTA,L,PINK
JNE3391-KR-M,JNE3391,3.0,KURTA,M,PINK
JNE3391-KR-S,JNE3391,6.0,KURTA,S,PINK
JNE3391-KR-XL,JNE3391,2.0,KURTA,XL,PINK
JNE3391-KR-XS,JNE3391,17.0,KURTA,XS,PINK
JNE3391-KR-XXL,JNE3391,3.0,KURTA,XXL,PINK
JNE3391-KR-XXXL,JNE3391,3.0,KURTA,XXXL,PINK
JNE3394-KR-L,JNE3394,3.0,KURTA,L,CREAM
JNE3394-KR-M,JNE3394,0.0,KURTA,M,CREAM
JNE3394-KR-S,JNE3394,1.0,KURTA,S,CREAM
JNE3394-KR-XL,JNE3394,1.0,KURTA,XL,CREAM
JNE3394-KR-XS,JNE3394,1.0,KURTA,XS,CREAM
JNE3394-KR-XXL,JNE3394,1.0,KURTA,XXL,CREAM
JNE3394-KR-XXXL,JNE3394,2.0,KURTA,XXXL,CREAM
JNE3395-KR-L,JNE3395,60.0,KURTA,L,LIGHT GREEN
JNE3395-KR-M,JNE3395,49.0,KURTA,M,LIGHT GREEN
JNE3395-KR-S,JNE3395,54.0,KURTA,S,LIGHT GREEN
JNE3395-KR-XL,JNE3395,60.0,KURTA,XL,LIGHT GREEN
JNE3395-KR-XS,JNE3395,20.0,KURTA,XS,LIGHT GREEN
JNE3395-KR-XXL,JNE3395,53.0,KURTA,XXL,LIGHT GREEN
JNE3395-KR-XXXL,JNE3395,2.0,KURTA,XXXL,LIGHT GREEN
JNE3396-KR-L,JNE3396,60.0,KURTA,L,BROWN
JNE3396-KR-M,JNE3396,32.0,KURTA,M,BROWN
JNE3396-KR-S,JNE3396,45.0,KURTA,S,BROWN
JNE3396-KR-XL,JNE3396,12.0,KURTA,XL,BROWN
JNE3396-KR-XS,JNE3396,44.0,KURTA,XS,BROWN
JNE3396-KR-XXL,JNE3396,7.0,KURTA,XXL,BROWN
JNE3396-KR-XXXL,JNE3396,43.0,KURTA,XXXL,BROWN
JNE3398-KR-L,JNE3398,2.0,KURTA,L,YELLOW
JNE3398-KR-M,JNE3398,0.0,KURTA,M,YELLOW
JNE3398-KR-S,JNE3398,0.0,KURTA,S,YELLOW
JNE3398-KR-XL,JNE3398,2.0,KURTA,XL,YELLOW
JNE3398-KR-XS,JNE3398,7.0,KURTA,XS,YELLOW
JNE3398-KR-XXXL,JNE3398,3.0,KURTA,XXXL,YELLOW
JNE3399-KR-L,JNE3399,94.0,KURTA,L,TURQUOISE BLUE
JNE3399-KR-M,JNE3399,230.0,KURTA,M,TURQUOISE BLUE
JNE3399-KR-S,JNE3399,43.0,KURTA,S,TURQUOISE BLUE
JNE3399-KR-XL,JNE3399,16.0,KURTA,XL,TURQUOISE BLUE
JNE3399-KR-XS,JNE3399,198.0,KURTA,XS,TURQUOISE BLUE
JNE3399-KR-XXL,JNE3399,131.0,KURTA,XXL,TURQUOISE BLUE
JNE3399-KR-XXXL,JNE3399,19.0,KURTA,XXXL,TURQUOISE BLUE
JNE3400-KR-L,JNE3400,3.0,KURTA,L,BROWN
JNE3400-KR-M,JNE3400,2.0,KURTA,M,BROWN
JNE3400-KR-S,JNE3400,5.0,KURTA,S,BROWN
JNE3400-KR-XL,JNE3400,2.0,KURTA,XL,BROWN
JNE3400-KR-XS,JNE3400,19.0,KURTA,XS,BROWN
JNE3400-KR-XXL,JNE3400,2.0,KURTA,XXL,BROWN
JNE3400-KR-XXXL,JNE3400,11.0,KURTA,XXXL,BROWN
JNE3401-KR-L,JNE3401,3.0,KURTA,L,BROWN
JNE3401-KR-M,JNE3401,3.0,KURTA,M,BROWN
JNE3401-KR-S,JNE3401,4.0,KURTA,S,BROWN
JNE3401-KR-XL,JNE3401,0.0,KURTA,XL,BROWN
JNE3401-KR-XS,JNE3401,8.0,KURTA,XS,BROWN
JNE3401-KR-XXL,JNE3401,0.0,KURTA,XXL,BROWN
JNE3401-KR-XXXL,JNE3401,1.0,KURTA,XXXL,BROWN
JNE3403-KR-L,JNE3403,2.0,KURTA,L,MAROON
JNE3403-KR-M,JNE3403,2.0,KURTA,M,MAROON
JNE3403-KR-S,JNE3403,8.0,KURTA,S,MAROON
JNE3403-KR-XL,JNE3403,1.0,KURTA,XL,MAROON
JNE3403-KR-XS,JNE3403,39.0,KURTA,XS,MAROON
JNE3403-KR-XXL,JNE3403,4.0,KURTA,XXL,MAROON
JNE3403-KR-XXXL,JNE3403,2.0,KURTA,XXXL,MAROON
PJNE3404-KR-4XL,JNE3404,0.0,KURTA,4XL,WINE
PJNE3404-KR-5XL,JNE3404,0.0,KURTA,5XL,WINE
JNE3404-KR-L,JNE3404,35.0,KURTA,L,WINE
JNE3404-KR-M,JNE3404,64.0,KURTA,M,WINE
JNE3404-KR-S,JNE3404,71.0,KURTA,S,WINE
JNE3404-KR-XL,JNE3404,44.0,KURTA,XL,WINE
JNE3404-KR-XS,JNE3404,70.0,KURTA,XS,WINE
JNE3404-KR-XXL,JNE3404,6.0,KURTA,XXL,WINE
JNE3404-KR-XXXL,JNE3404,31.0,KURTA,XXXL,WINE
PJNE3405-KR-5XL,JNE3405,0.0,KURTA,5XL,PINK
PJNE3405-KR-6XL,JNE3405,0.0,KURTA,6XL,PINK
JNE3405-KR-L,JNE3405,446.0,KURTA,L,PINK
JNE3405-KR-M,JNE3405,432.0,KURTA,M,PINK
JNE3405-KR-S,JNE3405,423.0,KURTA,S,PINK
JNE3405-KR-XL,JNE3405,515.0,KURTA,XL,PINK
JNE3405-KR-XS,JNE3405,1230.0,KURTA,XS,PINK
JNE3405-KR-XXL,JNE3405,1234.0,KURTA,XXL,PINK
JNE3405-KR-XXXL,JNE3405,677.0,KURTA,XXXL,PINK
JNE3407-KR-L,JNE3407,3.0,KURTA,L,OLIVE GREEN
JNE3407-KR-M,JNE3407,1.0,KURTA,M,OLIVE GREEN
JNE3407-KR-S,JNE3407,0.0,KURTA,S,OLIVE GREEN
JNE3407-KR-XL,JNE3407,2.0,KURTA,XL,OLIVE GREEN
JNE3407-KR-XS,JNE3407,4.0,KURTA,XS,OLIVE GREEN
JNE3407-KR-XXL,JNE3407,2.0,KURTA,XXL,OLIVE GREEN
JNE3407-KR-XXXL,JNE3407,2.0,KURTA,XXXL,OLIVE GREEN
JNE3408-KR-L,JNE3408,42.0,KURTA,L,BLACK
JNE3408-KR-M,JNE3408,31.0,KURTA,M,BLACK
JNE3408-KR-S,JNE3408,0.0,KURTA,S,BLACK
JNE3408-KR-XL,JNE3408,27.0,KURTA,XL,BLACK
JNE3408-KR-XS,JNE3408,13.0,KURTA,XS,BLACK
JNE3408-KR-XXL,JNE3408,24.0,KURTA,XXL,BLACK
JNE3408-KR-XXXL,JNE3408,66.0,KURTA,XXXL,BLACK
JNE3412-KR-L,JNE3412,42.0,KURTA,L,OLIVE
JNE3412-KR-M,JNE3412,23.0,KURTA,M,OLIVE
JNE3412-KR-S,JNE3412,54.0,KURTA,S,OLIVE
JNE3412-KR-XL,JNE3412,34.0,KURTA,XL,OLIVE
JNE3412-KR-XS,JNE3412,23.0,KURTA,XS,OLIVE
JNE3412-KR-XXL,JNE3412,17.0,KURTA,XXL,OLIVE
JNE3412-KR-XXXL,JNE3412,4.0,KURTA,XXXL,OLIVE
JNE3413-KR-L,JNE3413,11.0,KURTA,L,NAVY BLUE
JNE3413-KR-M,JNE3413,4.0,KURTA,M,NAVY BLUE
JNE3413-KR-S,JNE3413,22.0,KURTA,S,NAVY BLUE
JNE3413-KR-XL,JNE3413,31.0,KURTA,XL,NAVY BLUE
JNE3413-KR-XS,JNE3413,3.0,KURTA,XS,NAVY BLUE
JNE3413-KR-XXL,JNE3413,41.0,KURTA,XXL,NAVY BLUE
JNE3413-KR-XXXL,JNE3413,3.0,KURTA,XXXL,NAVY BLUE
JNE3415-KR-L,JNE3415,6.0,KURTA,L,RED
JNE3415-KR-M,JNE3415,2.0,KURTA,M,RED
JNE3415-KR-S,JNE3415,4.0,KURTA,S,RED
JNE3415-KR-XL,JNE3415,2.0,KURTA,XL,RED
JNE3415-KR-XS,JNE3415,10.0,KURTA,XS,RED
JNE3415-KR-XXL,JNE3415,4.0,KURTA,XXL,RED
JNE3415-KR-XXXL,JNE3415,3.0,KURTA,XXXL,RED
JNE3416-KR-L,JNE3416,16.0,KURTA,L,BROWN
JNE3416-KR-M,JNE3416,38.0,KURTA,M,BROWN
JNE3416-KR-S,JNE3416,47.0,KURTA,S,BROWN
JNE3416-KR-XL,JNE3416,26.0,KURTA,XL,BROWN
JNE3416-KR-XS,JNE3416,6.0,KURTA,XS,BROWN
JNE3416-KR-XXL,JNE3416,32.0,KURTA,XXL,BROWN
JNE3417-KR-L,JNE3417,20.0,KURTA,L,RED
JNE3417-KR-M,JNE3417,27.0,KURTA,M,RED
JNE3417-KR-S,JNE3417,45.0,KURTA,S,RED
JNE3417-KR-XL,JNE3417,27.0,KURTA,XL,RED
JNE3417-KR-XXL,JNE3417,21.0,KURTA,XXL,RED
JNE3420-KR-L,JNE3420,5.0,KURTA,L,PINK
JNE3420-KR-M,JNE3420,6.0,KURTA,M,PINK
JNE3420-KR-S,JNE3420,9.0,KURTA,S,PINK
JNE3420-KR-XL,JNE3420,4.0,KURTA,XL,PINK
JNE3420-KR-XXL,JNE3420,2.0,KURTA,XXL,PINK
,JNE3421,0.0,KURTA,4XL,GREY
,JNE3421,0.0,KURTA,5XL,GREY
,JNE3421,0.0,KURTA,6XL,GREY
JNE3421-KR-L,JNE3421,20.0,KURTA,L,GREY
JNE3421-KR-M,JNE3421,10.0,KURTA,M,GREY
JNE3421-KR-S,JNE3421,17.0,KURTA,S,GREY
JNE3421-KR-XL,JNE3421,8.0,KURTA,XL,GREY
JNE3421-KR-XXL,JNE3421,3.0,KURTA,XXL,GREY
JNE3421-KR-XXXL,JNE3421,122.0,KURTA,XXXL,GREY
JNE3422-KR-L,JNE3422,3.0,KURTA,L,PINK
JNE3422-KR-M,JNE3422,6.0,KURTA,M,PINK
JNE3422-KR-S,JNE3422,7.0,KURTA,S,PINK
JNE3422-KR-XL,JNE3422,4.0,KURTA,XL,PINK
JNE3422-KR-XS,JNE3422,3.0,KURTA,XS,PINK
JNE3422-KR-XXL,JNE3422,5.0,KURTA,XXL,PINK
JNE3422-KR-XXXL,JNE3422,2.0,KURTA,XXXL,PINK
,JNE3423,0.0,KURTA,5XL,BLACK
JNE3423-KR-L,JNE3423,26.0,KURTA,L,BLACK
JNE3423-KR-M,JNE3423,136.0,KURTA,M,BLACK
JNE3423-KR-S,JNE3423,5.0,KURTA,S,BLACK
JNE3423-KR-XL,JNE3423,32.0,KURTA,XL,BLACK
JNE3423-KR-XS,JNE3423,10.0,KURTA,XS,BLACK
JNE3423-KR-XXL,JNE3423,1.0,KURTA,XXL,BLACK
JNE3423-KR-XXXL,JNE3423,0.0,KURTA,XXXL,BLACK
JNE3424-KR-L,JNE3424,14.0,KURTA,L,BLUE
JNE3424-KR-M,JNE3424,10.0,KURTA,M,BLUE
JNE3424-KR-S,JNE3424,11.0,KURTA,S,BLUE
JNE3424-KR-XL,JNE3424,15.0,KURTA,XL,BLUE
JNE3424-KR-XS,JNE3424,4.0,KURTA,XS,BLUE
JNE3424-KR-XXL,JNE3424,11.0,KURTA,XXL,BLUE
JNE3424-KR-XXXL,JNE3424,1.0,KURTA,XXXL,BLUE
JNE3425-KR-L,JNE3425,21.0,KURTA,L,PINK
JNE3425-KR-M,JNE3425,28.0,KURTA,M,PINK
JNE3425-KR-S,JNE3425,31.0,KURTA,S,PINK
JNE3425-KR-XL,JNE3425,12.0,KURTA,XL,PINK
JNE3425-KR-XS,JNE3425,16.0,KURTA,XS,PINK
JNE3425-KR-XXL,JNE3425,15.0,KURTA,XXL,PINK
JNE3425-KR-XXXL,JNE3425,5.0,KURTA,XXXL,PINK
JNE3426-KR-M,JNE3426,2.0,KURTA,M,TURQUOISE
JNE3426-KR-S,JNE3426,2.0,KURTA,S,TURQUOISE
JNE3426-KR-XL,JNE3426,2.0,KURTA,XL,TURQUOISE
JNE3426-KR-XS,JNE3426,4.0,KURTA,XS,TURQUOISE
JNE3427-KR-L,JNE3427,3.0,KURTA,L,GREY
JNE3427-KR-M,JNE3427,4.0,KURTA,M,GREY
JNE3427-KR-S,JNE3427,5.0,KURTA,S,GREY
JNE3427-KR-XL,JNE3427,5.0,KURTA,XL,GREY
JNE3427-KR-XS,JNE3427,1.0,KURTA,XS,GREY
JNE3427-KR-XXL,JNE3427,3.0,KURTA,XXL,GREY
JNE3427-KR-XXXL,JNE3427,0.0,KURTA,XXXL,GREY
JNE3428-KR-L,JNE3428,1.0,KURTA,L,DARK BLUE
JNE3428-KR-M,JNE3428,3.0,KURTA,M,DARK BLUE
JNE3428-KR-S,JNE3428,9.0,KURTA,S,DARK BLUE
JNE3428-KR-XL,JNE3428,3.0,KURTA,XL,DARK BLUE
JNE3428-KR-XS,JNE3428,2.0,KURTA,XS,DARK BLUE
JNE3428-KR-XXL,JNE3428,2.0,KURTA,XXL,DARK BLUE
JNE3428-KR-XXXL,JNE3428,0.0,KURTA,XXXL,DARK BLUE
JNE3429-KR-L,JNE3429,10.0,KURTA,L,LIGHT GREEN
JNE3429-KR-M,JNE3429,18.0,KURTA,M,LIGHT GREEN
JNE3429-KR-S,JNE3429,29.0,KURTA,S,LIGHT GREEN
JNE3429-KR-XL,JNE3429,15.0,KURTA,XL,LIGHT GREEN
JNE3429-KR-XS,JNE3429,7.0,KURTA,XS,LIGHT GREEN
JNE3429-KR-XXL,JNE3429,13.0,KURTA,XXL,LIGHT GREEN
JNE3429-KR-XXXL,JNE3429,3.0,KURTA,XXXL,LIGHT GREEN
JNE3430-KR-L,JNE3430,13.0,KURTA,L,YELLOW
JNE3430-KR-M,JNE3430,9.0,KURTA,M,YELLOW
JNE3430-KR-S,JNE3430,15.0,KURTA,S,YELLOW
JNE3430-KR-XL,JNE3430,8.0,KURTA,XL,YELLOW
JNE3430-KR-XS,JNE3430,2.0,KURTA,XS,YELLOW
JNE3430-KR-XXL,JNE3430,11.0,KURTA,XXL,YELLOW
JNE3431-KR-L,JNE3431,32.0,KURTA,L,MAROON
JNE3431-KR-M,JNE3431,40.0,KURTA,M,MAROON
JNE3431-KR-S,JNE3431,32.0,KURTA,S,MAROON
JNE3431-KR-XL,JNE3431,13.0,KURTA,XL,MAROON
JNE3431-KR-XS,JNE3431,8.0,KURTA,XS,MAROON
JNE3431-KR-XXL,JNE3431,5.0,KURTA,XXL,MAROON
JNE3431-KR-XXXL,JNE3431,2.0,KURTA,XXXL,MAROON
JNE3432-KR-L,JNE3432,12.0,KURTA,L,RED
JNE3432-KR-M,JNE3432,23.0,KURTA,M,RED
JNE3432-KR-S,JNE3432,5.0,KURTA,S,RED
JNE3432-KR-XL,JNE3432,8.0,KURTA,XL,RED
JNE3432-KR-XS,JNE3432,12.0,KURTA,XS,RED
JNE3432-KR-XXL,JNE3432,4.0,KURTA,XXL,RED
JNE3432-KR-XXXL,JNE3432,21.0,KURTA,XXXL,RED
JNE3434-KR-L,JNE3434,2.0,KURTA,L,MUSTARD
JNE3434-KR-M,JNE3434,5.0,KURTA,M,MUSTARD
JNE3434-KR-S,JNE3434,6.0,KURTA,S,MUSTARD
JNE3434-KR-XL,JNE3434,5.0,KURTA,XL,MUSTARD
JNE3434-KR-XS,JNE3434,6.0,KURTA,XS,MUSTARD
JNE3434-KR-XXL,JNE3434,3.0,KURTA,XXL,MUSTARD
JNE3434-KR-XXXL,JNE3434,2.0,KURTA,XXXL,MUSTARD
JNE3435-KR-L,JNE3435,96.0,KURTA,L,PINK
JNE3435-KR-M,JNE3435,268.0,KURTA,M,PINK
JNE3435-KR-S,JNE3435,490.0,KURTA,S,PINK
JNE3435-KR-XL,JNE3435,107.0,KURTA,XL,PINK
JNE3435-KR-XS,JNE3435,135.0,KURTA,XS,PINK
JNE3435-KR-XXL,JNE3435,65.0,KURTA,XXL,PINK
JNE3435-KR-XXxL,JNE3435,16.0,KURTA,XXXL,PINK
JNE3436-KR-L,JNE3436,5.0,KURTA,L,WHITE
JNE3436-KR-M,JNE3436,1.0,KURTA,M,WHITE
JNE3436-KR-S,JNE3436,3.0,KURTA,S,WHITE
JNE3436-KR-XL,JNE3436,5.0,KURTA,XL,WHITE
JNE3436-KR-XS,JNE3436,3.0,KURTA,XS,WHITE
JNE3436-KR-XXL,JNE3436,1.0,KURTA,XXL,WHITE
JNE3436-KR-XXxL,JNE3436,5.0,KURTA,XXXL,WHITE
JNE3437-KR-L,JNE3437,11.0,KURTA,L,MUSTARD
JNE3437-KR-M,JNE3437,47.0,KURTA,M,MUSTARD
JNE3437-KR-S,JNE3437,88.0,KURTA,S,MUSTARD
JNE3437-KR-XL,JNE3437,31.0,KURTA,XL,MUSTARD
JNE3437-KR-XS,JNE3437,47.0,KURTA,XS,MUSTARD
JNE3437-KR-XXL,JNE3437,59.0,KURTA,XXL,MUSTARD
JNE3437-KR-XXXL,JNE3437,122.0,KURTA,XXXL,MUSTARD
JNE3438-KR-L,JNE3438,3.0,KURTA,L,LIGHT GREEN
JNE3438-KR-M,JNE3438,7.0,KURTA,M,LIGHT GREEN
JNE3438-KR-S,JNE3438,28.0,KURTA,S,LIGHT GREEN
JNE3438-KR-XL,JNE3438,4.0,KURTA,XL,LIGHT GREEN
JNE3438-KR-XS,JNE3438,7.0,KURTA,XS,LIGHT GREEN
JNE3438-KR-XXL,JNE3438,6.0,KURTA,XXL,LIGHT GREEN
JNE3438-KR-XXXL,JNE3438,1.0,KURTA,XXXL,LIGHT GREEN
JNE3439-KR-4XL,JNE3439,1.0,KURTA,4XL,BLUE
JNE3439-KR-5XL,JNE3439,0.0,KURTA,5XL,BLUE
JNE3439-KR-L,JNE3439,55.0,KURTA,L,BLUE
JNE3439-KR-M,JNE3439,99.0,KURTA,M,BLUE
JNE3439-KR-S,JNE3439,104.0,KURTA,S,BLUE
JNE3439-KR-XL,JNE3439,49.0,KURTA,XL,BLUE
JNE3439-KR-XS,JNE3439,47.0,KURTA,XS,BLUE
JNE3439-KR-XXL,JNE3439,94.0,KURTA,XXL,BLUE
JNE3439-KR-XXXL,JNE3439,15.0,KURTA,XXXL,BLUE
,JNE3440,0.0,KURTA,5XL,WHITE
,JNE3440,0.0,KURTA,6XL,WHITE
JNE3440-KR-L,JNE3440,156.0,KURTA,L,WHITE
JNE3440-KR-M,JNE3440,170.0,KURTA,M,WHITE
JNE3440-KR-S,JNE3440,345.0,KURTA,S,WHITE
JNE3440-KR-XL,JNE3440,242.0,KURTA,XL,WHITE
JNE3440-KR-XS,JNE3440,16.0,KURTA,XS,WHITE
JNE3440-KR-XXL,JNE3440,123.0,KURTA,XXL,WHITE
JNE3440-KR-XXXL,JNE3440,37.0,KURTA,XXXL,WHITE
JNE3441-KR-L,JNE3441,92.0,KURTA,L,PINK
JNE3441-KR-M,JNE3441,77.0,KURTA,M,PINK
JNE3441-KR-S,JNE3441,53.0,KURTA,S,PINK
JNE3441-KR-XL,JNE3441,18.0,KURTA,XL,PINK
JNE3441-KR-XS,JNE3441,13.0,KURTA,XS,PINK
JNE3441-KR-XXL,JNE3441,17.0,KURTA,XXL,PINK
JNE3441-KR-XXxL,JNE3441,13.0,KURTA,XXXL,PINK
JNE3443-KR-L,JNE3443,99.0,KURTA,L,BEIGE
JNE3443-KR-M,JNE3443,103.0,KURTA,M,BEIGE
JNE3443-KR-S,JNE3443,176.0,KURTA,S,BEIGE
JNE3443-KR-XL,JNE3443,146.0,KURTA,XL,BEIGE
JNE3443-KR-XS,JNE3443,4.0,KURTA,XS,BEIGE
JNE3443-KR-XXL,JNE3443,89.0,KURTA,XXL,BEIGE
JNE3443-KR-XXXL,JNE3443,32.0,KURTA,XXXL,BEIGE
,JNE3445,0.0,KURTA,5XL,WHITE
,JNE3445,0.0,KURTA,6XL,WHITE
JNE3445-KR-L,JNE3445,1.0,KURTA,L,WHITE
JNE3445-KR-M,JNE3445,1.0,KURTA,M,WHITE
JNE3445-KR-S,JNE3445,57.0,KURTA,S,WHITE
JNE3445-KR-XL,JNE3445,4.0,KURTA,XL,WHITE
JNE3445-KR-XS,JNE3445,7.0,KURTA,XS,WHITE
JNE3445-KR-XXL,JNE3445,7.0,KURTA,XXL,WHITE
JNE3445-KR-XXXL,JNE3445,2.0,KURTA,XXXL,WHITE
JNE3446-KR-L,JNE3446,2.0,KURTA,L,GREY
JNE3446-KR-M,JNE3446,1.0,KURTA,M,GREY
JNE3446-KR-S,JNE3446,3.0,KURTA,S,GREY
JNE3446-KR-XL,JNE3446,1.0,KURTA,XL,GREY
JNE3446-KR-XS,JNE3446,1.0,KURTA,XS,GREY
JNE3446-KR-XXL,JNE3446,1.0,KURTA,XXL,GREY
JNE3446-KR-XXXL,JNE3446,0.0,KURTA,XXXL,GREY
JNE3447-KR-L,JNE3447,3.0,KURTA,L,BEIGE
JNE3447-KR-M,JNE3447,4.0,KURTA,M,BEIGE
JNE3447-KR-S,JNE3447,8.0,KURTA,S,BEIGE
JNE3447-KR-XL,JNE3447,0.0,KURTA,XL,BEIGE
JNE3447-KR-XS,JNE3447,4.0,KURTA,XS,BEIGE
JNE3447-KR-XXL,JNE3447,2.0,KURTA,XXL,BEIGE
JNE3447-KR-XXXL,JNE3447,2.0,KURTA,XXXL,BEIGE
JNE3449-KR-L,JNE3449,3.0,KURTA,L,BLACK
JNE3449-KR-M,JNE3449,4.0,KURTA,M,BLACK
JNE3449-KR-S,JNE3449,7.0,KURTA,S,BLACK
JNE3449-KR-XL,JNE3449,5.0,KURTA,XL,BLACK
JNE3449-KR-XS,JNE3449,7.0,KURTA,XS,BLACK
JNE3449-KR-XXL,JNE3449,3.0,KURTA,XXL,BLACK
JNE3449-KR-XXXL,JNE3449,3.0,KURTA,XXXL,BLACK
JNE3450-KR-L,JNE3450,6.0,KURTA,L,PINK
JNE3450-KR-M,JNE3450,7.0,KURTA,M,PINK
JNE3450-KR-S,JNE3450,42.0,KURTA,S,PINK
JNE3450-KR-XL,JNE3450,31.0,KURTA,XL,PINK
JNE3450-KR-XS,JNE3450,17.0,KURTA,XS,PINK
JNE3450-KR-XXL,JNE3450,42.0,KURTA,XXL,PINK
JNE3450-KR-XXXL,JNE3450,1.0,KURTA,XXXL,PINK
JNE3451-KR-L,JNE3451,35.0,KURTA,L,LIGHT PINK
JNE3451-KR-M,JNE3451,57.0,KURTA,M,LIGHT PINK
JNE3451-KR-S,JNE3451,68.0,KURTA,S,LIGHT PINK
JNE3451-KR-XL,JNE3451,58.0,KURTA,XL,LIGHT PINK
JNE3451-KR-XS,JNE3451,20.0,KURTA,XS,LIGHT PINK
JNE3451-KR-XXL,JNE3451,40.0,KURTA,XXL,LIGHT PINK
JNE3451-KR-XXXL,JNE3451,6.0,KURTA,XXXL,LIGHT PINK
JNE3452-KR-L,JNE3452,4.0,KURTA,L,NAVY BLUE
JNE3452-KR-M,JNE3452,6.0,KURTA,M,NAVY BLUE
JNE3452-KR-S,JNE3452,12.0,KURTA,S,NAVY BLUE
JNE3452-KR-XL,JNE3452,2.0,KURTA,XL,NAVY BLUE
JNE3452-KR-XS,JNE3452,7.0,KURTA,XS,NAVY BLUE
JNE3452-KR-XXL,JNE3452,7.0,KURTA,XXL,NAVY BLUE
JNE3452-KR-XXXL,JNE3452,1.0,KURTA,XXXL,NAVY BLUE
JNE3453-KR-L,JNE3453,43.0,KURTA,L,YELLOW
JNE3453-KR-M,JNE3453,42.0,KURTA,M,YELLOW
JNE3453-KR-S,JNE3453,53.0,KURTA,S,YELLOW
JNE3453-KR-XL,JNE3453,55.0,KURTA,XL,YELLOW
JNE3453-KR-XS,JNE3453,3.0,KURTA,XS,YELLOW
JNE3453-KR-XXL,JNE3453,21.0,KURTA,XXL,YELLOW
JNE3454-KR-L,JNE3454,28.0,KURTA,L,PEACH
JNE3454-KR-M,JNE3454,52.0,KURTA,M,PEACH
JNE3454-KR-S,JNE3454,83.0,KURTA,S,PEACH
JNE3454-KR-XL,JNE3454,63.0,KURTA,XL,PEACH
JNE3454-KR-XS,JNE3454,24.0,KURTA,XS,PEACH
JNE3454-KR-XXL,JNE3454,33.0,KURTA,XXL,PEACH
JNE3454-KR-XXXL,JNE3454,9.0,KURTA,XXXL,PEACH
JNE3455-KR-L,JNE3455,7.0,KURTA,L,BLACK
JNE3455-KR-M,JNE3455,18.0,KURTA,M,BLACK
JNE3455-KR-S,JNE3455,16.0,KURTA,S,BLACK
JNE3455-KR-XL,JNE3455,15.0,KURTA,XL,BLACK
JNE3455-KR-XS,JNE3455,1.0,KURTA,XS,BLACK
JNE3455-KR-XXL,JNE3455,13.0,KURTA,XXL,BLACK
JNE3455-KR-XXXL,JNE3455,1.0,KURTA,XXXL,BLACK
JNE3456-KR-L,JNE3456,3.0,KURTA,L,BROWN
JNE3456-KR-M,JNE3456,3.0,KURTA,M,BROWN
JNE3456-KR-S,JNE3456,5.0,KURTA,S,BROWN
JNE3456-KR-XL,JNE3456,5.0,KURTA,XL,BROWN
JNE3456-KR-XS,JNE3456,1.0,KURTA,XS,BROWN
JNE3456-KR-XXL,JNE3456,3.0,KURTA,XXL,BROWN
JNE3456-KR-XXXL,JNE3456,1.0,KURTA,XXXL,BROWN
JNE3457-KR-L,JNE3457,37.0,KURTA,L,TURQUOISE BLUE
JNE3457-KR-M,JNE3457,46.0,KURTA,M,TURQUOISE BLUE
JNE3457-KR-S,JNE3457,28.0,KURTA,S,TURQUOISE BLUE
JNE3457-KR-XL,JNE3457,27.0,KURTA,XL,TURQUOISE BLUE
JNE3457-KR-XS,JNE3457,30.0,KURTA,XS,TURQUOISE BLUE
JNE3457-KR-XXL,JNE3457,35.0,KURTA,XXL,TURQUOISE BLUE
JNE3457-KR-XXXL,JNE3457,88.0,KURTA,XXXL,TURQUOISE BLUE
JNE3458-KR-L,JNE3458,3.0,KURTA,L,BROWN
JNE3458-KR-M,JNE3458,24.0,KURTA,M,BROWN
JNE3458-KR-S,JNE3458,35.0,KURTA,S,BROWN
JNE3458-KR-XL,JNE3458,5.0,KURTA,XL,BROWN
JNE3458-KR-XS,JNE3458,53.0,KURTA,XS,BROWN
JNE3458-KR-XXL,JNE3458,12.0,KURTA,XXL,BROWN
JNE3458-KR-XXXL,JNE3458,9.0,KURTA,XXXL,BROWN
JNE3459-KR-L,JNE3459,21.0,KURTA,L,NAVY BLUE
JNE3459-KR-M,JNE3459,33.0,KURTA,M,NAVY BLUE
JNE3459-KR-S,JNE3459,8.0,KURTA,S,NAVY BLUE
JNE3459-KR-XL,JNE3459,2.0,KURTA,XL,NAVY BLUE
JNE3459-KR-XS,JNE3459,11.0,KURTA,XS,NAVY BLUE
JNE3459-KR-XXL,JNE3459,6.0,KURTA,XXL,NAVY BLUE
JNE3459-KR-XXXL,JNE3459,5.0,KURTA,XXXL,NAVY BLUE
JNE3460-KR-L,JNE3460,24.0,KURTA,L,MAROON
JNE3460-KR-M,JNE3460,32.0,KURTA,M,MAROON
JNE3460-KR-S,JNE3460,60.0,KURTA,S,MAROON
JNE3460-KR-XL,JNE3460,32.0,KURTA,XL,MAROON
JNE3460-KR-XS,JNE3460,21.0,KURTA,XS,MAROON
JNE3460-KR-XXL,JNE3460,27.0,KURTA,XXL,MAROON
JNE3461-KR-L,JNE3461,4.0,KURTA,L,TEAL
JNE3461-KR-M,JNE3461,5.0,KURTA,M,TEAL
JNE3461-KR-S,JNE3461,53.0,KURTA,S,TEAL
JNE3461-KR-XL,JNE3461,2.0,KURTA,XL,TEAL
JNE3461-KR-XS,JNE3461,80.0,KURTA,XS,TEAL
JNE3461-KR-XXL,JNE3461,2.0,KURTA,XXL,TEAL
JNE3461-KR-XXXL,JNE3461,0.0,KURTA,XXXL,TEAL
JNE3462-KR-L,JNE3462,16.0,KURTA,L,MUSTARD
JNE3462-KR-M,JNE3462,23.0,KURTA,M,MUSTARD
JNE3462-KR-S,JNE3462,32.0,KURTA,S,MUSTARD
JNE3462-KR-XL,JNE3462,25.0,KURTA,XL,MUSTARD
JNE3462-KR-XS,JNE3462,4.0,KURTA,XS,MUSTARD
JNE3462-KR-XXL,JNE3462,19.0,KURTA,XXL,MUSTARD
JNE3462-KR-XXXL,JNE3462,1.0,KURTA,XXXL,MUSTARD
JNE3463-KR-L,JNE3463,235.0,KURTA,L,LIGHT GREEN
JNE3463-KR-M,JNE3463,153.0,KURTA,M,LIGHT GREEN
JNE3463-KR-S,JNE3463,107.0,KURTA,S,LIGHT GREEN
JNE3463-KR-XL,JNE3463,145.0,KURTA,XL,LIGHT GREEN
JNE3463-KR-XS,JNE3463,90.0,KURTA,XS,LIGHT GREEN
JNE3463-KR-XXL,JNE3463,98.0,KURTA,XXL,LIGHT GREEN
JNE3463-KR-XXXL,JNE3463,154.0,KURTA,XXXL,LIGHT GREEN
JNE3464-KR-M,JNE3464,2.0,KURTA,M,TEAL
JNE3464-KR-S,JNE3464,18.0,KURTA,S,TEAL
JNE3464-KR-XL,JNE3464,6.0,KURTA,XL,TEAL
JNE3464-KR-XS,JNE3464,21.0,KURTA,XS,TEAL
JNE3465-KR-L,JNE3465,108.0,KURTA,L,TURQUOISE BLUE
JNE3465-KR-M,JNE3465,131.0,KURTA,M,TURQUOISE BLUE
JNE3465-KR-S,JNE3465,46.0,KURTA,S,TURQUOISE BLUE
JNE3465-KR-XL,JNE3465,100.0,KURTA,XL,TURQUOISE BLUE
JNE3465-KR-XS,JNE3465,46.0,KURTA,XS,TURQUOISE BLUE
JNE3465-KR-XXL,JNE3465,98.0,KURTA,XXL,TURQUOISE BLUE
JNE3465-KR-XXXL,JNE3465,121.0,KURTA,XXXL,TURQUOISE BLUE
JNE3466-KR-L,JNE3466,4.0,KURTA,L,GREY
JNE3466-KR-M,JNE3466,4.0,KURTA,M,GREY
JNE3466-KR-S,JNE3466,12.0,KURTA,S,GREY
JNE3466-KR-XL,JNE3466,2.0,KURTA,XL,GREY
JNE3466-KR-XS,JNE3466,11.0,KURTA,XS,GREY
JNE3466-KR-XXL,JNE3466,4.0,KURTA,XXL,GREY
JNE3466-KR-XXXL,JNE3466,2.0,KURTA,XXXL,GREY
JNE3467-KR-L,JNE3467,2.0,KURTA,L,BLACK
JNE3467-KR-M,JNE3467,5.0,KURTA,M,BLACK
JNE3467-KR-S,JNE3467,4.0,KURTA,S,BLACK
JNE3467-KR-XL,JNE3467,4.0,KURTA,XL,BLACK
JNE3467-KR-XS,JNE3467,9.0,KURTA,XS,BLACK
JNE3467-KR-XXL,JNE3467,2.0,KURTA,XXL,BLACK
JNE3467-KR-XXXL,JNE3467,4.0,KURTA,XXXL,BLACK
JNE3468-KR-L,JNE3468,200.0,KURTA,L,TEAL
JNE3468-KR-M,JNE3468,192.0,KURTA,M,TEAL
JNE3468-KR-S,JNE3468,100.0,KURTA,S,TEAL
JNE3468-KR-XL,JNE3468,197.0,KURTA,XL,TEAL
JNE3468-KR-XS,JNE3468,20.0,KURTA,XS,TEAL
JNE3468-KR-XXL,JNE3468,139.0,KURTA,XXL,TEAL
JNE3468-KR-XXXL,JNE3468,67.0,KURTA,XXXL,TEAL
JNE3469-KR-M,JNE3469,1.0,KURTA,M,GREY
JNE3469-KR-S,JNE3469,2.0,KURTA,S,GREY
JNE3469-KR-XL,JNE3469,2.0,KURTA,XL,GREY
JNE3469-KR-XS,JNE3469,0.0,KURTA,XS,GREY
JNE3469-KR-XXL,JNE3469,1.0,KURTA,XXL,GREY
JNE3469-KR-XXXL,JNE3469,1.0,KURTA,XXXL,GREY
JNE3470-KR-L,JNE3470,33.0,KURTA,L,PEACH
JNE3470-KR-M,JNE3470,36.0,KURTA,M,PEACH
JNE3470-KR-S,JNE3470,49.0,KURTA,S,PEACH
JNE3470-KR-XL,JNE3470,30.0,KURTA,XL,PEACH
JNE3470-KR-XS,JNE3470,23.0,KURTA,XS,PEACH
JNE3470-KR-XXL,JNE3470,35.0,KURTA,XXL,PEACH
JNE3470-KR-XXXL,JNE3470,2.0,KURTA,XXXL,PEACH
JNE3471-KR-L,JNE3471,2.0,KURTA,L,MAROON
JNE3471-KR-M,JNE3471,3.0,KURTA,M,MAROON
JNE3471-KR-S,JNE3471,11.0,KURTA,S,MAROON
JNE3471-KR-XL,JNE3471,1.0,KURTA,XL,MAROON
JNE3471-KR-XS,JNE3471,41.0,KURTA,XS,MAROON
JNE3471-KR-XXL,JNE3471,0.0,KURTA,XXL,MAROON
JNE3471-KR-XXXL,JNE3471,0.0,KURTA,XXXL,MAROON
JNE3472-KR-M,JNE3472,2.0,KURTA,M,MAROON
JNE3472-KR-S,JNE3472,7.0,KURTA,S,MAROON
JNE3472-KR-XL,JNE3472,1.0,KURTA,XL,MAROON
JNE3472-KR-XS,JNE3472,6.0,KURTA,XS,MAROON
JNE3472-KR-XXXL,JNE3472,1.0,KURTA,XXXL,MAROON
JNE3473-KR-L,JNE3473,46.0,KURTA,L,LIGHT GREEN
JNE3473-KR-M,JNE3473,78.0,KURTA,M,LIGHT GREEN
JNE3473-KR-S,JNE3473,75.0,KURTA,S,LIGHT GREEN
JNE3473-KR-XL,JNE3473,64.0,KURTA,XL,LIGHT GREEN
JNE3473-KR-XS,JNE3473,63.0,KURTA,XS,LIGHT GREEN
JNE3473-KR-XXL,JNE3473,54.0,KURTA,XXL,LIGHT GREEN
JNE3473-KR-XXXL,JNE3473,5.0,KURTA,XXXL,LIGHT GREEN
JNE3474-KR-L,JNE3474,23.0,KURTA,L,TURQUOISE BLUE
JNE3474-KR-M,JNE3474,54.0,KURTA,M,TURQUOISE BLUE
JNE3474-KR-S,JNE3474,26.0,KURTA,S,TURQUOISE BLUE
JNE3474-KR-XL,JNE3474,44.0,KURTA,XL,TURQUOISE BLUE
JNE3474-KR-XS,JNE3474,11.0,KURTA,XS,TURQUOISE BLUE
JNE3474-KR-XXL,JNE3474,34.0,KURTA,XXL,TURQUOISE BLUE
JNE3474-KR-XXXL,JNE3474,26.0,KURTA,XXXL,TURQUOISE BLUE
JNE3475-KR-L,JNE3475,7.0,KURTA,L,POWDER BLUE
JNE3475-KR-M,JNE3475,8.0,KURTA,M,POWDER BLUE
JNE3475-KR-S,JNE3475,18.0,KURTA,S,POWDER BLUE
JNE3475-KR-XL,JNE3475,4.0,KURTA,XL,POWDER BLUE
JNE3475-KR-XS,JNE3475,4.0,KURTA,XS,POWDER BLUE
JNE3475-KR-XXL,JNE3475,8.0,KURTA,XXL,POWDER BLUE
JNE3475-KR-XXXL,JNE3475,2.0,KURTA,XXXL,POWDER BLUE
JNE3476-KR-L,JNE3476,25.0,KURTA,L,PEACH
JNE3476-KR-M,JNE3476,9.0,KURTA,M,PEACH
JNE3476-KR-S,JNE3476,13.0,KURTA,S,PEACH
JNE3476-KR-XL,JNE3476,1.0,KURTA,XL,PEACH
JNE3476-KR-XS,JNE3476,10.0,KURTA,XS,PEACH
JNE3476-KR-XXL,JNE3476,6.0,KURTA,XXL,PEACH
JNE3476-KR-XXXL,JNE3476,26.0,KURTA,XXXL,PEACH
JNE3477-KR-L,JNE3477,8.0,KURTA,L,PEACH
JNE3477-KR-M,JNE3477,8.0,KURTA,M,PEACH
JNE3477-KR-S,JNE3477,4.0,KURTA,S,PEACH
JNE3477-KR-XL,JNE3477,4.0,KURTA,XL,PEACH
JNE3477-KR-XS,JNE3477,1.0,KURTA,XS,PEACH
JNE3477-KR-XXL,JNE3477,3.0,KURTA,XXL,PEACH
JNE3479-KR-L,JNE3479,7.0,KURTA,L,BLACK
JNE3479-KR-M,JNE3479,6.0,KURTA,M,BLACK
JNE3479-KR-S,JNE3479,82.0,KURTA,S,BLACK
JNE3479-KR-XL,JNE3479,3.0,KURTA,XL,BLACK
JNE3479-KR-XS,JNE3479,4.0,KURTA,XS,BLACK
JNE3479-KR-XXL,JNE3479,12.0,KURTA,XXL,BLACK
JNE3479-KR-XXXL,JNE3479,3.0,KURTA,XXXL,BLACK
JNE3480-KR-L,JNE3480,6.0,KURTA,L,PINK
JNE3480-KR-M,JNE3480,6.0,KURTA,M,PINK
JNE3480-KR-S,JNE3480,7.0,KURTA,S,PINK
JNE3480-KR-XL,JNE3480,5.0,KURTA,XL,PINK
JNE3480-KR-XS,JNE3480,8.0,KURTA,XS,PINK
JNE3480-KR-XXL,JNE3480,5.0,KURTA,XXL,PINK
JNE3480-KR-XXXL,JNE3480,2.0,KURTA,XXXL,PINK
JNE3481-KR-L,JNE3481,1.0,KURTA,L,WHITE
JNE3481-KR-M,JNE3481,1.0,KURTA,M,WHITE
JNE3481-KR-S,JNE3481,3.0,KURTA,S,WHITE
JNE3481-KR-XL,JNE3481,2.0,KURTA,XL,WHITE
JNE3481-KR-XS,JNE3481,7.0,KURTA,XS,WHITE
JNE3481-KR-XXL,JNE3481,1.0,KURTA,XXL,WHITE
JNE3481-KR-XXXL,JNE3481,1.0,KURTA,XXXL,WHITE
JNE3482-KR-L,JNE3482,4.0,KURTA,L,POWDER BLUE
JNE3482-KR-M,JNE3482,3.0,KURTA,M,POWDER BLUE
JNE3482-KR-S,JNE3482,22.0,KURTA,S,POWDER BLUE
JNE3482-KR-XL,JNE3482,3.0,KURTA,XL,POWDER BLUE
JNE3482-KR-XS,JNE3482,16.0,KURTA,XS,POWDER BLUE
JNE3482-KR-XXL,JNE3482,5.0,KURTA,XXL,POWDER BLUE
JNE3482-KR-XXXL,JNE3482,1.0,KURTA,XXXL,POWDER BLUE
JNE3483-KR-L,JNE3483,32.0,KURTA,L,GREY
JNE3483-KR-M,JNE3483,44.0,KURTA,M,GREY
JNE3483-KR-S,JNE3483,48.0,KURTA,S,GREY
JNE3483-KR-XL,JNE3483,36.0,KURTA,XL,GREY
JNE3483-KR-XS,JNE3483,33.0,KURTA,XS,GREY
JNE3483-KR-XXL,JNE3483,21.0,KURTA,XXL,GREY
JNE3483-KR-XXXL,JNE3483,4.0,KURTA,XXXL,GREY
JNE3484-KR-L,JNE3484,6.0,KURTA,L,OLIVE
JNE3484-KR-M,JNE3484,32.0,KURTA,M,OLIVE
JNE3484-KR-S,JNE3484,47.0,KURTA,S,OLIVE
JNE3484-KR-XL,JNE3484,7.0,KURTA,XL,OLIVE
JNE3484-KR-XS,JNE3484,15.0,KURTA,XS,OLIVE
JNE3484-KR-XXL,JNE3484,11.0,KURTA,XXL,OLIVE
JNE3484-KR-XXXL,JNE3484,1.0,KURTA,XXXL,OLIVE
JNE3485-KR-L,JNE3485,71.0,KURTA,L,GREY
JNE3485-KR-M,JNE3485,80.0,KURTA,M,GREY
JNE3485-KR-S,JNE3485,81.0,KURTA,S,GREY
JNE3485-KR-XL,JNE3485,69.0,KURTA,XL,GREY
JNE3485-KR-XS,JNE3485,71.0,KURTA,XS,GREY
JNE3485-KR-XXL,JNE3485,64.0,KURTA,XXL,GREY
JNE3485-KR-XXXL,JNE3485,21.0,KURTA,XXXL,GREY
JNE3486-KR-L,JNE3486,90.0,KURTA,L,LIGHT GREEN
JNE3486-KR-M,JNE3486,83.0,KURTA,M,LIGHT GREEN
JNE3486-KR-S,JNE3486,102.0,KURTA,S,LIGHT GREEN
JNE3486-KR-XL,JNE3486,89.0,KURTA,XL,LIGHT GREEN
JNE3486-KR-XS,JNE3486,32.0,KURTA,XS,LIGHT GREEN
JNE3486-KR-XXL,JNE3486,97.0,KURTA,XXL,LIGHT GREEN
JNE3486-KR-XXXL,JNE3486,6.0,KURTA,XXXL,LIGHT GREEN
JNE3487-KR-L,JNE3487,6.0,KURTA,L,PEACH
JNE3487-KR-M,JNE3487,23.0,KURTA,M,PEACH
JNE3487-KR-S,JNE3487,77.0,KURTA,S,PEACH
JNE3487-KR-XL,JNE3487,7.0,KURTA,XL,PEACH
JNE3487-KR-XS,JNE3487,6.0,KURTA,XS,PEACH
JNE3487-KR-XXL,JNE3487,13.0,KURTA,XXL,PEACH
JNE3487-KR-XXXL,JNE3487,4.0,KURTA,XXXL,PEACH
JNE3488-KR-L,JNE3488,2.0,KURTA,L,WHITE
JNE3488-KR-M,JNE3488,2.0,KURTA,M,WHITE
JNE3488-KR-S,JNE3488,4.0,KURTA,S,WHITE
JNE3488-KR-XL,JNE3488,0.0,KURTA,XL,WHITE
JNE3488-KR-XS,JNE3488,7.0,KURTA,XS,WHITE
JNE3488-KR-XXL,JNE3488,0.0,KURTA,XXL,WHITE
JNE3488-KR-XXXL,JNE3488,3.0,KURTA,XXXL,WHITE
JNE3489-KR-L,JNE3489,140.0,KURTA,L,MAROON
JNE3489-KR-M,JNE3489,87.0,KURTA,M,MAROON
JNE3489-KR-S,JNE3489,114.0,KURTA,S,MAROON
JNE3489-KR-XL,JNE3489,70.0,KURTA,XL,MAROON
JNE3489-KR-XS,JNE3489,38.0,KURTA,XS,MAROON
JNE3489-KR-XXL,JNE3489,166.0,KURTA,XXL,MAROON
JNE3489-KR-XXXL,JNE3489,10.0,KURTA,XXXL,MAROON
JNE3491-KR-L,JNE3491,2.0,KURTA,L,BLUE
JNE3491-KR-M,JNE3491,3.0,KURTA,M,BLUE
JNE3491-KR-S,JNE3491,5.0,KURTA,S,BLUE
JNE3491-KR-XL,JNE3491,4.0,KURTA,XL,BLUE
JNE3491-KR-XS,JNE3491,9.0,KURTA,XS,BLUE
JNE3491-KR-XXL,JNE3491,4.0,KURTA,XXL,BLUE
JNE3491-KR-XXXL,JNE3491,2.0,KURTA,XXXL,BLUE
JNE3497-KR-L,JNE3497,1.0,KURTA,L,GREY
JNE3497-KR-M,JNE3497,1.0,KURTA,M,GREY
JNE3497-KR-S,JNE3497,2.0,KURTA,S,GREY
JNE3497-KR-XL,JNE3497,1.0,KURTA,XL,GREY
JNE3497-KR-XS,JNE3497,3.0,KURTA,XS,GREY
JNE3497-KR-XXL,JNE3497,0.0,KURTA,XXL,GREY
JNE3497-KR-XXXL,JNE3497,1.0,KURTA,XXXL,GREY
JNE3500-KR-L,JNE3500,3.0,KURTA,L,GREY
JNE3500-KR-M,JNE3500,1.0,KURTA,M,GREY
JNE3500-KR-S,JNE3500,6.0,KURTA,S,GREY
JNE3500-KR-XL,JNE3500,2.0,KURTA,XL,GREY
JNE3500-KR-XS,JNE3500,16.0,KURTA,XS,GREY
JNE3500-KR-XXL,JNE3500,2.0,KURTA,XXL,GREY
JNE3500-KR-XXXL,JNE3500,5.0,KURTA,XXXL,GREY
JNE3501-KR-L,JNE3501,5.0,KURTA,L,PINK
JNE3501-KR-M,JNE3501,7.0,KURTA,M,PINK
JNE3501-KR-S,JNE3501,29.0,KURTA,S,PINK
JNE3501-KR-XL,JNE3501,23.0,KURTA,XL,PINK
JNE3501-KR-XS,JNE3501,27.0,KURTA,XS,PINK
JNE3501-KR-XXL,JNE3501,20.0,KURTA,XXL,PINK
JNE3501-KR-XXXL,JNE3501,14.0,KURTA,XXXL,PINK
JNE3503-KR-L,JNE3503,1.0,KURTA,L,LIGHT GREEN
JNE3503-KR-M,JNE3503,1.0,KURTA,M,LIGHT GREEN
JNE3503-KR-S,JNE3503,1.0,KURTA,S,LIGHT GREEN
JNE3503-KR-XL,JNE3503,0.0,KURTA,XL,LIGHT GREEN
JNE3503-KR-XS,JNE3503,2.0,KURTA,XS,LIGHT GREEN
JNE3503-KR-XXL,JNE3503,2.0,KURTA,XXL,LIGHT GREEN
JNE3503-KR-XXXL,JNE3503,3.0,KURTA,XXXL,LIGHT GREEN
JNE3504-KR-L,JNE3504,3.0,KURTA,L,GREEN
JNE3504-KR-M,JNE3504,3.0,KURTA,M,GREEN
JNE3504-KR-S,JNE3504,3.0,KURTA,S,GREEN
JNE3504-KR-XL,JNE3504,11.0,KURTA,XL,GREEN
JNE3504-KR-XS,JNE3504,10.0,KURTA,XS,GREEN
JNE3504-KR-XXL,JNE3504,2.0,KURTA,XXL,GREEN
JNE3504-KR-XXXL,JNE3504,3.0,KURTA,XXXL,GREEN
JNE3506-KR-L,JNE3506,27.0,KURTA,L,PEACH
JNE3506-KR-M,JNE3506,19.0,KURTA,M,PEACH
JNE3506-KR-S,JNE3506,24.0,KURTA,S,PEACH
JNE3506-KR-XL,JNE3506,18.0,KURTA,XL,PEACH
JNE3506-KR-XS,JNE3506,13.0,KURTA,XS,PEACH
JNE3506-KR-XXL,JNE3506,3.0,KURTA,XXL,PEACH
JNE3506-KR-XXXL,JNE3506,2.0,KURTA,XXXL,PEACH
JNE3507-KR-L,JNE3507,1.0,KURTA,L,GREY
JNE3507-KR-M,JNE3507,1.0,KURTA,M,GREY
JNE3507-KR-S,JNE3507,0.0,KURTA,S,GREY
JNE3507-KR-XL,JNE3507,0.0,KURTA,XL,GREY
JNE3507-KR-XS,JNE3507,1.0,KURTA,XS,GREY
JNE3507-KR-XXL,JNE3507,3.0,KURTA,XXL,GREY
JNE3507-KR-XXXL,JNE3507,0.0,KURTA,XXXL,GREY
JNE3510-KR-L,JNE3510,1.0,KURTA,L,GREY
JNE3510-KR-M,JNE3510,0.0,KURTA,M,GREY
JNE3510-KR-S,JNE3510,2.0,KURTA,S,GREY
JNE3510-KR-XL,JNE3510,4.0,KURTA,XL,GREY
JNE3510-KR-XS,JNE3510,66.0,KURTA,XS,GREY
JNE3510-KR-XXL,JNE3510,6.0,KURTA,XXL,GREY
JNE3510-KR-XXXL,JNE3510,58.0,KURTA,XXXL,GREY
JNE3515-KR-L,JNE3515,62.0,KURTA,L,CORAL
JNE3515-KR-M,JNE3515,25.0,KURTA,M,CORAL
JNE3515-KR-S,JNE3515,5.0,KURTA,S,CORAL
JNE3515-KR-XL,JNE3515,63.0,KURTA,XL,CORAL
JNE3515-KR-XS,JNE3515,25.0,KURTA,XS,CORAL
JNE3515-KR-XXL,JNE3515,5.0,KURTA,XXL,CORAL
JNE3515-KR-XXXL,JNE3515,55.0,KURTA,XXXL,CORAL
JNE3516-KR-L,JNE3516,6.0,KURTA,L,MUSTARD
JNE3516-KR-M,JNE3516,9.0,KURTA,M,MUSTARD
JNE3516-KR-S,JNE3516,25.0,KURTA,S,MUSTARD
JNE3516-KR-XL,JNE3516,13.0,KURTA,XL,MUSTARD
JNE3516-KR-XS,JNE3516,3.0,KURTA,XS,MUSTARD
JNE3516-KR-XXL,JNE3516,10.0,KURTA,XXL,MUSTARD
JNE3516-KR-XXXL,JNE3516,1.0,KURTA,XXXL,MUSTARD
JNE3517-KR-L,JNE3517,6.0,KURTA,L,PEACH
JNE3517-KR-M,JNE3517,4.0,KURTA,M,PEACH
JNE3517-KR-S,JNE3517,3.0,KURTA,S,PEACH
JNE3517-KR-XL,JNE3517,4.0,KURTA,XL,PEACH
JNE3517-KR-XS,JNE3517,2.0,KURTA,XS,PEACH
JNE3517-KR-XXL,JNE3517,4.0,KURTA,XXL,PEACH
JNE3518-KR-L,JNE3518,3.0,KURTA,L,TURQUOISE
JNE3518-KR-M,JNE3518,6.0,KURTA,M,TURQUOISE
JNE3518-KR-S,JNE3518,39.0,KURTA,S,TURQUOISE
JNE3518-KR-XL,JNE3518,6.0,KURTA,XL,TURQUOISE
JNE3518-KR-XS,JNE3518,22.0,KURTA,XS,TURQUOISE
JNE3518-KR-XXL,JNE3518,12.0,KURTA,XXL,TURQUOISE
JNE3518-KR-XXXL,JNE3518,4.0,KURTA,XXXL,TURQUOISE
JNE3520-KR-L,JNE3520,64.0,KURTA,L,MUSTARD
JNE3520-KR-M,JNE3520,64.0,KURTA,M,MUSTARD
JNE3520-KR-S,JNE3520,61.0,KURTA,S,MUSTARD
JNE3520-KR-XL,JNE3520,56.0,KURTA,XL,MUSTARD
JNE3520-KR-XS,JNE3520,15.0,KURTA,XS,MUSTARD
JNE3520-KR-XXL,JNE3520,71.0,KURTA,XXL,MUSTARD
JNE3520-KR-XXXL,JNE3520,9.0,KURTA,XXXL,MUSTARD
JNE3521-KR-L,JNE3521,22.0,KURTA,L,TURQUOISE
JNE3521-KR-M,JNE3521,9.0,KURTA,M,TURQUOISE
JNE3521-KR-S,JNE3521,0.0,KURTA,S,TURQUOISE
JNE3521-KR-XL,JNE3521,3.0,KURTA,XL,TURQUOISE
JNE3521-KR-XS,JNE3521,2.0,KURTA,XS,TURQUOISE
JNE3521-KR-XXL,JNE3521,24.0,KURTA,XXL,TURQUOISE
JNE3522-KR-L,JNE3522,18.0,KURTA,L,PEACH
JNE3522-KR-M,JNE3522,29.0,KURTA,M,PEACH
JNE3522-KR-S,JNE3522,83.0,KURTA,S,PEACH
JNE3522-KR-XL,JNE3522,11.0,KURTA,XL,PEACH
JNE3522-KR-XS,JNE3522,17.0,KURTA,XS,PEACH
JNE3522-KR-XXL,JNE3522,16.0,KURTA,XXL,PEACH
JNE3522-KR-XXXL,JNE3522,1.0,KURTA,XXXL,PEACH
JNE3523-KR-L,JNE3523,0.0,KURTA,L,NAVY BLUE
JNE3523-KR-M,JNE3523,0.0,KURTA,M,NAVY BLUE
JNE3523-KR-S,JNE3523,0.0,KURTA,S,NAVY BLUE
JNE3523-KR-XL,JNE3523,0.0,KURTA,XL,NAVY BLUE
JNE3523-KR-XS,JNE3523,19.0,KURTA,XS,NAVY BLUE
JNE3523-KR-XXL,JNE3523,0.0,KURTA,XXL,NAVY BLUE
JNE3523-KR-XXXL,JNE3523,0.0,KURTA,XXXL,NAVY BLUE
JNE3524-KR-L,JNE3524,27.0,KURTA,L,BLUE
JNE3524-KR-M,JNE3524,26.0,KURTA,M,BLUE
JNE3524-KR-S,JNE3524,11.0,KURTA,S,BLUE
JNE3524-KR-XL,JNE3524,33.0,KURTA,XL,BLUE
JNE3524-KR-XS,JNE3524,5.0,KURTA,XS,BLUE
JNE3524-KR-XXL,JNE3524,22.0,KURTA,XXL,BLUE
JNE3524-KR-XXXL,JNE3524,13.0,KURTA,XXXL,BLUE
JNE3526-KR-L,JNE3526,2.0,KURTA,L,GREY
JNE3526-KR-M,JNE3526,2.0,KURTA,M,GREY
JNE3526-KR-S,JNE3526,5.0,KURTA,S,GREY
JNE3526-KR-XL,JNE3526,2.0,KURTA,XL,GREY
JNE3526-KR-XS,JNE3526,3.0,KURTA,XS,GREY
JNE3526-KR-XXL,JNE3526,3.0,KURTA,XXL,GREY
JNE3526-KR-XXXL,JNE3526,2.0,KURTA,XXXL,GREY
JNE3528-KR-L,JNE3528,2.0,KURTA,L,SEA GREEN
JNE3528-KR-M,JNE3528,0.0,KURTA,M,SEA GREEN
JNE3528-KR-S,JNE3528,2.0,KURTA,S,SEA GREEN
JNE3528-KR-XL,JNE3528,0.0,KURTA,XL,SEA GREEN
JNE3528-KR-XS,JNE3528,1.0,KURTA,XS,SEA GREEN
JNE3528-KR-XXL,JNE3528,3.0,KURTA,XXL,SEA GREEN
JNE3528-KR-XXXL,JNE3528,3.0,KURTA,XXXL,SEA GREEN
JNE3530-KR-L,JNE3530,2.0,KURTA,L,GREY
JNE3530-KR-M,JNE3530,3.0,KURTA,M,GREY
JNE3530-KR-S,JNE3530,4.0,KURTA,S,GREY
JNE3530-KR-XL,JNE3530,1.0,KURTA,XL,GREY
JNE3530-KR-XS,JNE3530,8.0,KURTA,XS,GREY
JNE3530-KR-XXL,JNE3530,0.0,KURTA,XXL,GREY
JNE3530-KR-XXXL,JNE3530,3.0,KURTA,XXXL,GREY
JNE3531-KR-L,JNE3531,3.0,KURTA,L,CREAM
JNE3531-KR-M,JNE3531,4.0,KURTA,M,CREAM
JNE3531-KR-S,JNE3531,6.0,KURTA,S,CREAM
JNE3531-KR-XL,JNE3531,2.0,KURTA,XL,CREAM
JNE3531-KR-XS,JNE3531,11.0,KURTA,XS,CREAM
JNE3531-KR-XXL,JNE3531,6.0,KURTA,XXL,CREAM
JNE3531-KR-XXXL,JNE3531,3.0,KURTA,XXXL,CREAM
JNE3532-KR-M,JNE3532,1.0,KURTA,M,MULTICOLOR
JNE3532-KR-S,JNE3532,0.0,KURTA,S,MULTICOLOR
JNE3533-KR-S,JNE3533,1.0,KURTA,S,TEAL
JNE3533-KR-XL,JNE3533,1.0,KURTA,XL,TEAL
JNE3534-KR-L,JNE3534,2.0,KURTA,L,TURQUOISE
JNE3534-KR-M,JNE3534,6.0,KURTA,M,TURQUOISE
JNE3534-KR-S,JNE3534,7.0,KURTA,S,TURQUOISE
JNE3534-KR-XL,JNE3534,5.0,KURTA,XL,TURQUOISE
JNE3534-KR-XS,JNE3534,14.0,KURTA,XS,TURQUOISE
JNE3534-KR-XXL,JNE3534,3.0,KURTA,XXL,TURQUOISE
JNE3534-KR-XXXL,JNE3534,3.0,KURTA,XXXL,TURQUOISE
JNE3535-KR-L,JNE3535,2.0,KURTA,L,TURQUOISE
JNE3535-KR-M,JNE3535,0.0,KURTA,M,TURQUOISE
JNE3535-KR-S,JNE3535,1.0,KURTA,S,TURQUOISE
JNE3535-KR-XL,JNE3535,2.0,KURTA,XL,TURQUOISE
JNE3535-KR-XS,JNE3535,10.0,KURTA,XS,TURQUOISE
JNE3535-KR-XXL,JNE3535,6.0,KURTA,XXL,TURQUOISE
JNE3535-KR-XXXL,JNE3535,1.0,KURTA,XXXL,TURQUOISE
JNE3537-KR-L,JNE3537,0.0,KURTA,L,MULTICOLOR
JNE3537-KR-M,JNE3537,3.0,KURTA,M,MULTICOLOR
JNE3537-KR-S,JNE3537,2.0,KURTA,S,MULTICOLOR
JNE3537-KR-XL,JNE3537,1.0,KURTA,XL,MULTICOLOR
JNE3537-KR-XS,JNE3537,6.0,KURTA,XS,MULTICOLOR
JNE3537-KR-XXL,JNE3537,0.0,KURTA,XXL,MULTICOLOR
JNE3537-KR-XXXL,JNE3537,0.0,KURTA,XXXL,MULTICOLOR
JNE3538-KR-L,JNE3538,0.0,KURTA,L,NAVY BLUE
JNE3538-KR-M,JNE3538,1.0,KURTA,M,NAVY BLUE
JNE3538-KR-S,JNE3538,2.0,KURTA,S,NAVY BLUE
JNE3538-KR-XL,JNE3538,1.0,KURTA,XL,NAVY BLUE
JNE3538-KR-XS,JNE3538,2.0,KURTA,XS,NAVY BLUE
JNE3538-KR-XXL,JNE3538,1.0,KURTA,XXL,NAVY BLUE
JNE3538-KR-XXXL,JNE3538,0.0,KURTA,XXXL,NAVY BLUE
JNE3539-KR-L,JNE3539,0.0,KURTA,L,CREAM
JNE3539-KR-M,JNE3539,2.0,KURTA,M,CREAM
JNE3539-KR-S,JNE3539,7.0,KURTA,S,CREAM
JNE3539-KR-XL,JNE3539,3.0,KURTA,XL,CREAM
JNE3539-KR-XS,JNE3539,7.0,KURTA,XS,CREAM
JNE3539-KR-XXL,JNE3539,2.0,KURTA,XXL,CREAM
JNE3539-KR-XXXL,JNE3539,2.0,KURTA,XXXL,CREAM
JNE3541-KR-L,JNE3541,1.0,KURTA,L,MAROON
JNE3541-KR-M,JNE3541,0.0,KURTA,M,MAROON
JNE3541-KR-S,JNE3541,1.0,KURTA,S,MAROON
JNE3541-KR-XL,JNE3541,1.0,KURTA,XL,MAROON
JNE3541-KR-XS,JNE3541,0.0,KURTA,XS,MAROON
JNE3541-KR-XXXL,JNE3541,0.0,KURTA,XXXL,MAROON
JNE3542-KR-L,JNE3542,3.0,KURTA,L,CREAM
JNE3542-KR-M,JNE3542,2.0,KURTA,M,CREAM
JNE3542-KR-S,JNE3542,6.0,KURTA,S,CREAM
JNE3542-KR-XL,JNE3542,2.0,KURTA,XL,CREAM
JNE3542-KR-XS,JNE3542,6.0,KURTA,XS,CREAM
JNE3542-KR-XXL,JNE3542,1.0,KURTA,XXL,CREAM
JNE3542-KR-XXXL,JNE3542,1.0,KURTA,XXXL,CREAM
JNE3543-KR-L,JNE3543,2.0,KURTA,L,CREAM
JNE3543-KR-M,JNE3543,4.0,KURTA,M,CREAM
JNE3543-KR-S,JNE3543,5.0,KURTA,S,CREAM
JNE3543-KR-XL,JNE3543,3.0,KURTA,XL,CREAM
JNE3543-KR-XS,JNE3543,7.0,KURTA,XS,CREAM
JNE3543-KR-XXL,JNE3543,3.0,KURTA,XXL,CREAM
JNE3543-KR-XXXL,JNE3543,2.0,KURTA,XXXL,CREAM
JNE3544-KR-L,JNE3544,3.0,KURTA,L,GREEN
JNE3544-KR-M,JNE3544,2.0,KURTA,M,GREEN
JNE3544-KR-S,JNE3544,2.0,KURTA,S,GREEN
JNE3544-KR-XL,JNE3544,2.0,KURTA,XL,GREEN
JNE3544-KR-XS,JNE3544,3.0,KURTA,XS,GREEN
JNE3544-KR-XXL,JNE3544,3.0,KURTA,XXL,GREEN
JNE3544-KR-XXXL,JNE3544,1.0,KURTA,XXXL,GREEN
JNE3545-KR-L,JNE3545,0.0,KURTA,L,GREEN
JNE3545-KR-M,JNE3545,1.0,KURTA,M,GREEN
JNE3545-KR-S,JNE3545,0.0,KURTA,S,GREEN
JNE3545-KR-XL,JNE3545,0.0,KURTA,XL,GREEN
JNE3545-KR-XS,JNE3545,2.0,KURTA,XS,GREEN
JNE3545-KR-XXL,JNE3545,1.0,KURTA,XXL,GREEN
JNE3545-KR-XXXL,JNE3545,2.0,KURTA,XXXL,GREEN
JNE3546-KR-L,JNE3546,10.0,KURTA,L,BLUE
JNE3546-KR-M,JNE3546,29.0,KURTA,M,BLUE
JNE3546-KR-S,JNE3546,7.0,KURTA,S,BLUE
JNE3546-KR-XL,JNE3546,6.0,KURTA,XL,BLUE
JNE3546-KR-XS,JNE3546,17.0,KURTA,XS,BLUE
JNE3546-KR-XXL,JNE3546,4.0,KURTA,XXL,BLUE
JNE3546-KR-XXXL,JNE3546,2.0,KURTA,XXXL,BLUE
JNE3547-KR-L,JNE3547,26.0,KURTA,L,TURQUOISE BLUE
JNE3547-KR-M,JNE3547,26.0,KURTA,M,TURQUOISE BLUE
JNE3547-KR-S,JNE3547,5.0,KURTA,S,TURQUOISE BLUE
JNE3547-KR-XL,JNE3547,66.0,KURTA,XL,TURQUOISE BLUE
JNE3547-KR-XS,JNE3547,5.0,KURTA,XS,TURQUOISE BLUE
JNE3547-KR-XXL,JNE3547,19.0,KURTA,XXL,TURQUOISE BLUE
JNE3547-KR-XXXL,JNE3547,46.0,KURTA,XXXL,TURQUOISE BLUE
JNE3548-KR-L,JNE3548,146.0,KURTA,L,DARK BLUE
JNE3548-KR-M,JNE3548,112.0,KURTA,M,DARK BLUE
JNE3548-KR-S,JNE3548,87.0,KURTA,S,DARK BLUE
JNE3548-KR-XL,JNE3548,154.0,KURTA,XL,DARK BLUE
JNE3548-KR-XS,JNE3548,38.0,KURTA,XS,DARK BLUE
JNE3548-KR-XXL,JNE3548,112.0,KURTA,XXL,DARK BLUE
JNE3548-KR-XXXL,JNE3548,84.0,KURTA,XXXL,DARK BLUE
JNE3549-KR-L,JNE3549,25.0,KURTA,L,MAROON
JNE3549-KR-M,JNE3549,13.0,KURTA,M,MAROON
JNE3549-KR-S,JNE3549,54.0,KURTA,S,MAROON
JNE3549-KR-XL,JNE3549,7.0,KURTA,XL,MAROON
JNE3549-KR-XS,JNE3549,27.0,KURTA,XS,MAROON
JNE3549-KR-XXL,JNE3549,8.0,KURTA,XXL,MAROON
JNE3549-KR-XXXL,JNE3549,3.0,KURTA,XXXL,MAROON
JNE3550-KR-L,JNE3550,0.0,KURTA,L,DARK GREEN
JNE3550-KR-M,JNE3550,1.0,KURTA,M,DARK GREEN
JNE3550-KR-S,JNE3550,2.0,KURTA,S,DARK GREEN
JNE3550-KR-XL,JNE3550,0.0,KURTA,XL,DARK GREEN
JNE3550-KR-XS,JNE3550,4.0,KURTA,XS,DARK GREEN
JNE3550-KR-XXL,JNE3550,2.0,KURTA,XXL,DARK GREEN
JNE3550-KR-XXXL,JNE3550,2.0,KURTA,XXXL,DARK GREEN
JNE3553-KR-L,JNE3553,2.0,KURTA,L,NAVY BLUE
JNE3553-KR-M,JNE3553,0.0,KURTA,M,NAVY BLUE
JNE3553-KR-S,JNE3553,51.0,KURTA,S,NAVY BLUE
JNE3553-KR-XL,JNE3553,0.0,KURTA,XL,NAVY BLUE
JNE3553-KR-XS,JNE3553,46.0,KURTA,XS,NAVY BLUE
JNE3553-KR-XXL,JNE3553,25.0,KURTA,XXL,NAVY BLUE
JNE3553-KR-XXXL,JNE3553,20.0,KURTA,XXXL,NAVY BLUE
JNE3554-KR-L,JNE3554,7.0,KURTA,L,YELLOW
JNE3554-KR-M,JNE3554,1.0,KURTA,M,YELLOW
JNE3554-KR-S,JNE3554,33.0,KURTA,S,YELLOW
JNE3554-KR-XL,JNE3554,3.0,KURTA,XL,YELLOW
JNE3554-KR-XXL,JNE3554,40.0,KURTA,XXL,YELLOW
JNE3554-KR-XXXL,JNE3554,1.0,KURTA,XXXL,YELLOW
JNE3555-KR-L,JNE3555,20.0,KURTA,L,MAROON
JNE3555-KR-M,JNE3555,25.0,KURTA,M,MAROON
JNE3555-KR-S,JNE3555,28.0,KURTA,S,MAROON
JNE3555-KR-XL,JNE3555,19.0,KURTA,XL,MAROON
JNE3555-KR-XS,JNE3555,16.0,KURTA,XS,MAROON
JNE3555-KR-XXL,JNE3555,21.0,KURTA,XXL,MAROON
JNE3555-KR-XXXL,JNE3555,2.0,KURTA,XXXL,MAROON
JNE3556-KR-L,JNE3556,20.0,KURTA,L,GREY
JNE3556-KR-M,JNE3556,13.0,KURTA,M,GREY
JNE3556-KR-S,JNE3556,14.0,KURTA,S,GREY
JNE3556-KR-XL,JNE3556,18.0,KURTA,XL,GREY
JNE3556-KR-XS,JNE3556,21.0,KURTA,XS,GREY
JNE3556-KR-XXL,JNE3556,23.0,KURTA,XXL,GREY
JNE3556-KR-XXXL,JNE3556,23.0,KURTA,XXXL,GREY
JNE3557-KR-L,JNE3557,44.0,KURTA,L,BLACK
JNE3557-KR-M,JNE3557,44.0,KURTA,M,BLACK
JNE3557-KR-S,JNE3557,20.0,KURTA,S,BLACK
JNE3557-KR-XL,JNE3557,36.0,KURTA,XL,BLACK
JNE3557-KR-XXL,JNE3557,14.0,KURTA,XXL,BLACK
JNE3558-KR-L,JNE3558,0.0,KURTA,L,PINK
JNE3558-KR-M,JNE3558,1.0,KURTA,M,PINK
JNE3558-KR-S,JNE3558,2.0,KURTA,S,PINK
JNE3558-KR-XL,JNE3558,2.0,KURTA,XL,PINK
JNE3558-KR-XS,JNE3558,2.0,KURTA,XS,PINK
JNE3558-KR-XXL,JNE3558,2.0,KURTA,XXL,PINK
JNE3558-KR-XXXL,JNE3558,1.0,KURTA,XXXL,PINK
JNE3559-KR-L,JNE3559,11.0,KURTA,L,GREY
JNE3559-KR-M,JNE3559,2.0,KURTA,M,GREY
JNE3559-KR-S,JNE3559,13.0,KURTA,S,GREY
JNE3559-KR-XL,JNE3559,21.0,KURTA,XL,GREY
JNE3559-KR-XS,JNE3559,13.0,KURTA,XS,GREY
JNE3559-KR-XXL,JNE3559,5.0,KURTA,XXL,GREY
JNE3559-KR-XXXL,JNE3559,3.0,KURTA,XXXL,GREY
JNE3560-KR-L,JNE3560,138.0,KURTA,L,BLUE
JNE3560-KR-M,JNE3560,106.0,KURTA,M,BLUE
JNE3560-KR-S,JNE3560,199.0,KURTA,S,BLUE
JNE3560-KR-XL,JNE3560,223.0,KURTA,XL,BLUE
JNE3560-KR-XS,JNE3560,48.0,KURTA,XS,BLUE
JNE3560-KR-XXL,JNE3560,168.0,KURTA,XXL,BLUE
JNE3560-KR-XXXL,JNE3560,87.0,KURTA,XXXL,BLUE
JNE3561-KR-L,JNE3561,1.0,KURTA,L,BEIGE
JNE3561-KR-M,JNE3561,4.0,KURTA,M,BEIGE
JNE3561-KR-S,JNE3561,8.0,KURTA,S,BEIGE
JNE3561-KR-XL,JNE3561,4.0,KURTA,XL,BEIGE
JNE3561-KR-XS,JNE3561,53.0,KURTA,XS,BEIGE
JNE3561-KR-XXL,JNE3561,6.0,KURTA,XXL,BEIGE
JNE3561-KR-XXXL,JNE3561,3.0,KURTA,XXXL,BEIGE
JNE3562-KR-L,JNE3562,2.0,KURTA,L,PEACH
JNE3562-KR-M,JNE3562,4.0,KURTA,M,PEACH
JNE3562-KR-S,JNE3562,17.0,KURTA,S,PEACH
JNE3562-KR-XL,JNE3562,1.0,KURTA,XL,PEACH
JNE3562-KR-XXL,JNE3562,5.0,KURTA,XXL,PEACH
,JNE3562,1.0,KURTA,XXXL,PEACH
JNE3563-KR-L,JNE3563,1.0,KURTA,L,PINK
JNE3563-KR-M,JNE3563,2.0,KURTA,M,PINK
JNE3563-KR-S,JNE3563,4.0,KURTA,S,PINK
JNE3563-KR-XL,JNE3563,2.0,KURTA,XL,PINK
JNE3563-KR-XS,JNE3563,4.0,KURTA,XS,PINK
JNE3563-KR-XXL,JNE3563,1.0,KURTA,XXL,PINK
JNE3563-KR-XXXL,JNE3563,1.0,KURTA,XXXL,PINK
JNE3564-KR-L,JNE3564,90.0,KURTA,L,BLACK
JNE3564-KR-M,JNE3564,107.0,KURTA,M,BLACK
JNE3564-KR-S,JNE3564,105.0,KURTA,S,BLACK
JNE3564-KR-XL,JNE3564,105.0,KURTA,XL,BLACK
JNE3564-KR-XS,JNE3564,64.0,KURTA,XS,BLACK
JNE3564-KR-XXL,JNE3564,51.0,KURTA,XXL,BLACK
JNE3564-KR-XXXL,JNE3564,12.0,KURTA,XXXL,BLACK
JNE3565-KR-L,JNE3565,4.0,KURTA,L,BROWN
JNE3565-KR-M,JNE3565,5.0,KURTA,M,BROWN
JNE3565-KR-S,JNE3565,6.0,KURTA,S,BROWN
JNE3565-KR-XL,JNE3565,2.0,KURTA,XL,BROWN
JNE3565-KR-XS,JNE3565,16.0,KURTA,XS,BROWN
JNE3565-KR-XXL,JNE3565,3.0,KURTA,XXL,BROWN
JNE3565-KR-XXXL,JNE3565,2.0,KURTA,XXXL,BROWN
JNE3566-KR-L,JNE3566,11.0,KURTA,L,DARK GREEN
JNE3566-KR-M,JNE3566,20.0,KURTA,M,DARK GREEN
JNE3566-KR-S,JNE3566,44.0,KURTA,S,DARK GREEN
JNE3566-KR-XL,JNE3566,25.0,KURTA,XL,DARK GREEN
JNE3566-KR-XXL,JNE3566,11.0,KURTA,XXL,DARK GREEN
JNE3567-KR-L,JNE3567,377.0,KURTA,L,BLUE
JNE3567-KR-M,JNE3567,186.0,KURTA,M,BLUE
JNE3567-KR-S,JNE3567,210.0,KURTA,S,BLUE
JNE3567-KR-XL,JNE3567,336.0,KURTA,XL,BLUE
JNE3567-KR-XS,JNE3567,181.0,KURTA,XS,BLUE
JNE3567-KR-XXL,JNE3567,295.0,KURTA,XXL,BLUE
JNE3567-KR-XXXL,JNE3567,235.0,KURTA,XXXL,BLUE
,JNE3568,0.0,KURTA,5XL,YELLOW
JNE3568-KR-L,JNE3568,147.0,KURTA,L,YELLOW
JNE3568-KR-M,JNE3568,197.0,KURTA,M,YELLOW
JNE3568-KR-S,JNE3568,155.0,KURTA,S,YELLOW
JNE3568-KR-XL,JNE3568,94.0,KURTA,XL,YELLOW
JNE3568-KR-XS,JNE3568,118.0,KURTA,XS,YELLOW
JNE3568-KR-XXL,JNE3568,29.0,KURTA,XXL,YELLOW
JNE3568-KR-XXXL,JNE3568,28.0,KURTA,XXXL,YELLOW
JNE3570-KR-L,JNE3570,1.0,KURTA,L,LIGHT GREEN
JNE3570-KR-M,JNE3570,0.0,KURTA,M,LIGHT GREEN
JNE3570-KR-S,JNE3570,3.0,KURTA,S,LIGHT GREEN
JNE3570-KR-XL,JNE3570,1.0,KURTA,XL,LIGHT GREEN
JNE3570-KR-XS,JNE3570,3.0,KURTA,XS,LIGHT GREEN
JNE3570-KR-XXL,JNE3570,2.0,KURTA,XXL,LIGHT GREEN
JNE3570-KR-XXXL,JNE3570,0.0,KURTA,XXXL,LIGHT GREEN
JNE3571-KR-L,JNE3571,123.0,KURTA,L,SEA GREEN
JNE3571-KR-M,JNE3571,113.0,KURTA,M,SEA GREEN
JNE3571-KR-S,JNE3571,30.0,KURTA,S,SEA GREEN
JNE3571-KR-XL,JNE3571,63.0,KURTA,XL,SEA GREEN
JNE3571-KR-XS,JNE3571,13.0,KURTA,XS,SEA GREEN
JNE3571-KR-XXL,JNE3571,19.0,KURTA,XXL,SEA GREEN
JNE3571-KR-XXXL,JNE3571,6.0,KURTA,XXXL,SEA GREEN
JNE3572-KR-XL,JNE3572,0.0,KURTA,XL,PINK
JNE3573-KR-L,JNE3573,1.0,KURTA,L,GREY
JNE3573-KR-M,JNE3573,0.0,KURTA,M,GREY
JNE3573-KR-S,JNE3573,5.0,KURTA,S,GREY
JNE3573-KR-XL,JNE3573,2.0,KURTA,XL,GREY
JNE3573-KR-XS,JNE3573,2.0,KURTA,XS,GREY
JNE3573-KR-XXL,JNE3573,4.0,KURTA,XXL,GREY
JNE3573-KR-XXXL,JNE3573,3.0,KURTA,XXXL,GREY
JNE3574-KR-L,JNE3574,2.0,KURTA,L,LIGHT GREEN
JNE3574-KR-M,JNE3574,1.0,KURTA,M,LIGHT GREEN
JNE3574-KR-S,JNE3574,4.0,KURTA,S,LIGHT GREEN
JNE3574-KR-XL,JNE3574,1.0,KURTA,XL,LIGHT GREEN
JNE3574-KR-XS,JNE3574,1.0,KURTA,XS,LIGHT GREEN
JNE3574-KR-XXL,JNE3574,1.0,KURTA,XXL,LIGHT GREEN
JNE3574-KR-XXXL,JNE3574,2.0,KURTA,XXXL,LIGHT GREEN
JNE3575-KR-L,JNE3575,1.0,KURTA,L,PINK
JNE3575-KR-M,JNE3575,4.0,KURTA,M,PINK
JNE3575-KR-S,JNE3575,28.0,KURTA,S,PINK
JNE3575-KR-XL,JNE3575,3.0,KURTA,XL,PINK
JNE3575-KR-XS,JNE3575,21.0,KURTA,XS,PINK
JNE3575-KR-XXL,JNE3575,13.0,KURTA,XXL,PINK
JNE3575-KR-XXXL,JNE3575,9.0,KURTA,XXXL,PINK
JNE3576-KR-L,JNE3576,56.0,KURTA,L,BLACK
JNE3576-KR-M,JNE3576,39.0,KURTA,M,BLACK
JNE3576-KR-S,JNE3576,21.0,KURTA,S,BLACK
JNE3576-KR-XL,JNE3576,5.0,KURTA,XL,BLACK
JNE3576-KR-XS,JNE3576,8.0,KURTA,XS,BLACK
JNE3576-KR-XXL,JNE3576,6.0,KURTA,XXL,BLACK
JNE3576-KR-XXXL,JNE3576,3.0,KURTA,XXXL,BLACK
JNE3577-KR-L,JNE3577,17.0,KURTA,L,PINK
JNE3577-KR-M,JNE3577,17.0,KURTA,M,PINK
JNE3577-KR-S,JNE3577,14.0,KURTA,S,PINK
JNE3577-KR-XL,JNE3577,17.0,KURTA,XL,PINK
JNE3577-KR-XS,JNE3577,26.0,KURTA,XS,PINK
JNE3577-KR-XXL,JNE3577,36.0,KURTA,XXL,PINK
JNE3577-KR-XXXL,JNE3577,26.0,KURTA,XXXL,PINK
JNE3578-KR-L,JNE3578,5.0,KURTA,L,YELLOW
JNE3578-KR-M,JNE3578,1.0,KURTA,M,YELLOW
JNE3578-KR-S,JNE3578,3.0,KURTA,S,YELLOW
JNE3578-KR-XL,JNE3578,8.0,KURTA,XL,YELLOW
JNE3578-KR-XS,JNE3578,6.0,KURTA,XS,YELLOW
JNE3578-KR-XXL,JNE3578,25.0,KURTA,XXL,YELLOW
JNE3578-KR-XXXL,JNE3578,2.0,KURTA,XXXL,YELLOW
JNE3579-KR-L,JNE3579,2.0,KURTA,L,GREY
JNE3579-KR-M,JNE3579,6.0,KURTA,M,GREY
JNE3579-KR-S,JNE3579,8.0,KURTA,S,GREY
JNE3579-KR-XL,JNE3579,3.0,KURTA,XL,GREY
JNE3579-KR-XS,JNE3579,2.0,KURTA,XS,GREY
JNE3579-KR-XXL,JNE3579,3.0,KURTA,XXL,GREY
JNE3579-KR-XXXL,JNE3579,4.0,KURTA,XXXL,GREY
JNE3580-DR-L,JNE3580,2.0,DRESS,L,PINK
JNE3580-DR-M,JNE3580,1.0,DRESS,M,PINK
JNE3580-DR-S,JNE3580,0.0,DRESS,S,PINK
JNE3580-DR-XL,JNE3580,0.0,DRESS,XL,PINK
JNE3580-DR-XS,JNE3580,3.0,DRESS,XS,PINK
JNE3580-DR-XXL,JNE3580,2.0,DRESS,XXL,PINK
JNE3580-DR-XXXL,JNE3580,2.0,DRESS,XXXL,PINK
JNE3581-KR-L,JNE3581,0.0,KURTA,L,PINK
JNE3581-KR-M,JNE3581,13.0,KURTA,M,PINK
JNE3581-KR-S,JNE3581,48.0,KURTA,S,PINK
JNE3581-KR-XL,JNE3581,23.0,KURTA,XL,PINK
JNE3581-KR-XXL,JNE3581,35.0,KURTA,XXL,PINK
JNE3601-KR-L,JNE3601,70.0,KURTA,L,LIGHT GREEN
JNE3601-KR-M,JNE3601,83.0,KURTA,M,LIGHT GREEN
JNE3601-KR-S,JNE3601,56.0,KURTA,S,LIGHT GREEN
JNE3601-KR-XL,JNE3601,75.0,KURTA,XL,LIGHT GREEN
JNE3601-KR-XS,JNE3601,1.0,KURTA,XS,LIGHT GREEN
JNE3601-KR-XXL,JNE3601,15.0,KURTA,XXL,LIGHT GREEN
JNE3601-KR-XXXL,JNE3601,1.0,KURTA,XXXL,LIGHT GREEN
JNE3602-KR-L,JNE3602,128.0,KURTA,L,PINK
JNE3602-KR-M,JNE3602,93.0,KURTA,M,PINK
JNE3602-KR-S,JNE3602,42.0,KURTA,S,PINK
JNE3602-KR-XL,JNE3602,154.0,KURTA,XL,PINK
JNE3602-KR-XS,JNE3602,22.0,KURTA,XS,PINK
JNE3602-KR-XXL,JNE3602,76.0,KURTA,XXL,PINK
JNE3602-KR-XXXL,JNE3602,78.0,KURTA,XXXL,PINK
JNE3603-KR-L,JNE3603,8.0,KURTA,L,WINE
JNE3603-KR-M,JNE3603,9.0,KURTA,M,WINE
JNE3603-KR-S,JNE3603,20.0,KURTA,S,WINE
JNE3603-KR-XL,JNE3603,5.0,KURTA,XL,WINE
JNE3603-KR-XS,JNE3603,56.0,KURTA,XS,WINE
JNE3603-KR-XXL,JNE3603,6.0,KURTA,XXL,WINE
JNE3603-KR-XXXL,JNE3603,1.0,KURTA,XXXL,WINE
JNE3604-KR-L,JNE3604,75.0,KURTA,L,MAGENTA
JNE3604-KR-M,JNE3604,67.0,KURTA,M,MAGENTA
JNE3604-KR-S,JNE3604,90.0,KURTA,S,MAGENTA
JNE3604-KR-XL,JNE3604,62.0,KURTA,XL,MAGENTA
JNE3604-KR-XS,JNE3604,15.0,KURTA,XS,MAGENTA
JNE3604-KR-XXL,JNE3604,74.0,KURTA,XXL,MAGENTA
JNE3604-KR-XXXL,JNE3604,2.0,KURTA,XXXL,MAGENTA
JNE3605-KR-L,JNE3605,3.0,KURTA,L,PINK
JNE3605-KR-M,JNE3605,3.0,KURTA,M,PINK
JNE3605-KR-S,JNE3605,12.0,KURTA,S,PINK
JNE3605-KR-XL,JNE3605,7.0,KURTA,XL,PINK
JNE3605-KR-XS,JNE3605,9.0,KURTA,XS,PINK
JNE3605-KR-XXL,JNE3605,2.0,KURTA,XXL,PINK
JNE3605-KR-XXXL,JNE3605,15.0,KURTA,XXXL,PINK
JNE3606-KR-L,JNE3606,5.0,KURTA,L,BEIGE
JNE3606-KR-M,JNE3606,2.0,KURTA,M,BEIGE
JNE3606-KR-S,JNE3606,12.0,KURTA,S,BEIGE
JNE3606-KR-XL,JNE3606,4.0,KURTA,XL,BEIGE
JNE3606-KR-XS,JNE3606,7.0,KURTA,XS,BEIGE
JNE3606-KR-XXL,JNE3606,15.0,KURTA,XXL,BEIGE
JNE3606-KR-XXXL,JNE3606,4.0,KURTA,XXXL,BEIGE
JNE3607-KR-L,JNE3607,350.0,KURTA,L,MAROON
JNE3607-KR-M,JNE3607,257.0,KURTA,M,MAROON
JNE3607-KR-S,JNE3607,72.0,KURTA,S,MAROON
JNE3607-KR-XL,JNE3607,317.0,KURTA,XL,MAROON
JNE3607-KR-XS,JNE3607,244.0,KURTA,XS,MAROON
JNE3607-KR-XXL,JNE3607,281.0,KURTA,XXL,MAROON
JNE3607-KR-XXXL,JNE3607,181.0,KURTA,XXXL,MAROON
JNE3608-KR-L,JNE3608,9.0,KURTA,L,MAROON
JNE3608-KR-M,JNE3608,30.0,KURTA,M,MAROON
JNE3608-KR-S,JNE3608,30.0,KURTA,S,MAROON
JNE3608-KR-XL,JNE3608,13.0,KURTA,XL,MAROON
JNE3608-KR-XS,JNE3608,9.0,KURTA,XS,MAROON
JNE3608-KR-XXL,JNE3608,24.0,KURTA,XXL,MAROON
JNE3608-KR-XXXL,JNE3608,2.0,KURTA,XXXL,MAROON
JNE3609-KR-L,JNE3609,13.0,KURTA,L,WHITE
JNE3609-KR-M,JNE3609,34.0,KURTA,M,WHITE
JNE3609-KR-S,JNE3609,7.0,KURTA,S,WHITE
JNE3609-KR-XL,JNE3609,7.0,KURTA,XL,WHITE
JNE3609-KR-XS,JNE3609,28.0,KURTA,XS,WHITE
JNE3609-KR-XXL,JNE3609,10.0,KURTA,XXL,WHITE
JNE3609-KR-XXXL,JNE3609,10.0,KURTA,XXXL,WHITE
JNE3610-KR-L,JNE3610,32.0,KURTA,L,TEAL GREEN
JNE3610-KR-M,JNE3610,41.0,KURTA,M,TEAL GREEN
JNE3610-KR-S,JNE3610,50.0,KURTA,S,TEAL GREEN
JNE3610-KR-XL,JNE3610,40.0,KURTA,XL,TEAL GREEN
JNE3610-KR-XS,JNE3610,20.0,KURTA,XS,TEAL GREEN
JNE3610-KR-XXL,JNE3610,17.0,KURTA,XXL,TEAL GREEN
JNE3610-KR-XXXL,JNE3610,3.0,KURTA,XXXL,TEAL GREEN
JNE3611-KR-L,JNE3611,267.0,KURTA,L,BLACK
JNE3611-KR-M,JNE3611,217.0,KURTA,M,BLACK
JNE3611-KR-S,JNE3611,304.0,KURTA,S,BLACK
JNE3611-KR-XL,JNE3611,140.0,KURTA,XL,BLACK
JNE3611-KR-XS,JNE3611,260.0,KURTA,XS,BLACK
JNE3611-KR-XXL,JNE3611,98.0,KURTA,XXL,BLACK
JNE3611-KR-XXXL,JNE3611,207.0,KURTA,XXXL,BLACK
JNE3612-KR-L,JNE3612,14.0,KURTA,L,LIGHT GREEN
JNE3612-KR-M,JNE3612,45.0,KURTA,M,LIGHT GREEN
JNE3612-KR-S,JNE3612,15.0,KURTA,S,LIGHT GREEN
JNE3612-KR-XL,JNE3612,7.0,KURTA,XL,LIGHT GREEN
JNE3612-KR-XS,JNE3612,8.0,KURTA,XS,LIGHT GREEN
JNE3612-KR-XXL,JNE3612,19.0,KURTA,XXL,LIGHT GREEN
JNE3612-KR-XXXL,JNE3612,2.0,KURTA,XXXL,LIGHT GREEN
JNE3613-KR-L,JNE3613,779.0,KURTA,L,TEAL
JNE3613-KR-M,JNE3613,485.0,KURTA,M,TEAL
JNE3613-KR-S,JNE3613,259.0,KURTA,S,TEAL
JNE3613-KR-XL,JNE3613,593.0,KURTA,XL,TEAL
JNE3613-KR-XS,JNE3613,192.0,KURTA,XS,TEAL
JNE3613-KR-XXL,JNE3613,504.0,KURTA,XXL,TEAL
JNE3613-KR-XXXL,JNE3613,609.0,KURTA,XXXL,TEAL
JNE3614-KR-L,JNE3614,57.0,KURTA,L,TEAL GREEN
JNE3614-KR-M,JNE3614,76.0,KURTA,M,TEAL GREEN
JNE3614-KR-S,JNE3614,81.0,KURTA,S,TEAL GREEN
JNE3614-KR-XL,JNE3614,54.0,KURTA,XL,TEAL GREEN
JNE3614-KR-XS,JNE3614,17.0,KURTA,XS,TEAL GREEN
JNE3614-KR-XXL,JNE3614,39.0,KURTA,XXL,TEAL GREEN
JNE3614-KR-XXXL,JNE3614,27.0,KURTA,XXXL,TEAL GREEN
JNE3615-KR-L,JNE3615,91.0,KURTA,L,NAVY BLUE
JNE3615-KR-M,JNE3615,57.0,KURTA,M,NAVY BLUE
JNE3615-KR-S,JNE3615,68.0,KURTA,S,NAVY BLUE
JNE3615-KR-XL,JNE3615,22.0,KURTA,XL,NAVY BLUE
JNE3615-KR-XS,JNE3615,8.0,KURTA,XS,NAVY BLUE
JNE3615-KR-XXL,JNE3615,13.0,KURTA,XXL,NAVY BLUE
JNE3615-KR-XXXL,JNE3615,0.0,KURTA,XXXL,NAVY BLUE
JNE3616-KR-L,JNE3616,5.0,KURTA,L,MAROON
JNE3616-KR-M,JNE3616,7.0,KURTA,M,MAROON
JNE3616-KR-S,JNE3616,16.0,KURTA,S,MAROON
JNE3616-KR-XL,JNE3616,4.0,KURTA,XL,MAROON
JNE3616-KR-XS,JNE3616,5.0,KURTA,XS,MAROON
JNE3616-KR-XXL,JNE3616,3.0,KURTA,XXL,MAROON
JNE3616-KR-XXXL,JNE3616,6.0,KURTA,XXXL,MAROON
JNE3617-KR-L,JNE3617,44.0,KURTA,L,BLACK
JNE3617-KR-M,JNE3617,47.0,KURTA,M,BLACK
JNE3617-KR-S,JNE3617,120.0,KURTA,S,BLACK
JNE3617-KR-XL,JNE3617,45.0,KURTA,XL,BLACK
JNE3617-KR-XS,JNE3617,13.0,KURTA,XS,BLACK
JNE3617-KR-XXL,JNE3617,91.0,KURTA,XXL,BLACK
JNE3617-KR-XXXL,JNE3617,3.0,KURTA,XXXL,BLACK
JNE3618-KR-L,JNE3618,1.0,KURTA,L,TEAL
JNE3618-KR-M,JNE3618,9.0,KURTA,M,TEAL
JNE3618-KR-S,JNE3618,7.0,KURTA,S,TEAL
JNE3618-KR-XL,JNE3618,5.0,KURTA,XL,TEAL
JNE3618-KR-XS,JNE3618,8.0,KURTA,XS,TEAL
JNE3618-KR-XXL,JNE3618,2.0,KURTA,XXL,TEAL
JNE3618-KR-XXXL,JNE3618,13.0,KURTA,XXXL,TEAL
JNE3619-KR-L,JNE3619,10.0,KURTA,L,BLACK
JNE3619-KR-M,JNE3619,9.0,KURTA,M,BLACK
JNE3619-KR-S,JNE3619,24.0,KURTA,S,BLACK
JNE3619-KR-XL,JNE3619,10.0,KURTA,XL,BLACK
JNE3619-KR-XS,JNE3619,3.0,KURTA,XS,BLACK
JNE3619-KR-XXL,JNE3619,4.0,KURTA,XXL,BLACK
JNE3619-KR-XXXL,JNE3619,1.0,KURTA,XXXL,BLACK
JNE3620-KR-L,JNE3620,14.0,KURTA,L,MAGENTA
JNE3620-KR-M,JNE3620,23.0,KURTA,M,MAGENTA
JNE3620-KR-S,JNE3620,21.0,KURTA,S,MAGENTA
JNE3620-KR-XL,JNE3620,20.0,KURTA,XL,MAGENTA
JNE3620-KR-XS,JNE3620,1.0,KURTA,XS,MAGENTA
JNE3620-KR-XXL,JNE3620,2.0,KURTA,XXL,MAGENTA
JNE3620-KR-XXXL,JNE3620,2.0,KURTA,XXXL,MAGENTA
JNE3621-KR-L,JNE3621,9.0,KURTA,L,OFF WHITE
JNE3621-KR-M,JNE3621,4.0,KURTA,M,OFF WHITE
JNE3621-KR-S,JNE3621,8.0,KURTA,S,OFF WHITE
JNE3621-KR-XL,JNE3621,5.0,KURTA,XL,OFF WHITE
JNE3621-KR-XS,JNE3621,18.0,KURTA,XS,OFF WHITE
JNE3621-KR-XXL,JNE3621,5.0,KURTA,XXL,OFF WHITE
JNE3621-KR-XXXL,JNE3621,17.0,KURTA,XXXL,OFF WHITE
JNE3622-KR-L,JNE3622,5.0,KURTA,L,BLACK
JNE3622-KR-M,JNE3622,2.0,KURTA,M,BLACK
JNE3622-KR-S,JNE3622,38.0,KURTA,S,BLACK
JNE3622-KR-XL,JNE3622,1.0,KURTA,XL,BLACK
JNE3622-KR-XS,JNE3622,25.0,KURTA,XS,BLACK
JNE3622-KR-XXL,JNE3622,6.0,KURTA,XXL,BLACK
JNE3622-KR-XXXL,JNE3622,2.0,KURTA,XXXL,BLACK
JNE3623-KR-L,JNE3623,0.0,KURTA,L,GREEN
JNE3623-KR-M,JNE3623,2.0,KURTA,M,GREEN
JNE3623-KR-S,JNE3623,2.0,KURTA,S,GREEN
JNE3623-KR-XL,JNE3623,0.0,KURTA,XL,GREEN
JNE3623-KR-XS,JNE3623,6.0,KURTA,XS,GREEN
JNE3623-KR-XXL,JNE3623,0.0,KURTA,XXL,GREEN
JNE3623-KR-XXXL,JNE3623,8.0,KURTA,XXXL,GREEN
JNE3624-KR-L,JNE3624,0.0,KURTA,L,TAUPE
JNE3624-KR-M,JNE3624,0.0,KURTA,M,TAUPE
JNE3624-KR-S,JNE3624,3.0,KURTA,S,TAUPE
JNE3624-KR-XL,JNE3624,1.0,KURTA,XL,TAUPE
,JNE3624,1.0,KURTA,XS,TAUPE
JNE3624-KR-XXL,JNE3624,1.0,KURTA,XXL,TAUPE
JNE3625-DR-L,JNE3625,5.0,DRESS,L,PEACH
JNE3625-DR-M,JNE3625,9.0,DRESS,M,PEACH
JNE3625-DR-S,JNE3625,32.0,DRESS,S,PEACH
JNE3625-DR-XL,JNE3625,8.0,DRESS,XL,PEACH
JNE3625-DR-XS,JNE3625,38.0,DRESS,XS,PEACH
JNE3625-DR-XXL,JNE3625,21.0,DRESS,XXL,PEACH
JNE3625-DR-XXXL,JNE3625,31.0,DRESS,XXXL,PEACH
JNE3626-KR-L,JNE3626,1.0,KURTA,L,BLACK
JNE3626-KR-M,JNE3626,2.0,KURTA,M,BLACK
JNE3626-KR-S,JNE3626,4.0,KURTA,S,BLACK
JNE3626-KR-XL,JNE3626,1.0,KURTA,XL,BLACK
JNE3626-KR-XXL,JNE3626,2.0,KURTA,XXL,BLACK
JNE3627-KR-L,JNE3627,2.0,KURTA,L,TURQUOISE BLUE
JNE3627-KR-M,JNE3627,4.0,KURTA,M,TURQUOISE BLUE
JNE3627-KR-S,JNE3627,3.0,KURTA,S,TURQUOISE BLUE
JNE3627-KR-XL,JNE3627,4.0,KURTA,XL,TURQUOISE BLUE
JNE3627-KR-XS,JNE3627,7.0,KURTA,XS,TURQUOISE BLUE
JNE3627-KR-XXL,JNE3627,3.0,KURTA,XXL,TURQUOISE BLUE
JNE3627-KR-XXXL,JNE3627,2.0,KURTA,XXXL,TURQUOISE BLUE
JNE3628-KR-L,JNE3628,3.0,KURTA,L,BROWN
JNE3628-KR-M,JNE3628,2.0,KURTA,M,BROWN
JNE3628-KR-S,JNE3628,37.0,KURTA,S,BROWN
JNE3628-KR-XL,JNE3628,2.0,KURTA,XL,BROWN
JNE3628-KR-XS,JNE3628,56.0,KURTA,XS,BROWN
JNE3628-KR-XXL,JNE3628,6.0,KURTA,XXL,BROWN
JNE3628-KR-XXXL,JNE3628,34.0,KURTA,XXXL,BROWN
JNE3629-KR-L,JNE3629,3.0,KURTA,L,GREEN
JNE3629-KR-M,JNE3629,1.0,KURTA,M,GREEN
JNE3629-KR-S,JNE3629,10.0,KURTA,S,GREEN
JNE3629-KR-XL,JNE3629,2.0,KURTA,XL,GREEN
JNE3629-KR-XS,JNE3629,21.0,KURTA,XS,GREEN
JNE3629-KR-XXL,JNE3629,1.0,KURTA,XXL,GREEN
JNE3629-KR-XXXL,JNE3629,7.0,KURTA,XXXL,GREEN
JNE3630-KR-L,JNE3630,11.0,KURTA,L,BLUE
JNE3630-KR-M,JNE3630,9.0,KURTA,M,BLUE
JNE3630-KR-S,JNE3630,16.0,KURTA,S,BLUE
JNE3630-KR-XL,JNE3630,8.0,KURTA,XL,BLUE
JNE3630-KR-XS,JNE3630,17.0,KURTA,XS,BLUE
JNE3630-KR-XXL,JNE3630,4.0,KURTA,XXL,BLUE
JNE3630-KR-XXXL,JNE3630,4.0,KURTA,XXXL,BLUE
JNE3631-DR-L,JNE3631,1.0,DRESS,L,BLUE
JNE3631-DR-M,JNE3631,2.0,DRESS,M,BLUE
JNE3631-DR-S,JNE3631,5.0,DRESS,S,BLUE
JNE3631-DR-XL,JNE3631,2.0,DRESS,XL,BLUE
JNE3631-DR-XS,JNE3631,4.0,DRESS,XS,BLUE
JNE3631-DR-XXL,JNE3631,2.0,DRESS,XXL,BLUE
JNE3631-DR-XXXL,JNE3631,2.0,DRESS,XXXL,BLUE
JNE3633-KR-L,JNE3633,52.0,KURTA,L,GREEN
JNE3633-KR-M,JNE3633,55.0,KURTA,M,GREEN
JNE3633-KR-S,JNE3633,30.0,KURTA,S,GREEN
JNE3633-KR-XL,JNE3633,27.0,KURTA,XL,GREEN
JNE3633-KR-XS,JNE3633,8.0,KURTA,XS,GREEN
JNE3633-KR-XXL,JNE3633,11.0,KURTA,XXL,GREEN
JNE3633-KR-XXXL,JNE3633,13.0,KURTA,XXXL,GREEN
JNE3634-KR-L,JNE3634,19.0,KURTA,L,TEAL
JNE3634-KR-M,JNE3634,21.0,KURTA,M,TEAL
JNE3634-KR-S,JNE3634,54.0,KURTA,S,TEAL
JNE3634-KR-XL,JNE3634,9.0,KURTA,XL,TEAL
JNE3634-KR-XS,JNE3634,29.0,KURTA,XS,TEAL
JNE3634-KR-XXL,JNE3634,103.0,KURTA,XXL,TEAL
JNE3634-KR-XXXL,JNE3634,3.0,KURTA,XXXL,TEAL
JNE3635-KR-L,JNE3635,105.0,KURTA,L,MAROON
JNE3635-KR-M,JNE3635,102.0,KURTA,M,MAROON
JNE3635-KR-S,JNE3635,101.0,KURTA,S,MAROON
JNE3635-KR-XL,JNE3635,88.0,KURTA,XL,MAROON
JNE3635-KR-XS,JNE3635,23.0,KURTA,XS,MAROON
JNE3635-KR-XXL,JNE3635,87.0,KURTA,XXL,MAROON
JNE3635-KR-XXXL,JNE3635,7.0,KURTA,XXXL,MAROON
JNE3636-KR-L,JNE3636,51.0,KURTA,L,MAROON
JNE3636-KR-M,JNE3636,62.0,KURTA,M,MAROON
JNE3636-KR-S,JNE3636,14.0,KURTA,S,MAROON
JNE3636-KR-XL,JNE3636,61.0,KURTA,XL,MAROON
JNE3636-KR-XS,JNE3636,7.0,KURTA,XS,MAROON
JNE3636-KR-XXL,JNE3636,74.0,KURTA,XXL,MAROON
JNE3636-KR-XXXL,JNE3636,8.0,KURTA,XXXL,MAROON
JNE3637-KR-L,JNE3637,2.0,KURTA,L,CHARCOAL
JNE3637-KR-M,JNE3637,11.0,KURTA,M,CHARCOAL
JNE3637-KR-S,JNE3637,53.0,KURTA,S,CHARCOAL
JNE3637-KR-XL,JNE3637,1.0,KURTA,XL,CHARCOAL
JNE3637-KR-XS,JNE3637,27.0,KURTA,XS,CHARCOAL
JNE3637-KR-XXL,JNE3637,2.0,KURTA,XXL,CHARCOAL
JNE3637-KR-XXXL,JNE3637,12.0,KURTA,XXXL,CHARCOAL
JNE3638-KR-L,JNE3638,58.0,KURTA,L,ORANGE
JNE3638-KR-M,JNE3638,72.0,KURTA,M,ORANGE
JNE3638-KR-S,JNE3638,28.0,KURTA,S,ORANGE
JNE3638-KR-XL,JNE3638,73.0,KURTA,XL,ORANGE
JNE3638-KR-XS,JNE3638,37.0,KURTA,XS,ORANGE
JNE3638-KR-XXL,JNE3638,21.0,KURTA,XXL,ORANGE
JNE3638-KR-XXXL,JNE3638,29.0,KURTA,XXXL,ORANGE
JNE3639-TP-L,JNE3639,30.0,TOP,L,MAROON
JNE3639-TP-M,JNE3639,8.0,TOP,M,MAROON
JNE3639-TP-S,JNE3639,10.0,TOP,S,MAROON
JNE3639-TP-XL,JNE3639,5.0,TOP,XL,MAROON
JNE3639-TP-XS,JNE3639,21.0,TOP,XS,MAROON
JNE3639-TP-XXL,JNE3639,15.0,TOP,XXL,MAROON
,JNE3639,1.0,TOP,XXXL,MAROON
JNE3640-TP-L,JNE3640,61.0,TOP,L,GREEN
JNE3640-TP-M,JNE3640,56.0,TOP,M,GREEN
JNE3640-TP-S,JNE3640,6.0,TOP,S,GREEN
JNE3640-TP-XL,JNE3640,6.0,TOP,XL,GREEN
JNE3640-TP-XS,JNE3640,18.0,TOP,XS,GREEN
JNE3640-TP-XXL,JNE3640,3.0,TOP,XXL,GREEN
JNE3641-TP-L,JNE3641,0.0,TOP,L,BLACK
JNE3641-TP-M,JNE3641,0.0,TOP,M,BLACK
JNE3641-TP-S,JNE3641,4.0,TOP,S,BLACK
JNE3641-TP-XL,JNE3641,0.0,TOP,XL,BLACK
JNE3641-TP-XS,JNE3641,3.0,TOP,XS,BLACK
JNE3641-TP-XXL,JNE3641,2.0,TOP,XXL,BLACK
JNE3642-TP-L,JNE3642,2.0,TOP,L,PEACH
JNE3642-TP-M,JNE3642,0.0,TOP,M,PEACH
JNE3642-TP-S,JNE3642,0.0,TOP,S,PEACH
JNE3642-TP-XL,JNE3642,3.0,TOP,XL,PEACH
JNE3642-TP-XS,JNE3642,3.0,TOP,XS,PEACH
JNE3642-TP-XXL,JNE3642,3.0,TOP,XXL,PEACH
JNE3643-TP-L,JNE3643,0.0,TOP,L,CREAM
JNE3643-TP-M,JNE3643,1.0,TOP,M,CREAM
JNE3643-TP-S,JNE3643,2.0,TOP,S,CREAM
JNE3643-TP-XL,JNE3643,2.0,TOP,XL,CREAM
JNE3643-TP-XS,JNE3643,4.0,TOP,XS,CREAM
JNE3643-TP-XXL,JNE3643,2.0,TOP,XXL,CREAM
JNE3644-TP-L,JNE3644,1.0,TOP,L,BLUE
JNE3644-TP-M,JNE3644,0.0,TOP,M,BLUE
JNE3644-TP-S,JNE3644,1.0,TOP,S,BLUE
JNE3644-TP-XL,JNE3644,3.0,TOP,XL,BLUE
JNE3644-TP-XS,JNE3644,1.0,TOP,XS,BLUE
JNE3644-TP-XXL,JNE3644,3.0,TOP,XXL,BLUE
JNE3645-TP-L,JNE3645,205.0,TOP,L,RED
JNE3645-TP-M,JNE3645,214.0,TOP,M,RED
JNE3645-TP-S,JNE3645,315.0,TOP,S,RED
JNE3645-TP-XL,JNE3645,81.0,TOP,XL,RED
JNE3645-TP-XS,JNE3645,288.0,TOP,XS,RED
JNE3645-TP-XXL,JNE3645,99.0,TOP,XXL,RED
,JNE3645,0.0,TOP,XXXL,RED
JNE3647-TP-L,JNE3647,1.0,TOP,L,PINK
JNE3647-TP-M,JNE3647,2.0,TOP,M,PINK
JNE3647-TP-S,JNE3647,2.0,TOP,S,PINK
JNE3647-TP-XL,JNE3647,1.0,TOP,XL,PINK
JNE3647-TP-XS,JNE3647,6.0,TOP,XS,PINK
JNE3647-TP-XXL,JNE3647,1.0,TOP,XXL,PINK
JNE3648-TP-L,JNE3648,6.0,TOP,L,CREAM
JNE3648-TP-M,JNE3648,3.0,TOP,M,CREAM
JNE3648-TP-S,JNE3648,7.0,TOP,S,CREAM
JNE3648-TP-XL,JNE3648,5.0,TOP,XL,CREAM
JNE3648-TP-XS,JNE3648,4.0,TOP,XS,CREAM
JNE3648-TP-XXL,JNE3648,7.0,TOP,XXL,CREAM
JNE3649-TP-L,JNE3649,1.0,TOP,L,BLACK
JNE3649-TP-M,JNE3649,0.0,TOP,M,BLACK
JNE3649-TP-S,JNE3649,2.0,TOP,S,BLACK
JNE3649-TP-XL,JNE3649,3.0,TOP,XL,BLACK
JNE3649-TP-XS,JNE3649,4.0,TOP,XS,BLACK
JNE3649-TP-XXL,JNE3649,2.0,TOP,XXL,BLACK
JNE3651-TP-L,JNE3651,19.0,TOP,L,MAROON
JNE3651-TP-M,JNE3651,7.0,TOP,M,MAROON
JNE3651-TP-S,JNE3651,11.0,TOP,S,MAROON
JNE3651-TP-XL,JNE3651,3.0,TOP,XL,MAROON
JNE3651-TP-XS,JNE3651,19.0,TOP,XS,MAROON
JNE3651-TP-XXL,JNE3651,6.0,TOP,XXL,MAROON
JNE3652-TP-L,JNE3652,9.0,TOP,L,OFF WHITE
JNE3652-TP-M,JNE3652,3.0,TOP,M,OFF WHITE
JNE3652-TP-S,JNE3652,2.0,TOP,S,OFF WHITE
JNE3652-TP-XL,JNE3652,5.0,TOP,XL,OFF WHITE
JNE3652-TP-XS,JNE3652,2.0,TOP,XS,OFF WHITE
JNE3652-TP-XXL,JNE3652,4.0,TOP,XXL,OFF WHITE
JNE3652-TP-XXXL,JNE3652,1.0,TOP,XXXL,OFF WHITE
JNE3653-TP-L,JNE3653,2.0,TOP,L,CREAM
JNE3653-TP-M,JNE3653,1.0,TOP,M,CREAM
JNE3653-TP-S,JNE3653,0.0,TOP,S,CREAM
JNE3653-TP-XL,JNE3653,4.0,TOP,XL,CREAM
JNE3653-TP-XS,JNE3653,3.0,TOP,XS,CREAM
JNE3653-TP-XXL,JNE3653,3.0,TOP,XXL,CREAM
JNE3654-TP-L,JNE3654,7.0,TOP,L,BLUE
JNE3654-TP-M,JNE3654,4.0,TOP,M,BLUE
JNE3654-TP-S,JNE3654,2.0,TOP,S,BLUE
JNE3654-TP-XL,JNE3654,11.0,TOP,XL,BLUE
JNE3654-TP-XS,JNE3654,3.0,TOP,XS,BLUE
JNE3654-TP-XXL,JNE3654,4.0,TOP,XXL,BLUE
JNE3655-TP-L,JNE3655,27.0,TOP,L,BLUE
JNE3655-TP-M,JNE3655,1.0,TOP,M,BLUE
JNE3655-TP-S,JNE3655,12.0,TOP,S,BLUE
JNE3655-TP-XL,JNE3655,33.0,TOP,XL,BLUE
JNE3655-TP-XS,JNE3655,8.0,TOP,XS,BLUE
JNE3655-TP-XXL,JNE3655,35.0,TOP,XXL,BLUE
JNE3656-TP-L,JNE3656,70.0,TOP,L,BLACK
JNE3656-TP-M,JNE3656,52.0,TOP,M,BLACK
JNE3656-TP-S,JNE3656,49.0,TOP,S,BLACK
JNE3656-TP-XL,JNE3656,67.0,TOP,XL,BLACK
JNE3656-TP-XS,JNE3656,26.0,TOP,XS,BLACK
JNE3656-TP-XXL,JNE3656,54.0,TOP,XXL,BLACK
JNE3657-TP-L,JNE3657,2.0,TOP,L,BLACK
JNE3657-TP-M,JNE3657,2.0,TOP,M,BLACK
JNE3657-TP-S,JNE3657,0.0,TOP,S,BLACK
JNE3657-TP-XL,JNE3657,2.0,TOP,XL,BLACK
JNE3657-TP-XS,JNE3657,3.0,TOP,XS,BLACK
JNE3657-TP-XXL,JNE3657,2.0,TOP,XXL,BLACK
,JNE3657,0.0,TOP,XXXL,BLACK
JNE3658-TP-L,JNE3658,6.0,TOP,L,WHITE
JNE3658-TP-M,JNE3658,3.0,TOP,M,WHITE
JNE3658-TP-S,JNE3658,5.0,TOP,S,WHITE
JNE3658-TP-XL,JNE3658,21.0,TOP,XL,WHITE
JNE3658-TP-XS,JNE3658,2.0,TOP,XS,WHITE
JNE3658-TP-XXL,JNE3658,4.0,TOP,XXL,WHITE
JNE3659-TP-L,JNE3659,29.0,TOP,L,TEAL
JNE3659-TP-M,JNE3659,123.0,TOP,M,TEAL
JNE3659-TP-S,JNE3659,77.0,TOP,S,TEAL
JNE3659-TP-XL,JNE3659,76.0,TOP,XL,TEAL
JNE3659-TP-XS,JNE3659,12.0,TOP,XS,TEAL
JNE3659-TP-XXL,JNE3659,47.0,TOP,XXL,TEAL
JNE3660-TP-L,JNE3660,16.0,TOP,L,SKY BLUE
JNE3660-TP-M,JNE3660,11.0,TOP,M,SKY BLUE
JNE3660-TP-S,JNE3660,17.0,TOP,S,SKY BLUE
JNE3660-TP-XL,JNE3660,19.0,TOP,XL,SKY BLUE
JNE3660-TP-XS,JNE3660,10.0,TOP,XS,SKY BLUE
JNE3660-TP-XXL,JNE3660,11.0,TOP,XXL,SKY BLUE
JNE3661-TP-L,JNE3661,2.0,TOP,L,PINK
JNE3661-TP-M,JNE3661,0.0,TOP,M,PINK
JNE3661-TP-S,JNE3661,0.0,TOP,S,PINK
JNE3661-TP-XL,JNE3661,5.0,TOP,XL,PINK
JNE3661-TP-XS,JNE3661,2.0,TOP,XS,PINK
JNE3661-TP-XXL,JNE3661,5.0,TOP,XXL,PINK
JNE3662-TP-L,JNE3662,1.0,TOP,L,PEACH
JNE3662-TP-M,JNE3662,2.0,TOP,M,PEACH
JNE3662-TP-S,JNE3662,4.0,TOP,S,PEACH
JNE3662-TP-XL,JNE3662,2.0,TOP,XL,PEACH
JNE3662-TP-XS,JNE3662,6.0,TOP,XS,PEACH
JNE3662-TP-XXL,JNE3662,4.0,TOP,XXL,PEACH
JNE3663-TP-L,JNE3663,2.0,TOP,L,GREY
JNE3663-TP-M,JNE3663,3.0,TOP,M,GREY
JNE3663-TP-S,JNE3663,1.0,TOP,S,GREY
JNE3663-TP-XL,JNE3663,1.0,TOP,XL,GREY
JNE3663-TP-XS,JNE3663,0.0,TOP,XS,GREY
JNE3663-TP-XXL,JNE3663,2.0,TOP,XXL,GREY
JNE3664-TP-L,JNE3664,2.0,TOP,L,GREEN
JNE3664-TP-M,JNE3664,2.0,TOP,M,GREEN
JNE3664-TP-S,JNE3664,8.0,TOP,S,GREEN
JNE3664-TP-XL,JNE3664,2.0,TOP,XL,GREEN
JNE3664-TP-XS,JNE3664,11.0,TOP,XS,GREEN
JNE3664-TP-XXL,JNE3664,0.0,TOP,XXL,GREEN
JNE3665-TP-L,JNE3665,43.0,TOP,L,GREY
JNE3665-TP-M,JNE3665,39.0,TOP,M,GREY
JNE3665-TP-S,JNE3665,1.0,TOP,S,GREY
JNE3665-TP-XL,JNE3665,5.0,TOP,XL,GREY
JNE3665-TP-XS,JNE3665,8.0,TOP,XS,GREY
JNE3665-TP-XXL,JNE3665,5.0,TOP,XXL,GREY
JNE3666-TP-L,JNE3666,2.0,TOP,L,BEIGE
JNE3666-TP-M,JNE3666,2.0,TOP,M,BEIGE
JNE3666-TP-S,JNE3666,3.0,TOP,S,BEIGE
JNE3666-TP-XL,JNE3666,5.0,TOP,XL,BEIGE
JNE3666-TP-XS,JNE3666,0.0,TOP,XS,BEIGE
JNE3666-TP-XXL,JNE3666,17.0,TOP,XXL,BEIGE
JNE3667-TP-L,JNE3667,3.0,TOP,L,MUSTARD
JNE3667-TP-M,JNE3667,4.0,TOP,M,MUSTARD
JNE3667-TP-S,JNE3667,6.0,TOP,S,MUSTARD
JNE3667-TP-XL,JNE3667,7.0,TOP,XL,MUSTARD
JNE3667-TP-XS,JNE3667,5.0,TOP,XS,MUSTARD
JNE3667-TP-XXL,JNE3667,4.0,TOP,XXL,MUSTARD
JNE3668-TP-L,JNE3668,2.0,TOP,L,MAROON
JNE3668-TP-M,JNE3668,7.0,TOP,M,MAROON
JNE3668-TP-S,JNE3668,6.0,TOP,S,MAROON
JNE3668-TP-XL,JNE3668,2.0,TOP,XL,MAROON
JNE3668-TP-XS,JNE3668,13.0,TOP,XS,MAROON
JNE3668-TP-XXL,JNE3668,2.0,TOP,XXL,MAROON
JNE3669-TU-L,JNE3669,1.0,TUNIC,L,BLUE
JNE3669-TU-M,JNE3669,2.0,TUNIC,M,BLUE
JNE3669-TU-S,JNE3669,3.0,TUNIC,S,BLUE
JNE3669-TU-XL,JNE3669,3.0,TUNIC,XL,BLUE
JNE3669-TU-XS,JNE3669,2.0,TUNIC,XS,BLUE
JNE3669-TU-XXL,JNE3669,3.0,TUNIC,XXL,BLUE
JNE3669-TU-XXXL,JNE3669,3.0,TUNIC,XXXL,BLUE
JNE3670-TU-L,JNE3670,3.0,TUNIC,L,WHITE
JNE3670-TU-M,JNE3670,2.0,TUNIC,M,WHITE
JNE3670-TU-S,JNE3670,3.0,TUNIC,S,WHITE
JNE3670-TU-XL,JNE3670,4.0,TUNIC,XL,WHITE
JNE3670-TU-XS,JNE3670,5.0,TUNIC,XS,WHITE
JNE3670-TU-XXL,JNE3670,2.0,TUNIC,XXL,WHITE
JNE3670-TU-XXXL,JNE3670,2.0,TUNIC,XXXL,WHITE
JNE3671-TU-L,JNE3671,3.0,TUNIC,L,PINK
JNE3671-TU-M,JNE3671,7.0,TUNIC,M,PINK
JNE3671-TU-S,JNE3671,8.0,TUNIC,S,PINK
JNE3671-TU-XL,JNE3671,14.0,TUNIC,XL,PINK
JNE3671-TU-XS,JNE3671,4.0,TUNIC,XS,PINK
JNE3671-TU-XXL,JNE3671,3.0,TUNIC,XXL,PINK
JNE3671-TU-XXXL,JNE3671,6.0,TUNIC,XXXL,PINK
JNE3672-TU-L,JNE3672,2.0,TOP,L,RED
JNE3672-TU-M,JNE3672,1.0,TOP,M,RED
JNE3672-TU-S,JNE3672,3.0,TOP,S,RED
JNE3672-TU-XL,JNE3672,0.0,TOP,XL,RED
JNE3672-TU-XS,JNE3672,10.0,TOP,XS,RED
JNE3672-TU-XXL,JNE3672,3.0,TOP,XXL,RED
JNE3672-TU-XXXL,JNE3672,3.0,TOP,XXXL,RED
JNE3673-TU-L,JNE3673,1.0,TOP,L,MUSTARD
JNE3673-TU-M,JNE3673,6.0,TOP,M,MUSTARD
JNE3673-TU-S,JNE3673,3.0,TOP,S,MUSTARD
JNE3673-TU-XL,JNE3673,3.0,TOP,XL,MUSTARD
JNE3673-TU-XS,JNE3673,11.0,TOP,XS,MUSTARD
JNE3673-TU-XXL,JNE3673,2.0,TOP,XXL,MUSTARD
JNE3673-TU-XXXL,JNE3673,2.0,TOP,XXXL,MUSTARD
JNE3674-TU-L,JNE3674,29.0,TOP,L,BLACK
JNE3674-TU-M,JNE3674,130.0,TOP,M,BLACK
JNE3674-TU-S,JNE3674,12.0,TOP,S,BLACK
JNE3674-TU-XL,JNE3674,63.0,TOP,XL,BLACK
JNE3674-TU-XS,JNE3674,9.0,TOP,XS,BLACK
JNE3674-TU-XXL,JNE3674,38.0,TOP,XXL,BLACK
JNE3674-TU-XXXL,JNE3674,32.0,TOP,XXXL,BLACK
JNE3675-TU-L,JNE3675,37.0,TUNIC,L,PINK
JNE3675-TU-M,JNE3675,16.0,TUNIC,M,PINK
JNE3675-TU-S,JNE3675,30.0,TUNIC,S,PINK
JNE3675-TU-XL,JNE3675,23.0,TUNIC,XL,PINK
JNE3675-TU-XS,JNE3675,20.0,TUNIC,XS,PINK
JNE3675-TU-XXL,JNE3675,17.0,TUNIC,XXL,PINK
JNE3675-TU-XXXL,JNE3675,35.0,TUNIC,XXXL,PINK
JNE3676-TU-L,JNE3676,79.0,TUNIC,L,RED
JNE3676-TU-M,JNE3676,4.0,TUNIC,M,RED
JNE3676-TU-S,JNE3676,42.0,TUNIC,S,RED
JNE3676-TU-XL,JNE3676,43.0,TUNIC,XL,RED
JNE3676-TU-XS,JNE3676,10.0,TUNIC,XS,RED
JNE3676-TU-XXL,JNE3676,4.0,TUNIC,XXL,RED
JNE3676-TU-XXXL,JNE3676,1.0,TUNIC,XXXL,RED
JNE3678-TU-L,JNE3678,3.0,TUNIC,L,BLUE
JNE3678-TU-M,JNE3678,2.0,TUNIC,M,BLUE
JNE3678-TU-S,JNE3678,7.0,TUNIC,S,BLUE
JNE3678-TU-XL,JNE3678,4.0,TUNIC,XL,BLUE
JNE3678-TU-XS,JNE3678,7.0,TUNIC,XS,BLUE
JNE3678-TU-XXL,JNE3678,3.0,TUNIC,XXL,BLUE
JNE3678-TU-XXXL,JNE3678,3.0,TUNIC,XXXL,BLUE
JNE3679-TU-L,JNE3679,3.0,TUNIC,L,BLUE
JNE3679-TU-M,JNE3679,1.0,TUNIC,M,BLUE
JNE3679-TU-S,JNE3679,2.0,TUNIC,S,BLUE
JNE3679-TU-XL,JNE3679,2.0,TUNIC,XL,BLUE
JNE3679-TU-XS,JNE3679,2.0,TUNIC,XS,BLUE
JNE3679-TU-XXL,JNE3679,2.0,TUNIC,XXL,BLUE
JNE3679-TU-XXXL,JNE3679,2.0,TUNIC,XXXL,BLUE
JNE3680-TU-L,JNE3680,157.0,TUNIC,L,GREY
JNE3680-TU-M,JNE3680,106.0,TUNIC,M,GREY
JNE3680-TU-S,JNE3680,73.0,TUNIC,S,GREY
JNE3680-TU-XL,JNE3680,145.0,TUNIC,XL,GREY
JNE3680-TU-XS,JNE3680,51.0,TUNIC,XS,GREY
JNE3680-TU-XXL,JNE3680,78.0,TUNIC,XXL,GREY
JNE3680-TU-XXXL,JNE3680,9.0,TUNIC,XXXL,GREY
JNE3683-TU-L,JNE3683,0.0,TUNIC,L,PINK
JNE3683-TU-M,JNE3683,2.0,TUNIC,M,PINK
JNE3683-TU-S,JNE3683,1.0,TUNIC,S,PINK
JNE3683-TU-XL,JNE3683,1.0,TUNIC,XL,PINK
JNE3683-TU-XS,JNE3683,7.0,TUNIC,XS,PINK
JNE3683-TU-XXL,JNE3683,2.0,TUNIC,XXL,PINK
JNE3683-TU-XXXL,JNE3683,3.0,TUNIC,XXXL,PINK
JNE3684-TU-L,JNE3684,2.0,TUNIC,L,RED
JNE3684-TU-M,JNE3684,3.0,TUNIC,M,RED
JNE3684-TU-S,JNE3684,5.0,TUNIC,S,RED
JNE3684-TU-XL,JNE3684,2.0,TUNIC,XL,RED
JNE3684-TU-XS,JNE3684,9.0,TUNIC,XS,RED
JNE3684-TU-XXL,JNE3684,0.0,TUNIC,XXL,RED
JNE3684-TU-XXXL,JNE3684,1.0,TUNIC,XXXL,RED
JNE3686-TU-L,JNE3686,3.0,TUNIC,L,WHITE
JNE3686-TU-M,JNE3686,2.0,TUNIC,M,WHITE
JNE3686-TU-S,JNE3686,3.0,TUNIC,S,WHITE
JNE3686-TU-XL,JNE3686,2.0,TUNIC,XL,WHITE
JNE3686-TU-XS,JNE3686,1.0,TUNIC,XS,WHITE
JNE3686-TU-XXL,JNE3686,5.0,TUNIC,XXL,WHITE
JNE3686-TU-XXXL,JNE3686,2.0,TUNIC,XXXL,WHITE
JNE3687-TU-L,JNE3687,37.0,TUNIC,L,BLACK
JNE3687-TU-M,JNE3687,41.0,TUNIC,M,BLACK
JNE3687-TU-S,JNE3687,35.0,TUNIC,S,BLACK
JNE3687-TU-XL,JNE3687,9.0,TUNIC,XL,BLACK
JNE3687-TU-XS,JNE3687,19.0,TUNIC,XS,BLACK
JNE3687-TU-XXL,JNE3687,11.0,TUNIC,XXL,BLACK
JNE3687-TU-XXXL,JNE3687,22.0,TUNIC,XXXL,BLACK
JNE3688-TU-L,JNE3688,38.0,TUNIC,L,GREEN
JNE3688-TU-M,JNE3688,49.0,TUNIC,M,GREEN
JNE3688-TU-S,JNE3688,57.0,TUNIC,S,GREEN
JNE3688-TU-XL,JNE3688,39.0,TUNIC,XL,GREEN
JNE3688-TU-XS,JNE3688,2.0,TUNIC,XS,GREEN
JNE3688-TU-XXL,JNE3688,22.0,TUNIC,XXL,GREEN
JNE3688-TU-XXXL,JNE3688,22.0,TUNIC,XXXL,GREEN
JNE3689-TU-L,JNE3689,0.0,TUNIC,L,NAVY BLUE
JNE3689-TU-M,JNE3689,3.0,TUNIC,M,NAVY BLUE
JNE3689-TU-S,JNE3689,3.0,TUNIC,S,NAVY BLUE
JNE3689-TU-XL,JNE3689,17.0,TUNIC,XL,NAVY BLUE
JNE3689-TU-XS,JNE3689,3.0,TUNIC,XS,NAVY BLUE
JNE3689-TU-XXL,JNE3689,12.0,TUNIC,XXL,NAVY BLUE
JNE3689-TU-XXXL,JNE3689,15.0,TUNIC,XXXL,NAVY BLUE
JNE3690-TU-L,JNE3690,38.0,TUNIC,L,MAROON
JNE3690-TU-M,JNE3690,51.0,TUNIC,M,MAROON
JNE3690-TU-S,JNE3690,144.0,TUNIC,S,MAROON
JNE3690-TU-XL,JNE3690,38.0,TUNIC,XL,MAROON
JNE3690-TU-XS,JNE3690,105.0,TUNIC,XS,MAROON
JNE3690-TU-XXL,JNE3690,11.0,TUNIC,XXL,MAROON
JNE3690-TU-XXXL,JNE3690,6.0,TUNIC,XXXL,MAROON
JNE3691-TU-L,JNE3691,9.0,TUNIC,L,MAROON
JNE3691-TU-M,JNE3691,7.0,TUNIC,M,MAROON
JNE3691-TU-S,JNE3691,6.0,TUNIC,S,MAROON
JNE3691-TU-XL,JNE3691,3.0,TUNIC,XL,MAROON
JNE3691-TU-XS,JNE3691,11.0,TUNIC,XS,MAROON
JNE3691-TU-XXL,JNE3691,6.0,TUNIC,XXL,MAROON
JNE3691-TU-XXXL,JNE3691,12.0,TUNIC,XXXL,MAROON
JNE3693-KR-L,JNE3693,1.0,KURTA,L,GREY
JNE3693-KR-M,JNE3693,2.0,KURTA,M,GREY
JNE3693-KR-S,JNE3693,2.0,KURTA,S,GREY
JNE3693-KR-XL,JNE3693,1.0,KURTA,XL,GREY
JNE3693-KR-XXL,JNE3693,2.0,KURTA,XXL,GREY
JNE3694-KR-L,JNE3694,1.0,KURTA,L,CREAM
JNE3694-KR-M,JNE3694,7.0,KURTA,M,CREAM
JNE3694-KR-S,JNE3694,6.0,KURTA,S,CREAM
JNE3694-KR-XL,JNE3694,4.0,KURTA,XL,CREAM
JNE3694-KR-XXL,JNE3694,6.0,KURTA,XXL,CREAM
JNE3695-KR-L,JNE3695,2.0,KURTA,L,YELLOW
JNE3695-KR-M,JNE3695,5.0,KURTA,M,YELLOW
JNE3695-KR-S,JNE3695,6.0,KURTA,S,YELLOW
JNE3695-KR-XL,JNE3695,3.0,KURTA,XL,YELLOW
JNE3695-KR-XXL,JNE3695,2.0,KURTA,XXL,YELLOW
JNE3697-KR-L,JNE3697,40.0,KURTA,L,MAUVE
JNE3697-KR-M,JNE3697,81.0,KURTA,M,MAUVE
JNE3697-KR-S,JNE3697,18.0,KURTA,S,MAUVE
JNE3697-KR-XL,JNE3697,69.0,KURTA,XL,MAUVE
JNE3697-KR-XS,JNE3697,0.0,KURTA,XS,MAUVE
JNE3697-KR-XXL,JNE3697,81.0,KURTA,XXL,MAUVE
JNE3698-KR-L,JNE3698,2.0,KURTA,L,WHITE
JNE3698-KR-M,JNE3698,3.0,KURTA,M,WHITE
JNE3698-KR-S,JNE3698,38.0,KURTA,S,WHITE
JNE3698-KR-XL,JNE3698,6.0,KURTA,XL,WHITE
JNE3698-KR-XXL,JNE3698,16.0,KURTA,XXL,WHITE
JNE3700-KR-L,JNE3700,12.0,KURTA,L,GREEN
JNE3700-KR-M,JNE3700,26.0,KURTA,M,GREEN
JNE3700-KR-S,JNE3700,20.0,KURTA,S,GREEN
JNE3700-KR-XL,JNE3700,22.0,KURTA,XL,GREEN
JNE3700-KR-XS,JNE3700,0.0,KURTA,XS,GREEN
JNE3700-KR-XXL,JNE3700,32.0,KURTA,XXL,GREEN
JNE3700-KR-XXXL,JNE3700,0.0,KURTA,XXXL,GREEN
JNE3701-KR-L,JNE3701,111.0,KURTA,L,ORANGE
JNE3701-KR-M,JNE3701,129.0,KURTA,M,ORANGE
JNE3701-KR-S,JNE3701,123.0,KURTA,S,ORANGE
JNE3701-KR-XL,JNE3701,80.0,KURTA,XL,ORANGE
JNE3701-KR-XS,JNE3701,43.0,KURTA,XS,ORANGE
JNE3701-KR-XXL,JNE3701,88.0,KURTA,XXL,ORANGE
JNE3701-KR-XXXL,JNE3701,9.0,KURTA,XXXL,ORANGE
JNE3702-KR-L,JNE3702,29.0,KURTA,L,LIGHT GREEN
JNE3702-KR-M,JNE3702,36.0,KURTA,M,LIGHT GREEN
JNE3702-KR-S,JNE3702,57.0,KURTA,S,LIGHT GREEN
JNE3702-KR-XL,JNE3702,29.0,KURTA,XL,LIGHT GREEN
JNE3702-KR-XS,JNE3702,66.0,KURTA,XS,LIGHT GREEN
JNE3702-KR-XXL,JNE3702,51.0,KURTA,XXL,LIGHT GREEN
JNE3702-KR-XXXL,JNE3702,9.0,KURTA,XXXL,LIGHT GREEN
JNE3703-KR-L,JNE3703,3.0,KURTA,L,GREEN
JNE3703-KR-M,JNE3703,5.0,KURTA,M,GREEN
JNE3703-KR-S,JNE3703,14.0,KURTA,S,GREEN
JNE3703-KR-XL,JNE3703,6.0,KURTA,XL,GREEN
JNE3703-KR-XS,JNE3703,4.0,KURTA,XS,GREEN
JNE3703-KR-XXL,JNE3703,5.0,KURTA,XXL,GREEN
JNE3703-KR-XXXL,JNE3703,3.0,KURTA,XXXL,GREEN
JNE3704-KR-L,JNE3704,19.0,KURTA,L,BROWN
JNE3704-KR-M,JNE3704,19.0,KURTA,M,BROWN
JNE3704-KR-S,JNE3704,4.0,KURTA,S,BROWN
JNE3704-KR-XL,JNE3704,17.0,KURTA,XL,BROWN
JNE3704-KR-XS,JNE3704,19.0,KURTA,XS,BROWN
JNE3704-KR-XXL,JNE3704,10.0,KURTA,XXL,BROWN
JNE3704-KR-XXXL,JNE3704,2.0,KURTA,XXXL,BROWN
JNE3706-DR-L,JNE3706,3.0,DRESS,L,CREAM
JNE3706-DR-M,JNE3706,3.0,DRESS,M,CREAM
JNE3706-DR-S,JNE3706,24.0,DRESS,S,CREAM
JNE3706-DR-XL,JNE3706,5.0,DRESS,XL,CREAM
JNE3706-DR-XS,JNE3706,38.0,DRESS,XS,CREAM
JNE3706-DR-XXL,JNE3706,3.0,DRESS,XXL,CREAM
JNE3706-DR-XXXL,JNE3706,2.0,DRESS,XXXL,CREAM
JNE3707-DR-L,JNE3707,9.0,DRESS,L,CREAM
JNE3707-DR-M,JNE3707,5.0,DRESS,M,CREAM
JNE3707-DR-S,JNE3707,27.0,DRESS,S,CREAM
JNE3707-DR-XL,JNE3707,19.0,DRESS,XL,CREAM
JNE3707-DR-XS,JNE3707,40.0,DRESS,XS,CREAM
JNE3707-DR-XXL,JNE3707,19.0,DRESS,XXL,CREAM
JNE3707-DR-XXXL,JNE3707,5.0,DRESS,XXXL,CREAM
JNE3708-TU-L,JNE3708,72.0,TUNIC,L,WHITE
JNE3708-TU-M,JNE3708,96.0,TUNIC,M,WHITE
JNE3708-TU-S,JNE3708,27.0,TUNIC,S,WHITE
JNE3708-TU-XL,JNE3708,45.0,TUNIC,XL,WHITE
JNE3708-TU-XS,JNE3708,24.0,TUNIC,XS,WHITE
JNE3708-TU-XXL,JNE3708,11.0,TUNIC,XXL,WHITE
JNE3708-TU-XXXL,JNE3708,27.0,TUNIC,XXXL,WHITE
JNE3709-DR-L,JNE3709,2.0,DRESS,L,MUSTARD
JNE3709-DR-M,JNE3709,1.0,DRESS,M,MUSTARD
JNE3709-DR-S,JNE3709,3.0,DRESS,S,MUSTARD
JNE3709-DR-XL,JNE3709,3.0,DRESS,XL,MUSTARD
JNE3709-DR-XS,JNE3709,2.0,DRESS,XS,MUSTARD
JNE3709-DR-XXL,JNE3709,2.0,DRESS,XXL,MUSTARD
JNE3709-DR-XXXL,JNE3709,3.0,DRESS,XXXL,MUSTARD
JNE3710-DR-L,JNE3710,2.0,DRESS,L,BLUE
JNE3710-DR-M,JNE3710,4.0,DRESS,M,BLUE
JNE3710-DR-S,JNE3710,5.0,DRESS,S,BLUE
JNE3710-DR-XL,JNE3710,2.0,DRESS,XL,BLUE
JNE3710-DR-XS,JNE3710,4.0,DRESS,XS,BLUE
JNE3710-DR-XXL,JNE3710,5.0,DRESS,XXL,BLUE
JNE3710-DR-XXXL,JNE3710,2.0,DRESS,XXXL,BLUE
JNE3712-TP-L,JNE3712,6.0,TOP,L,WHITE
JNE3712-TP-M,JNE3712,7.0,TOP,M,WHITE
JNE3712-TP-S,JNE3712,6.0,TOP,S,WHITE
JNE3712-TP-XL,JNE3712,11.0,TOP,XL,WHITE
JNE3712-TP-XS,JNE3712,24.0,TOP,XS,WHITE
JNE3712-TP-XXL,JNE3712,24.0,TOP,XXL,WHITE
JNE3713-TP-L,JNE3713,2.0,TOP,L,GREY
JNE3713-TP-M,JNE3713,0.0,TOP,M,GREY
JNE3713-TP-S,JNE3713,1.0,TOP,S,GREY
JNE3713-TP-XL,JNE3713,3.0,TOP,XL,GREY
JNE3713-TP-XS,JNE3713,3.0,TOP,XS,GREY
JNE3713-TP-XXL,JNE3713,23.0,TOP,XXL,GREY
JNE3714-KR-L,JNE3714,14.0,KURTA,L,TEAL GREEN
JNE3714-KR-M,JNE3714,53.0,KURTA,M,TEAL GREEN
JNE3714-KR-S,JNE3714,10.0,KURTA,S,TEAL GREEN
JNE3714-KR-XL,JNE3714,14.0,KURTA,XL,TEAL GREEN
JNE3714-KR-XS,JNE3714,26.0,KURTA,XS,TEAL GREEN
JNE3714-KR-XXL,JNE3714,6.0,KURTA,XXL,TEAL GREEN
JNE3714-KR-XXXL,JNE3714,9.0,KURTA,XXXL,TEAL GREEN
JNE3715-KR-L,JNE3715,16.0,KURTA,L,YELLOW
JNE3715-KR-M,JNE3715,63.0,KURTA,M,YELLOW
JNE3715-KR-S,JNE3715,99.0,KURTA,S,YELLOW
JNE3715-KR-XL,JNE3715,24.0,KURTA,XL,YELLOW
JNE3715-KR-XS,JNE3715,16.0,KURTA,XS,YELLOW
JNE3715-KR-XXL,JNE3715,25.0,KURTA,XXL,YELLOW
JNE3715-KR-XXXL,JNE3715,2.0,KURTA,XXXL,YELLOW
JNE3716-KR-L,JNE3716,104.0,KURTA,L,TEAL
JNE3716-KR-M,JNE3716,109.0,KURTA,M,TEAL
JNE3716-KR-S,JNE3716,99.0,KURTA,S,TEAL
JNE3716-KR-XL,JNE3716,144.0,KURTA,XL,TEAL
JNE3716-KR-XS,JNE3716,17.0,KURTA,XS,TEAL
JNE3716-KR-XXL,JNE3716,138.0,KURTA,XXL,TEAL
JNE3716-KR-XXXL,JNE3716,129.0,KURTA,XXXL,TEAL
JNE3717-KR-L,JNE3717,41.0,KURTA,L,LIGHT GREEN
JNE3717-KR-M,JNE3717,74.0,KURTA,M,LIGHT GREEN
JNE3717-KR-S,JNE3717,69.0,KURTA,S,LIGHT GREEN
JNE3717-KR-XL,JNE3717,7.0,KURTA,XL,LIGHT GREEN
JNE3717-KR-XS,JNE3717,10.0,KURTA,XS,LIGHT GREEN
JNE3717-KR-XXL,JNE3717,25.0,KURTA,XXL,LIGHT GREEN
JNE3717-KR-XXXL,JNE3717,4.0,KURTA,XXXL,LIGHT GREEN
JNE3718-KR-L,JNE3718,104.0,KURTA,L,NAVY BLUE
JNE3718-KR-M,JNE3718,216.0,KURTA,M,NAVY BLUE
JNE3718-KR-S,JNE3718,205.0,KURTA,S,NAVY BLUE
JNE3718-KR-XL,JNE3718,197.0,KURTA,XL,NAVY BLUE
JNE3718-KR-XS,JNE3718,101.0,KURTA,XS,NAVY BLUE
JNE3718-KR-XXL,JNE3718,132.0,KURTA,XXL,NAVY BLUE
JNE3718-KR-XXXL,JNE3718,154.0,KURTA,XXXL,NAVY BLUE
JNE3719-KR-L,JNE3719,56.0,KURTA,L,TEAL GREEN
JNE3719-KR-M,JNE3719,5.0,KURTA,M,TEAL GREEN
JNE3719-KR-S,JNE3719,24.0,KURTA,S,TEAL GREEN
JNE3719-KR-XL,JNE3719,89.0,KURTA,XL,TEAL GREEN
JNE3719-KR-XS,JNE3719,4.0,KURTA,XS,TEAL GREEN
JNE3719-KR-XXL,JNE3719,38.0,KURTA,XXL,TEAL GREEN
JNE3719-KR-XXXL,JNE3719,2.0,KURTA,XXXL,TEAL GREEN
JNE3720-KR-L,JNE3720,312.0,KURTA,L,NAVY BLUE
JNE3720-KR-M,JNE3720,326.0,KURTA,M,NAVY BLUE
JNE3720-KR-S,JNE3720,197.0,KURTA,S,NAVY BLUE
JNE3720-KR-XL,JNE3720,255.0,KURTA,XL,NAVY BLUE
JNE3720-KR-XS,JNE3720,182.0,KURTA,XS,NAVY BLUE
JNE3720-KR-XXL,JNE3720,133.0,KURTA,XXL,NAVY BLUE
JNE3720-KR-XXXL,JNE3720,78.0,KURTA,XXXL,NAVY BLUE
JNE3721-KR-L,JNE3721,4.0,KURTA,L,MAGENTA
JNE3721-KR-M,JNE3721,6.0,KURTA,M,MAGENTA
JNE3721-KR-S,JNE3721,4.0,KURTA,S,MAGENTA
JNE3721-KR-XL,JNE3721,2.0,KURTA,XL,MAGENTA
JNE3721-KR-XS,JNE3721,3.0,KURTA,XS,MAGENTA
JNE3721-KR-XXL,JNE3721,7.0,KURTA,XXL,MAGENTA
JNE3721-KR-XXXL,JNE3721,3.0,KURTA,XXXL,MAGENTA
JNE3722-KR-L,JNE3722,4.0,KURTA,L,NAVY BLUE
JNE3722-KR-M,JNE3722,5.0,KURTA,M,NAVY BLUE
JNE3722-KR-S,JNE3722,4.0,KURTA,S,NAVY BLUE
JNE3722-KR-XL,JNE3722,2.0,KURTA,XL,NAVY BLUE
JNE3722-KR-XS,JNE3722,0.0,KURTA,XS,NAVY BLUE
JNE3722-KR-XXL,JNE3722,6.0,KURTA,XXL,NAVY BLUE
JNE3722-KR-XXXL,JNE3722,2.0,KURTA,XXXL,NAVY BLUE
JNE3724-KR-L,JNE3724,8.0,KURTA,L,PINK
JNE3724-KR-M,JNE3724,4.0,KURTA,M,PINK
JNE3724-KR-S,JNE3724,0.0,KURTA,S,PINK
JNE3724-KR-XL,JNE3724,10.0,KURTA,XL,PINK
JNE3724-KR-XS,JNE3724,2.0,KURTA,XS,PINK
JNE3724-KR-XXL,JNE3724,3.0,KURTA,XXL,PINK
JNE3724-KR-XXXL,JNE3724,1.0,KURTA,XXXL,PINK
JNE3725-KR-L,JNE3725,3.0,KURTA,L,BROWN
JNE3725-KR-M,JNE3725,5.0,KURTA,M,BROWN
JNE3725-KR-S,JNE3725,2.0,KURTA,S,BROWN
JNE3725-KR-XL,JNE3725,3.0,KURTA,XL,BROWN
JNE3725-KR-XXL,JNE3725,9.0,KURTA,XXL,BROWN
JNE3725-KR-XXXL,JNE3725,20.0,KURTA,XXXL,BROWN
JNE3726-KR-L,JNE3726,4.0,KURTA,L,TURQUOISE
JNE3726-KR-M,JNE3726,5.0,KURTA,M,TURQUOISE
JNE3726-KR-S,JNE3726,21.0,KURTA,S,TURQUOISE
JNE3726-KR-XL,JNE3726,5.0,KURTA,XL,TURQUOISE
JNE3726-KR-XS,JNE3726,9.0,KURTA,XS,TURQUOISE
JNE3726-KR-XXL,JNE3726,6.0,KURTA,XXL,TURQUOISE
JNE3726-KR-XXXL,JNE3726,2.0,KURTA,XXXL,TURQUOISE
JNE3727-KR-L,JNE3727,12.0,KURTA,L,BLUE
JNE3727-KR-M,JNE3727,22.0,KURTA,M,BLUE
JNE3727-KR-S,JNE3727,31.0,KURTA,S,BLUE
JNE3727-KR-XL,JNE3727,29.0,KURTA,XL,BLUE
JNE3727-KR-XS,JNE3727,57.0,KURTA,XS,BLUE
JNE3727-KR-XXL,JNE3727,32.0,KURTA,XXL,BLUE
JNE3727-KR-XXXL,JNE3727,36.0,KURTA,XXXL,BLUE
JNE3728-KR-L,JNE3728,2.0,KURTA,L,LIGHT GREEN
JNE3728-KR-M,JNE3728,5.0,KURTA,M,LIGHT GREEN
JNE3728-KR-S,JNE3728,16.0,KURTA,S,LIGHT GREEN
JNE3728-KR-XL,JNE3728,3.0,KURTA,XL,LIGHT GREEN
JNE3728-KR-XXL,JNE3728,3.0,KURTA,XXL,LIGHT GREEN
JNE3729-KR-L,JNE3729,3.0,KURTA,L,YELLOW
JNE3729-KR-M,JNE3729,5.0,KURTA,M,YELLOW
JNE3729-KR-S,JNE3729,3.0,KURTA,S,YELLOW
JNE3729-KR-XL,JNE3729,3.0,KURTA,XL,YELLOW
JNE3729-KR-XS,JNE3729,8.0,KURTA,XS,YELLOW
JNE3729-KR-XXL,JNE3729,8.0,KURTA,XXL,YELLOW
JNE3729-KR-XXXL,JNE3729,3.0,KURTA,XXXL,YELLOW
JNE3730-KR-L,JNE3730,11.0,KURTA,L,OLIVE
JNE3730-KR-M,JNE3730,15.0,KURTA,M,OLIVE
JNE3730-KR-S,JNE3730,73.0,KURTA,S,OLIVE
JNE3730-KR-XL,JNE3730,9.0,KURTA,XL,OLIVE
JNE3730-KR-XS,JNE3730,11.0,KURTA,XS,OLIVE
JNE3730-KR-XXL,JNE3730,10.0,KURTA,XXL,OLIVE
JNE3730-KR-XXXL,JNE3730,2.0,KURTA,XXXL,OLIVE
JNE3732-KR-L,JNE3732,13.0,KURTA,L,BLACK
JNE3732-KR-M,JNE3732,15.0,KURTA,M,BLACK
JNE3732-KR-S,JNE3732,35.0,KURTA,S,BLACK
JNE3732-KR-XL,JNE3732,14.0,KURTA,XL,BLACK
JNE3732-KR-XS,JNE3732,65.0,KURTA,XS,BLACK
JNE3732-KR-XXL,JNE3732,26.0,KURTA,XXL,BLACK
JNE3732-KR-XXXL,JNE3732,42.0,KURTA,XXXL,BLACK
JNE3733-KR-L,JNE3733,3.0,KURTA,L,TURQUOISE BLUE
JNE3733-KR-M,JNE3733,3.0,KURTA,M,TURQUOISE BLUE
JNE3733-KR-S,JNE3733,3.0,KURTA,S,TURQUOISE BLUE
JNE3733-KR-XL,JNE3733,3.0,KURTA,XL,TURQUOISE BLUE
JNE3733-KR-XS,JNE3733,28.0,KURTA,XS,TURQUOISE BLUE
JNE3733-KR-XXL,JNE3733,6.0,KURTA,XXL,TURQUOISE BLUE
JNE3733-KR-XXXL,JNE3733,2.0,KURTA,XXXL,TURQUOISE BLUE
JNE3734-KR-L,JNE3734,11.0,KURTA,L,SKY BLUE
JNE3734-KR-M,JNE3734,17.0,KURTA,M,SKY BLUE
JNE3734-KR-S,JNE3734,52.0,KURTA,S,SKY BLUE
JNE3734-KR-XL,JNE3734,7.0,KURTA,XL,SKY BLUE
JNE3734-KR-XS,JNE3734,62.0,KURTA,XS,SKY BLUE
JNE3734-KR-XXL,JNE3734,11.0,KURTA,XXL,SKY BLUE
JNE3734-KR-XXXL,JNE3734,18.0,KURTA,XXXL,SKY BLUE
JNE3735-KR-L,JNE3735,6.0,KURTA,L,BEIGE
JNE3735-KR-M,JNE3735,11.0,KURTA,M,BEIGE
JNE3735-KR-S,JNE3735,29.0,KURTA,S,BEIGE
JNE3735-KR-XL,JNE3735,3.0,KURTA,XL,BEIGE
JNE3735-KR-XS,JNE3735,65.0,KURTA,XS,BEIGE
JNE3735-KR-XXL,JNE3735,3.0,KURTA,XXL,BEIGE
JNE3735-KR-XXXL,JNE3735,8.0,KURTA,XXXL,BEIGE
JNE3736-KR-L,JNE3736,11.0,KURTA,L,PINK
JNE3736-KR-M,JNE3736,11.0,KURTA,M,PINK
JNE3736-KR-S,JNE3736,32.0,KURTA,S,PINK
JNE3736-KR-XL,JNE3736,21.0,KURTA,XL,PINK
JNE3736-KR-XS,JNE3736,10.0,KURTA,XS,PINK
JNE3736-KR-XXL,JNE3736,4.0,KURTA,XXL,PINK
JNE3736-KR-XXXL,JNE3736,6.0,KURTA,XXXL,PINK
JNE3738-KR-L,JNE3738,35.0,KURTA,L,GREEN
JNE3738-KR-M,JNE3738,59.0,KURTA,M,GREEN
JNE3738-KR-S,JNE3738,101.0,KURTA,S,GREEN
JNE3738-KR-XL,JNE3738,40.0,KURTA,XL,GREEN
JNE3738-KR-XS,JNE3738,10.0,KURTA,XS,GREEN
JNE3738-KR-XXL,JNE3738,5.0,KURTA,XXL,GREEN
JNE3738-KR-XXXL,JNE3738,4.0,KURTA,XXXL,GREEN
JNE3739-KR-L,JNE3739,15.0,KURTA,L,MAROON
JNE3739-KR-M,JNE3739,95.0,KURTA,M,MAROON
JNE3739-KR-S,JNE3739,71.0,KURTA,S,MAROON
JNE3739-KR-XL,JNE3739,21.0,KURTA,XL,MAROON
JNE3739-KR-XS,JNE3739,60.0,KURTA,XS,MAROON
JNE3739-KR-XXL,JNE3739,9.0,KURTA,XXL,MAROON
JNE3739-KR-XXXL,JNE3739,14.0,KURTA,XXXL,MAROON
JNE3740-KR-L,JNE3740,8.0,KURTA,L,RED
JNE3740-KR-M,JNE3740,41.0,KURTA,M,RED
JNE3740-KR-S,JNE3740,72.0,KURTA,S,RED
JNE3740-KR-XL,JNE3740,17.0,KURTA,XL,RED
JNE3740-KR-XS,JNE3740,26.0,KURTA,XS,RED
JNE3740-KR-XXL,JNE3740,15.0,KURTA,XXL,RED
JNE3740-KR-XXXL,JNE3740,3.0,KURTA,XXXL,RED
JNE3741-KR-L,JNE3741,1.0,KURTA,L,TEAL GREEN
JNE3741-KR-M,JNE3741,69.0,KURTA,M,TEAL GREEN
JNE3741-KR-S,JNE3741,143.0,KURTA,S,TEAL GREEN
JNE3741-KR-XL,JNE3741,37.0,KURTA,XL,TEAL GREEN
JNE3741-KR-XS,JNE3741,26.0,KURTA,XS,TEAL GREEN
JNE3741-KR-XXL,JNE3741,62.0,KURTA,XXL,TEAL GREEN
JNE3741-KR-XXXL,JNE3741,8.0,KURTA,XXXL,TEAL GREEN
JNE3742-KR-L,JNE3742,34.0,KURTA,L,GREEN
JNE3742-KR-M,JNE3742,51.0,KURTA,M,GREEN
JNE3742-KR-S,JNE3742,78.0,KURTA,S,GREEN
JNE3742-KR-XL,JNE3742,68.0,KURTA,XL,GREEN
JNE3742-KR-XS,JNE3742,31.0,KURTA,XS,GREEN
JNE3742-KR-XXL,JNE3742,74.0,KURTA,XXL,GREEN
JNE3742-KR-XXXL,JNE3742,6.0,KURTA,XXXL,GREEN
JNE3743-TP-L,JNE3743,9.0,TOP,L,LIGHT GREEN
JNE3743-TP-M,JNE3743,21.0,TOP,M,LIGHT GREEN
JNE3743-TP-S,JNE3743,7.0,TOP,S,LIGHT GREEN
JNE3743-TP-XL,JNE3743,48.0,TOP,XL,LIGHT GREEN
JNE3743-TP-XS,JNE3743,11.0,TOP,XS,LIGHT GREEN
JNE3743-TP-XXL,JNE3743,21.0,TOP,XXL,LIGHT GREEN
JNE3744-TU-L,JNE3744,61.0,TUNIC,L,NAVY BLUE
JNE3744-TU-M,JNE3744,70.0,TUNIC,M,NAVY BLUE
JNE3744-TU-S,JNE3744,39.0,TUNIC,S,NAVY BLUE
JNE3744-TU-XL,JNE3744,96.0,TUNIC,XL,NAVY BLUE
JNE3744-TU-XS,JNE3744,19.0,TUNIC,XS,NAVY BLUE
JNE3744-TU-XXL,JNE3744,11.0,TUNIC,XXL,NAVY BLUE
JNE3744-TU-XXXL,JNE3744,27.0,TUNIC,XXXL,NAVY BLUE
JNE3745-KR-L,JNE3745,55.0,KURTA,L,TEAL GREEN
JNE3745-KR-M,JNE3745,61.0,KURTA,M,TEAL GREEN
JNE3745-KR-S,JNE3745,89.0,KURTA,S,TEAL GREEN
JNE3745-KR-XL,JNE3745,99.0,KURTA,XL,TEAL GREEN
JNE3745-KR-XS,JNE3745,4.0,KURTA,XS,TEAL GREEN
JNE3745-KR-XXL,JNE3745,99.0,KURTA,XXL,TEAL GREEN
JNE3745-KR-XXXL,JNE3745,3.0,KURTA,XXXL,TEAL GREEN
JNE3748-KR-L,JNE3748,4.0,KURTA,L,BLUE
JNE3748-KR-M,JNE3748,17.0,KURTA,M,BLUE
JNE3748-KR-S,JNE3748,51.0,KURTA,S,BLUE
JNE3748-KR-XL,JNE3748,7.0,KURTA,XL,BLUE
JNE3748-KR-XS,JNE3748,79.0,KURTA,XS,BLUE
JNE3748-KR-XXL,JNE3748,33.0,KURTA,XXL,BLUE
JNE3748-KR-XXXL,JNE3748,15.0,KURTA,XXXL,BLUE
JNE3749-KR-L,JNE3749,6.0,KURTA,L,BLUE
JNE3749-KR-M,JNE3749,2.0,KURTA,M,BLUE
JNE3749-KR-S,JNE3749,8.0,KURTA,S,BLUE
JNE3749-KR-XL,JNE3749,6.0,KURTA,XL,BLUE
JNE3749-KR-XS,JNE3749,24.0,KURTA,XS,BLUE
JNE3749-KR-XXL,JNE3749,5.0,KURTA,XXL,BLUE
JNE3749-KR-XXXL,JNE3749,12.0,KURTA,XXXL,BLUE
JNE3750-KR-L,JNE3750,30.0,KURTA,L,NAVY BLUE
JNE3750-KR-M,JNE3750,19.0,KURTA,M,NAVY BLUE
JNE3750-KR-S,JNE3750,29.0,KURTA,S,NAVY BLUE
JNE3750-KR-XL,JNE3750,9.0,KURTA,XL,NAVY BLUE
JNE3750-KR-XS,JNE3750,19.0,KURTA,XS,NAVY BLUE
JNE3750-KR-XXL,JNE3750,2.0,KURTA,XXL,NAVY BLUE
JNE3750-KR-XXXL,JNE3750,25.0,KURTA,XXXL,NAVY BLUE
JNE3751-KR-L,JNE3751,2.0,KURTA,L,WHITE
JNE3751-KR-M,JNE3751,3.0,KURTA,M,WHITE
JNE3751-KR-S,JNE3751,23.0,KURTA,S,WHITE
JNE3751-KR-XL,JNE3751,4.0,KURTA,XL,WHITE
JNE3751-KR-XS,JNE3751,59.0,KURTA,XS,WHITE
JNE3751-KR-XXL,JNE3751,6.0,KURTA,XXL,WHITE
JNE3751-KR-XXXL,JNE3751,11.0,KURTA,XXXL,WHITE
JNE3752-KR-L,JNE3752,5.0,KURTA,L,BLUE
JNE3752-KR-M,JNE3752,4.0,KURTA,M,BLUE
JNE3752-KR-S,JNE3752,7.0,KURTA,S,BLUE
JNE3752-KR-XL,JNE3752,1.0,KURTA,XL,BLUE
JNE3752-KR-XS,JNE3752,10.0,KURTA,XS,BLUE
JNE3752-KR-XXL,JNE3752,1.0,KURTA,XXL,BLUE
JNE3752-KR-XXXL,JNE3752,3.0,KURTA,XXXL,BLUE
JNE3753-KR-L,JNE3753,5.0,KURTA,L,BROWN
JNE3753-KR-M,JNE3753,5.0,KURTA,M,BROWN
JNE3753-KR-S,JNE3753,17.0,KURTA,S,BROWN
JNE3753-KR-XL,JNE3753,4.0,KURTA,XL,BROWN
JNE3753-KR-XS,JNE3753,43.0,KURTA,XS,BROWN
JNE3753-KR-XXL,JNE3753,6.0,KURTA,XXL,BROWN
JNE3753-KR-XXXL,JNE3753,5.0,KURTA,XXXL,BROWN
JNE3756-KR-L,JNE3756,70.0,KURTA,L,OLIVE GREEN
JNE3756-KR-M,JNE3756,78.0,KURTA,M,OLIVE GREEN
JNE3756-KR-S,JNE3756,48.0,KURTA,S,OLIVE GREEN
JNE3756-KR-XL,JNE3756,68.0,KURTA,XL,OLIVE GREEN
JNE3756-KR-XS,JNE3756,26.0,KURTA,XS,OLIVE GREEN
JNE3756-KR-XXL,JNE3756,43.0,KURTA,XXL,OLIVE GREEN
JNE3756-KR-XXXL,JNE3756,8.0,KURTA,XXXL,OLIVE GREEN
JNE3757-KR-L,JNE3757,29.0,KURTA,L,LIGHT GREEN
JNE3757-KR-M,JNE3757,34.0,KURTA,M,LIGHT GREEN
JNE3757-KR-S,JNE3757,57.0,KURTA,S,LIGHT GREEN
JNE3757-KR-XL,JNE3757,18.0,KURTA,XL,LIGHT GREEN
JNE3757-KR-XS,JNE3757,5.0,KURTA,XS,LIGHT GREEN
JNE3757-KR-XXL,JNE3757,18.0,KURTA,XXL,LIGHT GREEN
JNE3757-KR-XXXL,JNE3757,37.0,KURTA,XXXL,LIGHT GREEN
JNE3758-KR-L,JNE3758,36.0,KURTA,L,MAROON
JNE3758-KR-M,JNE3758,49.0,KURTA,M,MAROON
JNE3758-KR-S,JNE3758,44.0,KURTA,S,MAROON
JNE3758-KR-XL,JNE3758,82.0,KURTA,XL,MAROON
JNE3758-KR-XS,JNE3758,3.0,KURTA,XS,MAROON
JNE3758-KR-XXL,JNE3758,50.0,KURTA,XXL,MAROON
JNE3758-KR-XXXL,JNE3758,3.0,KURTA,XXXL,MAROON
JNE3759-KR-L,JNE3759,113.0,KURTA,L,PINK
JNE3759-KR-M,JNE3759,134.0,KURTA,M,PINK
JNE3759-KR-S,JNE3759,128.0,KURTA,S,PINK
JNE3759-KR-XL,JNE3759,46.0,KURTA,XL,PINK
,JNE3759,0.0,KURTA,XS,PINK
JNE3759-KR-XXL,JNE3759,57.0,KURTA,XXL,PINK
JNE3760-KR-L,JNE3760,12.0,KURTA,L,TEAL
JNE3760-KR-M,JNE3760,22.0,KURTA,M,TEAL
JNE3760-KR-S,JNE3760,55.0,KURTA,S,TEAL
JNE3760-KR-XL,JNE3760,23.0,KURTA,XL,TEAL
JNE3760-KR-XS,JNE3760,10.0,KURTA,XS,TEAL
JNE3760-KR-XXL,JNE3760,76.0,KURTA,XXL,TEAL
JNE3760-KR-XXXL,JNE3760,7.0,KURTA,XXXL,TEAL
JNE3761-KR-L,JNE3761,104.0,KURTA,L,OLIVE GREEN
JNE3761-KR-M,JNE3761,138.0,KURTA,M,OLIVE GREEN
JNE3761-KR-S,JNE3761,226.0,KURTA,S,OLIVE GREEN
JNE3761-KR-XL,JNE3761,69.0,KURTA,XL,OLIVE GREEN
JNE3761-KR-XS,JNE3761,30.0,KURTA,XS,OLIVE GREEN
JNE3761-KR-XXL,JNE3761,36.0,KURTA,XXL,OLIVE GREEN
JNE3761-KR-XXXL,JNE3761,4.0,KURTA,XXXL,OLIVE GREEN
JNE3762-KR-L,JNE3762,51.0,KURTA,L,MAROON
JNE3762-KR-M,JNE3762,72.0,KURTA,M,MAROON
JNE3762-KR-S,JNE3762,80.0,KURTA,S,MAROON
JNE3762-KR-XL,JNE3762,52.0,KURTA,XL,MAROON
JNE3762-KR-XS,JNE3762,14.0,KURTA,XS,MAROON
JNE3762-KR-XXL,JNE3762,52.0,KURTA,XXL,MAROON
JNE3762-KR-XXXL,JNE3762,3.0,KURTA,XXXL,MAROON
JNE3763-KR-L,JNE3763,13.0,KURTA,L,TEAL
JNE3763-KR-M,JNE3763,16.0,KURTA,M,TEAL
JNE3763-KR-S,JNE3763,90.0,KURTA,S,TEAL
JNE3763-KR-XL,JNE3763,69.0,KURTA,XL,TEAL
JNE3763-KR-XS,JNE3763,68.0,KURTA,XS,TEAL
JNE3763-KR-XXL,JNE3763,113.0,KURTA,XXL,TEAL
JNE3763-KR-XXXL,JNE3763,24.0,KURTA,XXXL,TEAL
JNE3764-KR-L,JNE3764,75.0,KURTA,L,MAGENTA
JNE3764-KR-M,JNE3764,38.0,KURTA,M,MAGENTA
JNE3764-KR-S,JNE3764,18.0,KURTA,S,MAGENTA
JNE3764-KR-XL,JNE3764,33.0,KURTA,XL,MAGENTA
JNE3764-KR-XS,JNE3764,3.0,KURTA,XS,MAGENTA
JNE3764-KR-XXL,JNE3764,5.0,KURTA,XXL,MAGENTA
JNE3764-KR-XXXL,JNE3764,2.0,KURTA,XXXL,MAGENTA
JNE3765-KR-L,JNE3765,141.0,KURTA,L,MUSTARD
JNE3765-KR-M,JNE3765,103.0,KURTA,M,MUSTARD
JNE3765-KR-S,JNE3765,112.0,KURTA,S,MUSTARD
JNE3765-KR-XL,JNE3765,131.0,KURTA,XL,MUSTARD
JNE3765-KR-XS,JNE3765,78.0,KURTA,XS,MUSTARD
JNE3765-KR-XXL,JNE3765,100.0,KURTA,XXL,MUSTARD
JNE3765-KR-XXXL,JNE3765,74.0,KURTA,XXXL,MUSTARD
JNE3766-KR-L,JNE3766,17.0,KURTA,L,GREY
JNE3766-KR-M,JNE3766,21.0,KURTA,M,GREY
JNE3766-KR-S,JNE3766,24.0,KURTA,S,GREY
JNE3766-KR-XL,JNE3766,19.0,KURTA,XL,GREY
JNE3766-KR-XS,JNE3766,25.0,KURTA,XS,GREY
JNE3766-KR-XXL,JNE3766,26.0,KURTA,XXL,GREY
JNE3766-KR-XXXL,JNE3766,13.0,KURTA,XXXL,GREY
JNE3767-KR-L,JNE3767,164.0,KURTA,L,RED
JNE3767-KR-M,JNE3767,99.0,KURTA,M,RED
JNE3767-KR-S,JNE3767,73.0,KURTA,S,RED
JNE3767-KR-XL,JNE3767,150.0,KURTA,XL,RED
JNE3767-KR-XS,JNE3767,21.0,KURTA,XS,RED
JNE3767-KR-XXL,JNE3767,77.0,KURTA,XXL,RED
JNE3767-KR-XXXL,JNE3767,17.0,KURTA,XXXL,RED
JNE3768-KR-L,JNE3768,70.0,KURTA,L,PEACH
JNE3768-KR-M,JNE3768,47.0,KURTA,M,PEACH
JNE3768-KR-S,JNE3768,30.0,KURTA,S,PEACH
JNE3768-KR-XL,JNE3768,52.0,KURTA,XL,PEACH
JNE3768-KR-XS,JNE3768,22.0,KURTA,XS,PEACH
JNE3768-KR-XXL,JNE3768,15.0,KURTA,XXL,PEACH
JNE3768-KR-XXXL,JNE3768,19.0,KURTA,XXXL,PEACH
JNE3769-KR-L,JNE3769,3.0,KURTA,L,BLUE
JNE3769-KR-M,JNE3769,13.0,KURTA,M,BLUE
JNE3769-KR-S,JNE3769,33.0,KURTA,S,BLUE
JNE3769-KR-XL,JNE3769,9.0,KURTA,XL,BLUE
JNE3769-KR-XS,JNE3769,8.0,KURTA,XS,BLUE
JNE3769-KR-XXL,JNE3769,19.0,KURTA,XXL,BLUE
JNE3769-KR-XXXL,JNE3769,9.0,KURTA,XXXL,BLUE
JNE3770-KR-L,JNE3770,135.0,KURTA,L,BLUE
JNE3770-KR-M,JNE3770,72.0,KURTA,M,BLUE
JNE3770-KR-S,JNE3770,15.0,KURTA,S,BLUE
JNE3770-KR-XL,JNE3770,41.0,KURTA,XL,BLUE
JNE3770-KR-XS,JNE3770,82.0,KURTA,XS,BLUE
JNE3770-KR-XXL,JNE3770,81.0,KURTA,XXL,BLUE
JNE3770-KR-XXXL,JNE3770,62.0,KURTA,XXXL,BLUE
JNE3771-KR-L,JNE3771,37.0,KURTA,L,MAROON
JNE3771-KR-M,JNE3771,32.0,KURTA,M,MAROON
JNE3771-KR-S,JNE3771,10.0,KURTA,S,MAROON
JNE3771-KR-XL,JNE3771,51.0,KURTA,XL,MAROON
JNE3771-KR-XS,JNE3771,14.0,KURTA,XS,MAROON
JNE3771-KR-XXL,JNE3771,47.0,KURTA,XXL,MAROON
JNE3771-KR-XXXL,JNE3771,11.0,KURTA,XXXL,MAROON
JNE3773-KR-L,JNE3773,3.0,KURTA,L,GREY
JNE3773-KR-M,JNE3773,3.0,KURTA,M,GREY
JNE3773-KR-S,JNE3773,4.0,KURTA,S,GREY
JNE3773-KR-XL,JNE3773,3.0,KURTA,XL,GREY
JNE3773-KR-XS,JNE3773,6.0,KURTA,XS,GREY
JNE3773-KR-XXL,JNE3773,5.0,KURTA,XXL,GREY
JNE3773-KR-XXXL,JNE3773,2.0,KURTA,XXXL,GREY
JNE3774-KR-L,JNE3774,3.0,KURTA,L,TEAL
JNE3774-KR-M,JNE3774,7.0,KURTA,M,TEAL
JNE3774-KR-S,JNE3774,10.0,KURTA,S,TEAL
JNE3774-KR-XL,JNE3774,4.0,KURTA,XL,TEAL
JNE3774-KR-XS,JNE3774,14.0,KURTA,XS,TEAL
JNE3774-KR-XXL,JNE3774,10.0,KURTA,XXL,TEAL
JNE3774-KR-XXXL,JNE3774,9.0,KURTA,XXXL,TEAL
JNE3775-KR-L,JNE3775,72.0,KURTA,L,TEAL
JNE3775-KR-M,JNE3775,70.0,KURTA,M,TEAL
JNE3775-KR-S,JNE3775,99.0,KURTA,S,TEAL
JNE3775-KR-XL,JNE3775,59.0,KURTA,XL,TEAL
JNE3775-KR-XS,JNE3775,56.0,KURTA,XS,TEAL
JNE3775-KR-XXL,JNE3775,72.0,KURTA,XXL,TEAL
JNE3775-KR-XXXL,JNE3775,6.0,KURTA,XXXL,TEAL
JNE3776-KR-L,JNE3776,3.0,KURTA,L,GREEN
JNE3776-KR-M,JNE3776,6.0,KURTA,M,GREEN
JNE3776-KR-S,JNE3776,6.0,KURTA,S,GREEN
JNE3776-KR-XL,JNE3776,4.0,KURTA,XL,GREEN
JNE3776-KR-XS,JNE3776,3.0,KURTA,XS,GREEN
JNE3776-KR-XXL,JNE3776,8.0,KURTA,XXL,GREEN
JNE3776-KR-XXXL,JNE3776,2.0,KURTA,XXXL,GREEN
JNE3777-KR-L,JNE3777,7.0,KURTA,L,MAROON
JNE3777-KR-M,JNE3777,9.0,KURTA,M,MAROON
JNE3777-KR-S,JNE3777,44.0,KURTA,S,MAROON
JNE3777-KR-XL,JNE3777,15.0,KURTA,XL,MAROON
JNE3777-KR-XS,JNE3777,45.0,KURTA,XS,MAROON
JNE3777-KR-XXL,JNE3777,56.0,KURTA,XXL,MAROON
JNE3777-KR-XXXL,JNE3777,8.0,KURTA,XXXL,MAROON
JNE3778-KR-L,JNE3778,38.0,KURTA,L,GREEN
JNE3778-KR-M,JNE3778,47.0,KURTA,M,GREEN
JNE3778-KR-S,JNE3778,57.0,KURTA,S,GREEN
JNE3778-KR-XL,JNE3778,26.0,KURTA,XL,GREEN
JNE3778-KR-XS,JNE3778,81.0,KURTA,XS,GREEN
JNE3778-KR-XXL,JNE3778,40.0,KURTA,XXL,GREEN
JNE3778-KR-XXXL,JNE3778,22.0,KURTA,XXXL,GREEN
JNE3779-KR-L,JNE3779,15.0,KURTA,L,TEAL
JNE3779-KR-M,JNE3779,15.0,KURTA,M,TEAL
JNE3779-KR-S,JNE3779,34.0,KURTA,S,TEAL
JNE3779-KR-XL,JNE3779,18.0,KURTA,XL,TEAL
JNE3779-KR-XS,JNE3779,31.0,KURTA,XS,TEAL
JNE3779-KR-XXL,JNE3779,27.0,KURTA,XXL,TEAL
JNE3779-KR-XXXL,JNE3779,33.0,KURTA,XXXL,TEAL
JNE3780-KR-L,JNE3780,110.0,KURTA,L,NAVY BLUE
JNE3780-KR-M,JNE3780,112.0,KURTA,M,NAVY BLUE
JNE3780-KR-S,JNE3780,121.0,KURTA,S,NAVY BLUE
JNE3780-KR-XL,JNE3780,99.0,KURTA,XL,NAVY BLUE
JNE3780-KR-XS,JNE3780,54.0,KURTA,XS,NAVY BLUE
JNE3780-KR-XXL,JNE3780,112.0,KURTA,XXL,NAVY BLUE
JNE3780-KR-XXXL,JNE3780,40.0,KURTA,XXXL,NAVY BLUE
JNE3781-KR-L,JNE3781,86.0,KURTA,L,GREEN
JNE3781-KR-M,JNE3781,52.0,KURTA,M,GREEN
JNE3781-KR-S,JNE3781,26.0,KURTA,S,GREEN
JNE3781-KR-XL,JNE3781,83.0,KURTA,XL,GREEN
JNE3781-KR-XS,JNE3781,49.0,KURTA,XS,GREEN
JNE3781-KR-XXL,JNE3781,112.0,KURTA,XXL,GREEN
JNE3781-KR-XXXL,JNE3781,96.0,KURTA,XXXL,GREEN
JNE3782-KR-L,JNE3782,135.0,KURTA,L,GREEN
JNE3782-KR-M,JNE3782,170.0,KURTA,M,GREEN
JNE3782-KR-S,JNE3782,105.0,KURTA,S,GREEN
JNE3782-KR-XL,JNE3782,198.0,KURTA,XL,GREEN
JNE3782-KR-XS,JNE3782,39.0,KURTA,XS,GREEN
JNE3782-KR-XXL,JNE3782,60.0,KURTA,XXL,GREEN
JNE3782-KR-XXXL,JNE3782,71.0,KURTA,XXXL,GREEN
JNE3783-KR-L,JNE3783,0.0,KURTA,L,BROWN
JNE3783-KR-M,JNE3783,0.0,KURTA,M,BROWN
JNE3783-KR-S,JNE3783,0.0,KURTA,S,BROWN
JNE3783-KR-XL,JNE3783,0.0,KURTA,XL,BROWN
JNE3783-KR-XS,JNE3783,0.0,KURTA,XS,BROWN
JNE3783-KR-XXL,JNE3783,0.0,KURTA,XXL,BROWN
JNE3783-KR-XXXL,JNE3783,0.0,KURTA,XXXL,BROWN
JNE3784-KR-L,JNE3784,139.0,KURTA,L,GREEN
JNE3784-KR-M,JNE3784,90.0,KURTA,M,GREEN
JNE3784-KR-S,JNE3784,116.0,KURTA,S,GREEN
JNE3784-KR-XL,JNE3784,163.0,KURTA,XL,GREEN
JNE3784-KR-XS,JNE3784,89.0,KURTA,XS,GREEN
JNE3784-KR-XXL,JNE3784,112.0,KURTA,XXL,GREEN
JNE3784-KR-XXXL,JNE3784,137.0,KURTA,XXXL,GREEN
JNE3785-KR-L,JNE3785,4.0,KURTA,L,CORAL
JNE3785-KR-M,JNE3785,5.0,KURTA,M,CORAL
JNE3785-KR-S,JNE3785,8.0,KURTA,S,CORAL
JNE3785-KR-XL,JNE3785,5.0,KURTA,XL,CORAL
JNE3785-KR-XS,JNE3785,45.0,KURTA,XS,CORAL
JNE3785-KR-XXL,JNE3785,5.0,KURTA,XXL,CORAL
JNE3785-KR-XXXL,JNE3785,4.0,KURTA,XXXL,CORAL
JNE3786-KR-L,JNE3786,2.0,KURTA,L,BLACK
JNE3786-KR-M,JNE3786,0.0,KURTA,M,BLACK
JNE3786-KR-S,JNE3786,56.0,KURTA,S,BLACK
JNE3786-KR-XL,JNE3786,2.0,KURTA,XL,BLACK
JNE3786-KR-XS,JNE3786,63.0,KURTA,XS,BLACK
JNE3786-KR-XXL,JNE3786,19.0,KURTA,XXL,BLACK
JNE3786-KR-XXXL,JNE3786,4.0,KURTA,XXXL,BLACK
JNE3787-KR-L,JNE3787,3.0,KURTA,L,BLUE
JNE3787-KR-M,JNE3787,2.0,KURTA,M,BLUE
JNE3787-KR-S,JNE3787,0.0,KURTA,S,BLUE
JNE3787-KR-XL,JNE3787,6.0,KURTA,XL,BLUE
JNE3787-KR-XS,JNE3787,9.0,KURTA,XS,BLUE
JNE3787-KR-XXL,JNE3787,5.0,KURTA,XXL,BLUE
JNE3787-KR-XXXL,JNE3787,7.0,KURTA,XXXL,BLUE
JNE3788-KR-L,JNE3788,9.0,KURTA,L,BLACK
JNE3788-KR-M,JNE3788,12.0,KURTA,M,BLACK
JNE3788-KR-S,JNE3788,46.0,KURTA,S,BLACK
JNE3788-KR-XL,JNE3788,18.0,KURTA,XL,BLACK
JNE3788-KR-XS,JNE3788,23.0,KURTA,XS,BLACK
JNE3788-KR-XXL,JNE3788,25.0,KURTA,XXL,BLACK
JNE3788-KR-XXXL,JNE3788,6.0,KURTA,XXXL,BLACK
JNE3789-KR-L,JNE3789,42.0,KURTA,L,TEAL
JNE3789-KR-M,JNE3789,73.0,KURTA,M,TEAL
JNE3789-KR-S,JNE3789,34.0,KURTA,S,TEAL
JNE3789-KR-XL,JNE3789,35.0,KURTA,XL,TEAL
JNE3789-KR-XS,JNE3789,9.0,KURTA,XS,TEAL
JNE3789-KR-XXL,JNE3789,56.0,KURTA,XXL,TEAL
JNE3789-KR-XXXL,JNE3789,7.0,KURTA,XXXL,TEAL
JNE3790-KR-L,JNE3790,20.0,KURTA,L,NAVY BLUE
JNE3790-KR-M,JNE3790,42.0,KURTA,M,NAVY BLUE
JNE3790-KR-S,JNE3790,68.0,KURTA,S,NAVY BLUE
JNE3790-KR-XL,JNE3790,12.0,KURTA,XL,NAVY BLUE
JNE3790-KR-XS,JNE3790,45.0,KURTA,XS,NAVY BLUE
JNE3790-KR-XXL,JNE3790,34.0,KURTA,XXL,NAVY BLUE
JNE3790-KR-XXXL,JNE3790,5.0,KURTA,XXXL,NAVY BLUE
JNE3791-DR-L,JNE3791,8.0,DRESS,L,LIGHT GREEN
JNE3791-DR-M,JNE3791,14.0,DRESS,M,LIGHT GREEN
JNE3791-DR-S,JNE3791,6.0,DRESS,S,LIGHT GREEN
JNE3791-DR-XL,JNE3791,38.0,DRESS,XL,LIGHT GREEN
JNE3791-DR-XS,JNE3791,17.0,DRESS,XS,LIGHT GREEN
JNE3791-DR-XXL,JNE3791,33.0,DRESS,XXL,LIGHT GREEN
JNE3791-DR-XXXL,JNE3791,12.0,DRESS,XXXL,LIGHT GREEN
JNE3792-KR-L,JNE3792,35.0,KURTA,L,GREEN
JNE3792-KR-M,JNE3792,45.0,KURTA,M,GREEN
JNE3792-KR-S,JNE3792,69.0,KURTA,S,GREEN
JNE3792-KR-XL,JNE3792,49.0,KURTA,XL,GREEN
JNE3792-KR-XS,JNE3792,28.0,KURTA,XS,GREEN
JNE3792-KR-XXL,JNE3792,42.0,KURTA,XXL,GREEN
JNE3792-KR-XXXL,JNE3792,14.0,KURTA,XXXL,GREEN
JNE3793-KR-L,JNE3793,31.0,KURTA,L,MAROON
JNE3793-KR-M,JNE3793,67.0,KURTA,M,MAROON
JNE3793-KR-S,JNE3793,98.0,KURTA,S,MAROON
JNE3793-KR-XL,JNE3793,42.0,KURTA,XL,MAROON
JNE3793-KR-XS,JNE3793,75.0,KURTA,XS,MAROON
JNE3793-KR-XXL,JNE3793,12.0,KURTA,XXL,MAROON
JNE3793-KR-XXXL,JNE3793,5.0,KURTA,XXXL,MAROON
JNE3794-KR-L,JNE3794,75.0,KURTA,L,PEACH
JNE3794-KR-M,JNE3794,101.0,KURTA,M,PEACH
JNE3794-KR-S,JNE3794,94.0,KURTA,S,PEACH
JNE3794-KR-XL,JNE3794,104.0,KURTA,XL,PEACH
JNE3794-KR-XS,JNE3794,26.0,KURTA,XS,PEACH
JNE3794-KR-XXL,JNE3794,101.0,KURTA,XXL,PEACH
JNE3794-KR-XXXL,JNE3794,104.0,KURTA,XXXL,PEACH
JNE3795-KR-L,JNE3795,118.0,KURTA,L,BLUE
JNE3795-KR-M,JNE3795,163.0,KURTA,M,BLUE
JNE3795-KR-S,JNE3795,47.0,KURTA,S,BLUE
JNE3795-KR-XL,JNE3795,180.0,KURTA,XL,BLUE
JNE3795-KR-XS,JNE3795,57.0,KURTA,XS,BLUE
JNE3795-KR-XXL,JNE3795,151.0,KURTA,XXL,BLUE
JNE3795-KR-XXXL,JNE3795,122.0,KURTA,XXXL,BLUE
JNE3796-KR-L,JNE3796,5.0,KURTA,L,PEACH
JNE3796-KR-M,JNE3796,5.0,KURTA,M,PEACH
JNE3796-KR-S,JNE3796,6.0,KURTA,S,PEACH
JNE3796-KR-XL,JNE3796,5.0,KURTA,XL,PEACH
JNE3796-KR-XS,JNE3796,12.0,KURTA,XS,PEACH
JNE3796-KR-XXL,JNE3796,9.0,KURTA,XXL,PEACH
JNE3796-KR-XXXL,JNE3796,3.0,KURTA,XXXL,PEACH
JNE3797-KR-L,JNE3797,5.0,KURTA,L,GREEN
JNE3797-KR-M,JNE3797,6.0,KURTA,M,GREEN
JNE3797-KR-S,JNE3797,2.0,KURTA,S,GREEN
JNE3797-KR-XL,JNE3797,13.0,KURTA,XL,GREEN
JNE3797-KR-XS,JNE3797,101.0,KURTA,XS,GREEN
JNE3797-KR-XXL,JNE3797,0.0,KURTA,XXL,GREEN
JNE3797-KR-XXXL,JNE3797,4.0,KURTA,XXXL,GREEN
JNE3798-KR-L,JNE3798,3.0,KURTA,L,TEAL
JNE3798-KR-M,JNE3798,2.0,KURTA,M,TEAL
JNE3798-KR-S,JNE3798,5.0,KURTA,S,TEAL
JNE3798-KR-XL,JNE3798,4.0,KURTA,XL,TEAL
JNE3798-KR-XS,JNE3798,13.0,KURTA,XS,TEAL
JNE3798-KR-XXL,JNE3798,8.0,KURTA,XXL,TEAL
JNE3798-KR-XXXL,JNE3798,9.0,KURTA,XXXL,TEAL
JNE3799-KR-L,JNE3799,48.0,KURTA,L,WINE
JNE3799-KR-M,JNE3799,28.0,KURTA,M,WINE
JNE3799-KR-S,JNE3799,41.0,KURTA,S,WINE
JNE3799-KR-XL,JNE3799,8.0,KURTA,XL,WINE
JNE3799-KR-XS,JNE3799,17.0,KURTA,XS,WINE
JNE3799-KR-XXL,JNE3799,7.0,KURTA,XXL,WINE
JNE3799-KR-XXXL,JNE3799,14.0,KURTA,XXXL,WINE
JNE3800-KR-L,JNE3800,37.0,KURTA,L,MUSTARD
JNE3800-KR-M,JNE3800,3.0,KURTA,M,MUSTARD
JNE3800-KR-S,JNE3800,13.0,KURTA,S,MUSTARD
JNE3800-KR-XL,JNE3800,62.0,KURTA,XL,MUSTARD
JNE3800-KR-XS,JNE3800,89.0,KURTA,XS,MUSTARD
JNE3800-KR-XXL,JNE3800,0.0,KURTA,XXL,MUSTARD
JNE3800-KR-XXXL,JNE3800,93.0,KURTA,XXXL,MUSTARD
JNE3801-KR-L,JNE3801,3.0,KURTA,L,PINK
JNE3801-KR-M,JNE3801,4.0,KURTA,M,PINK
JNE3801-KR-S,JNE3801,3.0,KURTA,S,PINK
JNE3801-KR-XL,JNE3801,1.0,KURTA,XL,PINK
JNE3801-KR-XS,JNE3801,5.0,KURTA,XS,PINK
JNE3801-KR-XXL,JNE3801,2.0,KURTA,XXL,PINK
JNE3801-KR-XXXL,JNE3801,8.0,KURTA,XXXL,PINK
JNE3802-KR-L,JNE3802,6.0,KURTA,L,ORANGE
JNE3802-KR-M,JNE3802,7.0,KURTA,M,ORANGE
JNE3802-KR-S,JNE3802,4.0,KURTA,S,ORANGE
JNE3802-KR-XL,JNE3802,6.0,KURTA,XL,ORANGE
JNE3802-KR-XS,JNE3802,46.0,KURTA,XS,ORANGE
JNE3802-KR-XXL,JNE3802,15.0,KURTA,XXL,ORANGE
JNE3802-KR-XXXL,JNE3802,7.0,KURTA,XXXL,ORANGE
JNE3803-KR-L,JNE3803,15.0,KURTA,L,PINK
JNE3803-KR-M,JNE3803,16.0,KURTA,M,PINK
JNE3803-KR-S,JNE3803,20.0,KURTA,S,PINK
JNE3803-KR-XL,JNE3803,9.0,KURTA,XL,PINK
JNE3803-KR-XS,JNE3803,13.0,KURTA,XS,PINK
JNE3803-KR-XXL,JNE3803,46.0,KURTA,XXL,PINK
JNE3803-KR-XXXL,JNE3803,74.0,KURTA,XXXL,PINK
JNE3804-KR-L,JNE3804,130.0,KURTA,L,GREY
JNE3804-KR-M,JNE3804,55.0,KURTA,M,GREY
JNE3804-KR-S,JNE3804,23.0,KURTA,S,GREY
JNE3804-KR-XL,JNE3804,64.0,KURTA,XL,GREY
JNE3804-KR-XS,JNE3804,28.0,KURTA,XS,GREY
JNE3804-KR-XXL,JNE3804,30.0,KURTA,XXL,GREY
JNE3804-KR-XXXL,JNE3804,7.0,KURTA,XXXL,GREY
JNE3805-KR-L,JNE3805,68.0,KURTA,L,GREEN
JNE3805-KR-M,JNE3805,89.0,KURTA,M,GREEN
JNE3805-KR-S,JNE3805,106.0,KURTA,S,GREEN
JNE3805-KR-XL,JNE3805,95.0,KURTA,XL,GREEN
JNE3805-KR-XS,JNE3805,84.0,KURTA,XS,GREEN
JNE3805-KR-XXL,JNE3805,116.0,KURTA,XXL,GREEN
JNE3805-KR-XXXL,JNE3805,77.0,KURTA,XXXL,GREEN
JNE3806-KR-L,JNE3806,10.0,KURTA,L,BLUE
JNE3806-KR-M,JNE3806,9.0,KURTA,M,BLUE
JNE3806-KR-S,JNE3806,37.0,KURTA,S,BLUE
JNE3806-KR-XL,JNE3806,4.0,KURTA,XL,BLUE
JNE3806-KR-XS,JNE3806,36.0,KURTA,XS,BLUE
JNE3806-KR-XXL,JNE3806,11.0,KURTA,XXL,BLUE
JNE3806-KR-XXXL,JNE3806,6.0,KURTA,XXXL,BLUE
JNE3807-KR-L,JNE3807,9.0,KURTA,L,BEIGE
JNE3807-KR-M,JNE3807,62.0,KURTA,M,BEIGE
JNE3807-KR-S,JNE3807,10.0,KURTA,S,BEIGE
JNE3807-KR-XL,JNE3807,7.0,KURTA,XL,BEIGE
JNE3807-KR-XS,JNE3807,5.0,KURTA,XS,BEIGE
JNE3807-KR-XXL,JNE3807,2.0,KURTA,XXL,BEIGE
JNE3807-KR-XXXL,JNE3807,12.0,KURTA,XXXL,BEIGE
JNE3810-KR-L,JNE3810,0.0,KURTA,L,BLACK
JNE3810-KR-M,JNE3810,13.0,KURTA,M,BLACK
JNE3810-KR-S,JNE3810,37.0,KURTA,S,BLACK
JNE3810-KR-XL,JNE3810,1.0,KURTA,XL,BLACK
JNE3810-KR-XS,JNE3810,37.0,KURTA,XS,BLACK
JNE3810-KR-XXL,JNE3810,16.0,KURTA,XXL,BLACK
JNE3810-KR-XXXL,JNE3810,21.0,KURTA,XXXL,BLACK
JNE3811-KR-L,JNE3811,7.0,KURTA,L,NAVY BLUE
JNE3811-KR-M,JNE3811,6.0,KURTA,M,NAVY BLUE
JNE3811-KR-S,JNE3811,5.0,KURTA,S,NAVY BLUE
JNE3811-KR-XL,JNE3811,7.0,KURTA,XL,NAVY BLUE
JNE3811-KR-XS,JNE3811,5.0,KURTA,XS,NAVY BLUE
JNE3811-KR-XXL,JNE3811,18.0,KURTA,XXL,NAVY BLUE
JNE3811-KR-XXXL,JNE3811,12.0,KURTA,XXXL,NAVY BLUE
JNE3813-KR-L,JNE3813,1.0,KURTA,L,TEAL
JNE3813-KR-M,JNE3813,0.0,KURTA,M,TEAL
JNE3813-KR-S,JNE3813,15.0,KURTA,S,TEAL
JNE3813-KR-XL,JNE3813,0.0,KURTA,XL,TEAL
JNE3813-KR-XS,JNE3813,17.0,KURTA,XS,TEAL
JNE3813-KR-XXL,JNE3813,2.0,KURTA,XXL,TEAL
JNE3813-KR-XXXL,JNE3813,0.0,KURTA,XXXL,TEAL
JNE3816-KR-L,JNE3816,5.0,KURTA,L,SEA GREEN
JNE3816-KR-M,JNE3816,7.0,KURTA,M,SEA GREEN
JNE3816-KR-S,JNE3816,6.0,KURTA,S,SEA GREEN
JNE3816-KR-XL,JNE3816,2.0,KURTA,XL,SEA GREEN
JNE3816-KR-XS,JNE3816,9.0,KURTA,XS,SEA GREEN
JNE3816-KR-XXL,JNE3816,7.0,KURTA,XXL,SEA GREEN
JNE3816-KR-XXXL,JNE3816,4.0,KURTA,XXXL,SEA GREEN
JNE3817-KR-L,JNE3817,4.0,KURTA,L,CREAM
JNE3817-KR-M,JNE3817,4.0,KURTA,M,CREAM
JNE3817-KR-S,JNE3817,4.0,KURTA,S,CREAM
JNE3817-KR-XL,JNE3817,4.0,KURTA,XL,CREAM
JNE3817-KR-XS,JNE3817,4.0,KURTA,XS,CREAM
JNE3817-KR-XXL,JNE3817,4.0,KURTA,XXL,CREAM
JNE3817-KR-XXXL,JNE3817,1.0,KURTA,XXXL,CREAM
JNE3818-KR-L,JNE3818,4.0,KURTA,L,ORANGE
JNE3818-KR-M,JNE3818,5.0,KURTA,M,ORANGE
JNE3818-KR-S,JNE3818,4.0,KURTA,S,ORANGE
JNE3818-KR-XL,JNE3818,3.0,KURTA,XL,ORANGE
JNE3818-KR-XS,JNE3818,16.0,KURTA,XS,ORANGE
JNE3818-KR-XXL,JNE3818,2.0,KURTA,XXL,ORANGE
JNE3818-KR-XXXL,JNE3818,4.0,KURTA,XXXL,ORANGE
JNE3819-KR-L,JNE3819,8.0,KURTA,L,BLUE
JNE3819-KR-M,JNE3819,7.0,KURTA,M,BLUE
JNE3819-KR-S,JNE3819,11.0,KURTA,S,BLUE
JNE3819-KR-XL,JNE3819,2.0,KURTA,XL,BLUE
JNE3819-KR-XS,JNE3819,6.0,KURTA,XS,BLUE
JNE3819-KR-XXL,JNE3819,9.0,KURTA,XXL,BLUE
JNE3819-KR-XXXL,JNE3819,3.0,KURTA,XXXL,BLUE
JNE3820-KR-L,JNE3820,3.0,KURTA,L,GREEN
JNE3820-KR-M,JNE3820,3.0,KURTA,M,GREEN
JNE3820-KR-S,JNE3820,10.0,KURTA,S,GREEN
JNE3820-KR-XL,JNE3820,2.0,KURTA,XL,GREEN
JNE3820-KR-XS,JNE3820,16.0,KURTA,XS,GREEN
JNE3820-KR-XXL,JNE3820,3.0,KURTA,XXL,GREEN
JNE3820-KR-XXXL,JNE3820,2.0,KURTA,XXXL,GREEN
JNE3821-KR-L,JNE3821,4.0,KURTA,L,SEA GREEN
JNE3821-KR-M,JNE3821,4.0,KURTA,M,SEA GREEN
JNE3821-KR-S,JNE3821,4.0,KURTA,S,SEA GREEN
JNE3821-KR-XL,JNE3821,2.0,KURTA,XL,SEA GREEN
JNE3821-KR-XS,JNE3821,7.0,KURTA,XS,SEA GREEN
JNE3821-KR-XXL,JNE3821,4.0,KURTA,XXL,SEA GREEN
JNE3821-KR-XXXL,JNE3821,4.0,KURTA,XXXL,SEA GREEN
JNE3822-KR-L,JNE3822,6.0,KURTA,L,BLUE
JNE3822-KR-M,JNE3822,6.0,KURTA,M,BLUE
JNE3822-KR-S,JNE3822,67.0,KURTA,S,BLUE
JNE3822-KR-XL,JNE3822,18.0,KURTA,XL,BLUE
JNE3822-KR-XS,JNE3822,51.0,KURTA,XS,BLUE
JNE3822-KR-XXL,JNE3822,7.0,KURTA,XXL,BLUE
JNE3822-KR-XXXL,JNE3822,2.0,KURTA,XXXL,BLUE
JNE3823-KR-L,JNE3823,4.0,KURTA,L,BLUE
JNE3823-KR-M,JNE3823,3.0,KURTA,M,BLUE
JNE3823-KR-S,JNE3823,6.0,KURTA,S,BLUE
JNE3823-KR-XL,JNE3823,2.0,KURTA,XL,BLUE
JNE3823-KR-XS,JNE3823,9.0,KURTA,XS,BLUE
JNE3823-KR-XXL,JNE3823,3.0,KURTA,XXL,BLUE
JNE3823-KR-XXXL,JNE3823,2.0,KURTA,XXXL,BLUE
JNE3825-KR-L,JNE3825,2.0,KURTA,L,YELLOW
JNE3825-KR-M,JNE3825,4.0,KURTA,M,YELLOW
JNE3825-KR-S,JNE3825,6.0,KURTA,S,YELLOW
JNE3825-KR-XL,JNE3825,0.0,KURTA,XL,YELLOW
JNE3825-KR-XS,JNE3825,10.0,KURTA,XS,YELLOW
JNE3825-KR-XXL,JNE3825,2.0,KURTA,XXL,YELLOW
JNE3825-KR-XXXL,JNE3825,1.0,KURTA,XXXL,YELLOW
JNE3826-KR-L,JNE3826,19.0,KURTA,L,BLACK
JNE3826-KR-M,JNE3826,14.0,KURTA,M,BLACK
JNE3826-KR-S,JNE3826,22.0,KURTA,S,BLACK
JNE3826-KR-XL,JNE3826,14.0,KURTA,XL,BLACK
JNE3826-KR-XXL,JNE3826,21.0,KURTA,XXL,BLACK
JNE3827-KR-L,JNE3827,14.0,KURTA,L,PEACH
JNE3827-KR-M,JNE3827,12.0,KURTA,M,PEACH
JNE3827-KR-S,JNE3827,8.0,KURTA,S,PEACH
JNE3827-KR-XL,JNE3827,20.0,KURTA,XL,PEACH
JNE3827-KR-XXL,JNE3827,2.0,KURTA,XXL,PEACH
JNE3828-KR-L,JNE3828,7.0,KURTA,L,NAVY BLUE
JNE3828-KR-M,JNE3828,26.0,KURTA,M,NAVY BLUE
JNE3828-KR-S,JNE3828,18.0,KURTA,S,NAVY BLUE
JNE3828-KR-XL,JNE3828,1.0,KURTA,XL,NAVY BLUE
JNE3828-KR-XXL,JNE3828,1.0,KURTA,XXL,NAVY BLUE
JNE3829-KR-L,JNE3829,20.0,KURTA,L,BROWN
JNE3829-KR-M,JNE3829,4.0,KURTA,M,BROWN
JNE3829-KR-S,JNE3829,5.0,KURTA,S,BROWN
JNE3829-KR-XL,JNE3829,7.0,KURTA,XL,BROWN
JNE3829-KR-XXL,JNE3829,3.0,KURTA,XXL,BROWN
JNE3830-KR-L,JNE3830,2.0,KURTA,L,PEACH
JNE3830-KR-M,JNE3830,1.0,KURTA,M,PEACH
JNE3830-KR-S,JNE3830,3.0,KURTA,S,PEACH
JNE3830-KR-XL,JNE3830,3.0,KURTA,XL,PEACH
JNE3830-KR-XXL,JNE3830,12.0,KURTA,XXL,PEACH
JNE3831-KR-L,JNE3831,1.0,KURTA,L,TEAL
JNE3831-KR-M,JNE3831,4.0,KURTA,M,TEAL
JNE3831-KR-S,JNE3831,9.0,KURTA,S,TEAL
JNE3831-KR-XL,JNE3831,7.0,KURTA,XL,TEAL
JNE3831-KR-XXL,JNE3831,3.0,KURTA,XXL,TEAL
JNE3832-KR-L,JNE3832,14.0,KURTA,L,GREEN
JNE3832-KR-M,JNE3832,42.0,KURTA,M,GREEN
JNE3832-KR-S,JNE3832,34.0,KURTA,S,GREEN
JNE3832-KR-XL,JNE3832,7.0,KURTA,XL,GREEN
JNE3832-KR-XXL,JNE3832,9.0,KURTA,XXL,GREEN
JNE3833-KR-L,JNE3833,45.0,KURTA,L,BLUE
JNE3833-KR-M,JNE3833,42.0,KURTA,M,BLUE
JNE3833-KR-S,JNE3833,43.0,KURTA,S,BLUE
JNE3833-KR-XL,JNE3833,42.0,KURTA,XL,BLUE
JNE3833-KR-XS,JNE3833,43.0,KURTA,XS,BLUE
JNE3833-KR-XXL,JNE3833,46.0,KURTA,XXL,BLUE
JNE3833-KR-XXXL,JNE3833,35.0,KURTA,XXXL,BLUE
JNE3834-KR-L,JNE3834,49.0,KURTA,L,ORANGE
JNE3834-KR-M,JNE3834,41.0,KURTA,M,ORANGE
JNE3834-KR-S,JNE3834,54.0,KURTA,S,ORANGE
JNE3834-KR-XL,JNE3834,51.0,KURTA,XL,ORANGE
JNE3834-KR-XS,JNE3834,42.0,KURTA,XS,ORANGE
JNE3834-KR-XXL,JNE3834,44.0,KURTA,XXL,ORANGE
JNE3834-KR-XXXL,JNE3834,10.0,KURTA,XXXL,ORANGE
JNE3835-KR-L,JNE3835,35.0,KURTA,L,BLACK
JNE3835-KR-M,JNE3835,46.0,KURTA,M,BLACK
JNE3835-KR-S,JNE3835,37.0,KURTA,S,BLACK
JNE3835-KR-XL,JNE3835,25.0,KURTA,XL,BLACK
JNE3835-KR-XS,JNE3835,44.0,KURTA,XS,BLACK
JNE3835-KR-XXL,JNE3835,55.0,KURTA,XXL,BLACK
JNE3835-KR-XXXL,JNE3835,42.0,KURTA,XXXL,BLACK
JNE3836-KR-L,JNE3836,49.0,KURTA,L,SEA GREEN
JNE3836-KR-M,JNE3836,47.0,KURTA,M,SEA GREEN
JNE3836-KR-S,JNE3836,21.0,KURTA,S,SEA GREEN
JNE3836-KR-XL,JNE3836,47.0,KURTA,XL,SEA GREEN
JNE3836-KR-XS,JNE3836,36.0,KURTA,XS,SEA GREEN
JNE3836-KR-XXL,JNE3836,25.0,KURTA,XXL,SEA GREEN
JNE3836-KR-XXXL,JNE3836,34.0,KURTA,XXXL,SEA GREEN
JNE3837-KR-L,JNE3837,16.0,KURTA,L,BLACK
JNE3837-KR-M,JNE3837,9.0,KURTA,M,BLACK
JNE3837-KR-S,JNE3837,40.0,KURTA,S,BLACK
JNE3837-KR-XL,JNE3837,19.0,KURTA,XL,BLACK
JNE3837-KR-XS,JNE3837,55.0,KURTA,XS,BLACK
JNE3837-KR-XXL,JNE3837,29.0,KURTA,XXL,BLACK
JNE3837-KR-XXXL,JNE3837,18.0,KURTA,XXXL,BLACK
JNE3838-KR-L,JNE3838,5.0,KURTA,L,BLACK
JNE3838-KR-M,JNE3838,5.0,KURTA,M,BLACK
JNE3838-KR-S,JNE3838,41.0,KURTA,S,BLACK
JNE3838-KR-XL,JNE3838,2.0,KURTA,XL,BLACK
JNE3838-KR-XS,JNE3838,35.0,KURTA,XS,BLACK
JNE3838-KR-XXL,JNE3838,2.0,KURTA,XXL,BLACK
JNE3838-KR-XXXL,JNE3838,2.0,KURTA,XXXL,BLACK
JNE3839-KR-L,JNE3839,27.0,KURTA,L,RUST
JNE3839-KR-M,JNE3839,27.0,KURTA,M,RUST
JNE3839-KR-S,JNE3839,65.0,KURTA,S,RUST
JNE3839-KR-XL,JNE3839,28.0,KURTA,XL,RUST
JNE3839-KR-XXL,JNE3839,32.0,KURTA,XXL,RUST
JNE3840-KR-L,JNE3840,10.0,KURTA,L,WINE
JNE3840-KR-M,JNE3840,6.0,KURTA,M,WINE
JNE3840-KR-S,JNE3840,9.0,KURTA,S,WINE
JNE3840-KR-XL,JNE3840,10.0,KURTA,XL,WINE
JNE3840-KR-XXL,JNE3840,9.0,KURTA,XXL,WINE
JNE3841-KR-L,JNE3841,3.0,KURTA,L,YELLOW
JNE3841-KR-M,JNE3841,5.0,KURTA,M,YELLOW
JNE3841-KR-S,JNE3841,6.0,KURTA,S,YELLOW
JNE3841-KR-XL,JNE3841,5.0,KURTA,XL,YELLOW
JNE3841-KR-XXL,JNE3841,5.0,KURTA,XXL,YELLOW
JNE3842-KR-L,JNE3842,27.0,KURTA,L,GREEN
JNE3842-KR-M,JNE3842,27.0,KURTA,M,GREEN
JNE3842-KR-S,JNE3842,29.0,KURTA,S,GREEN
JNE3842-KR-XL,JNE3842,25.0,KURTA,XL,GREEN
JNE3842-KR-XXL,JNE3842,28.0,KURTA,XXL,GREEN
JNE3843-KR-L,JNE3843,13.0,KURTA,L,GREEN
JNE3843-KR-M,JNE3843,13.0,KURTA,M,GREEN
JNE3843-KR-S,JNE3843,17.0,KURTA,S,GREEN
JNE3843-KR-XL,JNE3843,10.0,KURTA,XL,GREEN
JNE3843-KR-XXL,JNE3843,9.0,KURTA,XXL,GREEN
JNE3844-KR-L,JNE3844,5.0,KURTA,L,TEAL
JNE3844-KR-M,JNE3844,7.0,KURTA,M,TEAL
JNE3844-KR-S,JNE3844,12.0,KURTA,S,TEAL
JNE3844-KR-XL,JNE3844,10.0,KURTA,XL,TEAL
JNE3844-KR-XXL,JNE3844,7.0,KURTA,XXL,TEAL
JNE3845-KR-L,JNE3845,12.0,KURTA,L,PINK
JNE3845-KR-M,JNE3845,9.0,KURTA,M,PINK
JNE3845-KR-S,JNE3845,13.0,KURTA,S,PINK
JNE3845-KR-XL,JNE3845,14.0,KURTA,XL,PINK
JNE3845-KR-XXL,JNE3845,14.0,KURTA,XXL,PINK
JNE3846-KR-L,JNE3846,9.0,KURTA,L,MAGENTA
JNE3846-KR-M,JNE3846,12.0,KURTA,M,MAGENTA
JNE3846-KR-S,JNE3846,20.0,KURTA,S,MAGENTA
JNE3846-KR-XL,JNE3846,8.0,KURTA,XL,MAGENTA
JNE3846-KR-XXL,JNE3846,5.0,KURTA,XXL,MAGENTA
JNE3847-KR-L,JNE3847,2.0,KURTA,L,TEAL GREEN
JNE3847-KR-M,JNE3847,4.0,KURTA,M,TEAL GREEN
JNE3847-KR-S,JNE3847,6.0,KURTA,S,TEAL GREEN
JNE3847-KR-XL,JNE3847,6.0,KURTA,XL,TEAL GREEN
JNE3847-KR-XXL,JNE3847,5.0,KURTA,XXL,TEAL GREEN
JNE3848-KR-L,JNE3848,6.0,KURTA,L,BLACK
JNE3848-KR-M,JNE3848,9.0,KURTA,M,BLACK
JNE3848-KR-S,JNE3848,9.0,KURTA,S,BLACK
JNE3848-KR-XL,JNE3848,17.0,KURTA,XL,BLACK
JNE3848-KR-XXL,JNE3848,13.0,KURTA,XXL,BLACK
JNE3849-KR-L,JNE3849,3.0,KURTA,L,NAVY BLUE
JNE3849-KR-M,JNE3849,8.0,KURTA,M,NAVY BLUE
JNE3849-KR-S,JNE3849,15.0,KURTA,S,NAVY BLUE
JNE3849-KR-XL,JNE3849,5.0,KURTA,XL,NAVY BLUE
JNE3849-KR-XXL,JNE3849,2.0,KURTA,XXL,NAVY BLUE
JNE3850-KR-L,JNE3850,16.0,KURTA,L,GREEN
JNE3850-KR-M,JNE3850,17.0,KURTA,M,GREEN
JNE3850-KR-S,JNE3850,3.0,KURTA,S,GREEN
JNE3850-KR-XL,JNE3850,1.0,KURTA,XL,GREEN
JNE3850-KR-XXL,JNE3850,6.0,KURTA,XXL,GREEN
JNE3851-KR-L,JNE3851,7.0,KURTA,L,GREEN
JNE3851-KR-M,JNE3851,24.0,KURTA,M,GREEN
JNE3851-KR-S,JNE3851,35.0,KURTA,S,GREEN
JNE3851-KR-XL,JNE3851,6.0,KURTA,XL,GREEN
JNE3851-KR-XXL,JNE3851,3.0,KURTA,XXL,GREEN
JNE3852-KR-L,JNE3852,8.0,KURTA,L,WINE
JNE3852-KR-M,JNE3852,30.0,KURTA,M,WINE
JNE3852-KR-S,JNE3852,27.0,KURTA,S,WINE
JNE3852-KR-XXL,JNE3852,33.0,KURTA,XXL,WINE
JNE3853-KR-L,JNE3853,8.0,KURTA,L,MAGENTA
JNE3853-KR-M,JNE3853,14.0,KURTA,M,MAGENTA
JNE3853-KR-S,JNE3853,30.0,KURTA,S,MAGENTA
JNE3853-KR-XXL,JNE3853,6.0,KURTA,XXL,MAGENTA
JNE3854-KR-L,JNE3854,4.0,KURTA,L,OLIVE GREEN
JNE3854-KR-M,JNE3854,14.0,KURTA,M,OLIVE GREEN
JNE3854-KR-S,JNE3854,9.0,KURTA,S,OLIVE GREEN
JNE3854-KR-XL,JNE3854,16.0,KURTA,XL,OLIVE GREEN
JNE3854-KR-XXL,JNE3854,5.0,KURTA,XXL,OLIVE GREEN
JNE3855-KR-L,JNE3855,5.0,KURTA,L,GREEN
JNE3855-KR-M,JNE3855,12.0,KURTA,M,GREEN
JNE3855-KR-S,JNE3855,12.0,KURTA,S,GREEN
JNE3855-KR-XL,JNE3855,8.0,KURTA,XL,GREEN
JNE3855-KR-XXL,JNE3855,9.0,KURTA,XXL,GREEN
JNE3856-KR-L,JNE3856,27.0,KURTA,L,PINK
JNE3856-KR-M,JNE3856,34.0,KURTA,M,PINK
JNE3856-KR-S,JNE3856,24.0,KURTA,S,PINK
JNE3856-KR-XL,JNE3856,17.0,KURTA,XL,PINK
JNE3856-KR-XS,JNE3856,21.0,KURTA,XS,PINK
JNE3856-KR-XXL,JNE3856,32.0,KURTA,XXL,PINK
JNE3856-KR-XXXL,JNE3856,16.0,KURTA,XXXL,PINK
JNE3857-KR-L,JNE3857,6.0,KURTA,L,MAROON
JNE3857-KR-M,JNE3857,2.0,KURTA,M,MAROON
JNE3857-KR-S,JNE3857,1.0,KURTA,S,MAROON
JNE3857-KR-XL,JNE3857,8.0,KURTA,XL,MAROON
JNE3857-KR-XXL,JNE3857,5.0,KURTA,XXL,MAROON
JNE3858-KR-L,JNE3858,26.0,KURTA,L,OLIVE GREEN
JNE3858-KR-M,JNE3858,2.0,KURTA,M,OLIVE GREEN
JNE3858-KR-S,JNE3858,4.0,KURTA,S,OLIVE GREEN
JNE3858-KR-XL,JNE3858,26.0,KURTA,XL,OLIVE GREEN
JNE3858-KR-XXL,JNE3858,20.0,KURTA,XXL,OLIVE GREEN
JNE3859-KR-L,JNE3859,4.0,KURTA,L,BLUE
JNE3859-KR-M,JNE3859,7.0,KURTA,M,BLUE
JNE3859-KR-S,JNE3859,11.0,KURTA,S,BLUE
JNE3859-KR-XL,JNE3859,5.0,KURTA,XL,BLUE
JNE3859-KR-XXL,JNE3859,6.0,KURTA,XXL,BLUE
JNE3860-DR-L,JNE3860,8.0,DRESS,L,BLUE
JNE3860-DR-M,JNE3860,13.0,DRESS,M,BLUE
JNE3860-DR-S,JNE3860,47.0,DRESS,S,BLUE
JNE3860-DR-XL,JNE3860,6.0,DRESS,XL,BLUE
JNE3860-DR-XS,JNE3860,54.0,DRESS,XS,BLUE
JNE3860-DR-XXL,JNE3860,15.0,DRESS,XXL,BLUE
JNE3860-DR-XXXL,JNE3860,6.0,DRESS,XXXL,BLUE
JNE3861-DR-L,JNE3861,0.0,DRESS,L,RED
JNE3861-DR-M,JNE3861,1.0,DRESS,M,RED
JNE3861-DR-S,JNE3861,12.0,DRESS,S,RED
JNE3861-DR-XL,JNE3861,3.0,DRESS,XL,RED
JNE3861-DR-XS,JNE3861,32.0,DRESS,XS,RED
JNE3861-DR-XXL,JNE3861,10.0,DRESS,XXL,RED
JNE3861-DR-XXXL,JNE3861,4.0,DRESS,XXXL,RED
JNE3862-TU-L,JNE3862,3.0,TUNIC,L,MAROON
JNE3862-TU-M,JNE3862,4.0,TUNIC,M,MAROON
JNE3862-TU-S,JNE3862,12.0,TUNIC,S,MAROON
JNE3862-TU-XL,JNE3862,6.0,TUNIC,XL,MAROON
JNE3862-TU-XS,JNE3862,25.0,TUNIC,XS,MAROON
JNE3862-TU-XXL,JNE3862,5.0,TUNIC,XXL,MAROON
JNE3862-TU-XXXL,JNE3862,3.0,TUNIC,XXXL,MAROON
JNE3863-TU-L,JNE3863,4.0,TUNIC,L,LIGHT BLUE
JNE3863-TU-M,JNE3863,3.0,TUNIC,M,LIGHT BLUE
JNE3863-TU-S,JNE3863,19.0,TUNIC,S,LIGHT BLUE
JNE3863-TU-XL,JNE3863,2.0,TUNIC,XL,LIGHT BLUE
JNE3863-TU-XS,JNE3863,42.0,TUNIC,XS,LIGHT BLUE
JNE3863-TU-XXL,JNE3863,3.0,TUNIC,XXL,LIGHT BLUE
JNE3863-TU-XXXL,JNE3863,1.0,TUNIC,XXXL,LIGHT BLUE
JNE3864-TU-L,JNE3864,6.0,TUNIC,L,BLUE
JNE3864-TU-M,JNE3864,5.0,TUNIC,M,BLUE
JNE3864-TU-S,JNE3864,42.0,TUNIC,S,BLUE
JNE3864-TU-XL,JNE3864,2.0,TUNIC,XL,BLUE
JNE3864-TU-XS,JNE3864,59.0,TUNIC,XS,BLUE
JNE3864-TU-XXL,JNE3864,5.0,TUNIC,XXL,BLUE
JNE3864-TU-XXXL,JNE3864,3.0,TUNIC,XXXL,BLUE
JNE3865-TP-L,JNE3865,3.0,TOP,L,WHITE
JNE3865-TP-M,JNE3865,2.0,TOP,M,WHITE
JNE3865-TP-S,JNE3865,6.0,TOP,S,WHITE
JNE3865-TP-XL,JNE3865,3.0,TOP,XL,WHITE
JNE3865-TP-XS,JNE3865,13.0,TOP,XS,WHITE
JNE3865-TP-XXL,JNE3865,4.0,TOP,XXL,WHITE
JNE3865-TP-XXXL,JNE3865,1.0,TOP,XXXL,WHITE
JNE3866-KR-L,JNE3866,58.0,KURTA,L,BLACK
JNE3866-KR-M,JNE3866,59.0,KURTA,M,BLACK
JNE3866-KR-S,JNE3866,85.0,KURTA,S,BLACK
JNE3866-KR-XL,JNE3866,66.0,KURTA,XL,BLACK
JNE3866-KR-XS,JNE3866,76.0,KURTA,XS,BLACK
JNE3866-KR-XXL,JNE3866,75.0,KURTA,XXL,BLACK
JNE3866-KR-XXXL,JNE3866,64.0,KURTA,XXXL,BLACK
JNE3869-DR-L,JNE3869,6.0,DRESS,L,PINK
JNE3869-DR-M,JNE3869,3.0,DRESS,M,PINK
JNE3869-DR-S,JNE3869,4.0,DRESS,S,PINK
JNE3869-DR-XL,JNE3869,3.0,DRESS,XL,PINK
JNE3869-DR-XS,JNE3869,6.0,DRESS,XS,PINK
JNE3869-DR-XXL,JNE3869,2.0,DRESS,XXL,PINK
JNE3869-DR-XXXL,JNE3869,2.0,DRESS,XXXL,PINK
JNE3870-DR-L,JNE3870,2.0,DRESS,L,ORANGE
JNE3870-DR-M,JNE3870,4.0,DRESS,M,ORANGE
JNE3870-DR-S,JNE3870,3.0,DRESS,S,ORANGE
JNE3870-DR-XL,JNE3870,1.0,DRESS,XL,ORANGE
JNE3870-DR-XS,JNE3870,6.0,DRESS,XS,ORANGE
JNE3870-DR-XXL,JNE3870,2.0,DRESS,XXL,ORANGE
JNE3870-DR-XXXL,JNE3870,5.0,DRESS,XXXL,ORANGE
JNE3871-KR-L,JNE3871,95.0,KURTA,L,YELLOW
JNE3871-KR-M,JNE3871,92.0,KURTA,M,YELLOW
JNE3871-KR-S,JNE3871,103.0,KURTA,S,YELLOW
JNE3871-KR-XL,JNE3871,96.0,KURTA,XL,YELLOW
JNE3871-KR-XS,JNE3871,78.0,KURTA,XS,YELLOW
JNE3871-KR-XXL,JNE3871,97.0,KURTA,XXL,YELLOW
JNE3871-KR-XXXL,JNE3871,76.0,KURTA,XXXL,YELLOW
JNE3872-KR-L,JNE3872,89.0,KURTA,L,NAVY
JNE3872-KR-M,JNE3872,91.0,KURTA,M,NAVY
JNE3872-KR-S,JNE3872,88.0,KURTA,S,NAVY
JNE3872-KR-XL,JNE3872,86.0,KURTA,XL,NAVY
JNE3872-KR-XS,JNE3872,80.0,KURTA,XS,NAVY
JNE3872-KR-XXL,JNE3872,92.0,KURTA,XXL,NAVY
JNE3872-KR-XXXL,JNE3872,74.0,KURTA,XXXL,NAVY
JNE3875-KR-L,JNE3875,90.0,KURTA,L,GREEN
JNE3875-KR-M,JNE3875,84.0,KURTA,M,GREEN
JNE3875-KR-S,JNE3875,89.0,KURTA,S,GREEN
JNE3875-KR-XL,JNE3875,95.0,KURTA,XL,GREEN
JNE3875-KR-XS,JNE3875,66.0,KURTA,XS,GREEN
JNE3875-KR-XXL,JNE3875,95.0,KURTA,XXL,GREEN
JNE3875-KR-XXXL,JNE3875,59.0,KURTA,XXXL,GREEN
JNE3878-KR-L,JNE3878,24.0,KURTA,L,WINE
JNE3878-KR-M,JNE3878,55.0,KURTA,M,WINE
JNE3878-KR-S,JNE3878,59.0,KURTA,S,WINE
JNE3878-KR-XL,JNE3878,16.0,KURTA,XL,WINE
JNE3878-KR-XS,JNE3878,63.0,KURTA,XS,WINE
JNE3878-KR-XXL,JNE3878,27.0,KURTA,XXL,WINE
JNE3878-KR-XXXL,JNE3878,3.0,KURTA,XXXL,WINE
JNE3879-DR-L,JNE3879,16.0,DRESS,L,TURQUOISE
JNE3879-DR-M,JNE3879,20.0,DRESS,M,TURQUOISE
JNE3879-DR-S,JNE3879,45.0,DRESS,S,TURQUOISE
JNE3879-DR-XL,JNE3879,17.0,DRESS,XL,TURQUOISE
JNE3879-DR-XS,JNE3879,46.0,DRESS,XS,TURQUOISE
JNE3879-DR-XXL,JNE3879,12.0,DRESS,XXL,TURQUOISE
JNE3879-DR-XXXL,JNE3879,5.0,DRESS,XXXL,TURQUOISE
JNE3880-DR-L,JNE3880,33.0,DRESS,L,PEACH
JNE3880-DR-M,JNE3880,36.0,DRESS,M,PEACH
JNE3880-DR-S,JNE3880,42.0,DRESS,S,PEACH
JNE3880-DR-XL,JNE3880,32.0,DRESS,XL,PEACH
JNE3880-DR-XS,JNE3880,49.0,DRESS,XS,PEACH
JNE3880-DR-XXL,JNE3880,34.0,DRESS,XXL,PEACH
JNE3880-DR-XXXL,JNE3880,17.0,DRESS,XXXL,PEACH
JNE3881-DR-L,JNE3881,2.0,DRESS,L,BLUE
JNE3881-DR-M,JNE3881,3.0,DRESS,M,BLUE
JNE3881-DR-S,JNE3881,2.0,DRESS,S,BLUE
JNE3881-DR-XL,JNE3881,0.0,DRESS,XL,BLUE
JNE3881-DR-XS,JNE3881,6.0,DRESS,XS,BLUE
JNE3881-DR-XXL,JNE3881,1.0,DRESS,XXL,BLUE
JNE3881-DR-XXXL,JNE3881,1.0,DRESS,XXXL,BLUE
JNE3885-KR-L,JNE3885,52.0,KURTA,L,CREAM
JNE3885-KR-M,JNE3885,61.0,KURTA,M,CREAM
JNE3885-KR-S,JNE3885,71.0,KURTA,S,CREAM
JNE3885-KR-XL,JNE3885,41.0,KURTA,XL,CREAM
JNE3885-KR-XS,JNE3885,56.0,KURTA,XS,CREAM
JNE3885-KR-XXL,JNE3885,60.0,KURTA,XXL,CREAM
JNE3885-KR-XXXL,JNE3885,36.0,KURTA,XXXL,CREAM
JNE3886-KR-L,JNE3886,67.0,KURTA,L,RED
JNE3886-KR-M,JNE3886,68.0,KURTA,M,RED
JNE3886-KR-S,JNE3886,72.0,KURTA,S,RED
JNE3886-KR-XL,JNE3886,72.0,KURTA,XL,RED
JNE3886-KR-XS,JNE3886,60.0,KURTA,XS,RED
JNE3886-KR-XXL,JNE3886,68.0,KURTA,XXL,RED
JNE3886-KR-XXXL,JNE3886,46.0,KURTA,XXXL,RED
JNE3887-KR-L,JNE3887,17.0,KURTA,L,WHITE
JNE3887-KR-M,JNE3887,16.0,KURTA,M,WHITE
JNE3887-KR-S,JNE3887,56.0,KURTA,S,WHITE
JNE3887-KR-XL,JNE3887,30.0,KURTA,XL,WHITE
JNE3887-KR-XS,JNE3887,39.0,KURTA,XS,WHITE
JNE3887-KR-XXL,JNE3887,48.0,KURTA,XXL,WHITE
JNE3887-KR-XXXL,JNE3887,29.0,KURTA,XXXL,WHITE
JNE3888-KR-L,JNE3888,41.0,KURTA,L,MULTICOLOR
JNE3888-KR-M,JNE3888,35.0,KURTA,M,MULTICOLOR
JNE3888-KR-S,JNE3888,48.0,KURTA,S,MULTICOLOR
JNE3888-KR-XL,JNE3888,28.0,KURTA,XL,MULTICOLOR
JNE3888-KR-XS,JNE3888,49.0,KURTA,XS,MULTICOLOR
JNE3888-KR-XXL,JNE3888,39.0,KURTA,XXL,MULTICOLOR
JNE3888-KR-XXXL,JNE3888,30.0,KURTA,XXXL,MULTICOLOR
JNE3889-KR-L,JNE3889,43.0,KURTA,L,GREEN
JNE3889-KR-M,JNE3889,58.0,KURTA,M,GREEN
JNE3889-KR-S,JNE3889,50.0,KURTA,S,GREEN
JNE3889-KR-XL,JNE3889,48.0,KURTA,XL,GREEN
JNE3889-KR-XS,JNE3889,50.0,KURTA,XS,GREEN
JNE3889-KR-XXL,JNE3889,41.0,KURTA,XXL,GREEN
JNE3889-KR-XXXL,JNE3889,54.0,KURTA,XXXL,GREEN
JNE3890-TP-L,JNE3890,51.0,TOP,L,CREAM
JNE3890-TP-M,JNE3890,60.0,TOP,M,CREAM
JNE3890-TP-S,JNE3890,77.0,TOP,S,CREAM
JNE3890-TP-XL,JNE3890,61.0,TOP,XL,CREAM
JNE3890-TP-XS,JNE3890,60.0,TOP,XS,CREAM
JNE3890-TP-XXL,JNE3890,58.0,TOP,XXL,CREAM
JNE3890-TP-XXXL,JNE3890,51.0,TOP,XXXL,CREAM
JNE3891-TP-L,JNE3891,57.0,TOP,L,LIGHT GREEN
JNE3891-TP-M,JNE3891,57.0,TOP,M,LIGHT GREEN
JNE3891-TP-S,JNE3891,68.0,TOP,S,LIGHT GREEN
JNE3891-TP-XL,JNE3891,58.0,TOP,XL,LIGHT GREEN
JNE3891-TP-XS,JNE3891,69.0,TOP,XS,LIGHT GREEN
JNE3891-TP-XXL,JNE3891,66.0,TOP,XXL,LIGHT GREEN
JNE3891-TP-XXXL,JNE3891,64.0,TOP,XXXL,LIGHT GREEN
JNE3892-TP-L,JNE3892,40.0,TOP,L,LIGHT PINK
JNE3892-TP-M,JNE3892,43.0,TOP,M,LIGHT PINK
JNE3892-TP-S,JNE3892,68.0,TOP,S,LIGHT PINK
JNE3892-TP-XL,JNE3892,32.0,TOP,XL,LIGHT PINK
JNE3892-TP-XS,JNE3892,70.0,TOP,XS,LIGHT PINK
JNE3892-TP-XXL,JNE3892,46.0,TOP,XXL,LIGHT PINK
JNE3892-TP-XXXL,JNE3892,42.0,TOP,XXXL,LIGHT PINK
JNE3893-TP-L,JNE3893,62.0,TOP,L,YELLOW
JNE3893-TP-M,JNE3893,56.0,TOP,M,YELLOW
JNE3893-TP-S,JNE3893,74.0,TOP,S,YELLOW
JNE3893-TP-XL,JNE3893,55.0,TOP,XL,YELLOW
JNE3893-TP-XS,JNE3893,68.0,TOP,XS,YELLOW
JNE3893-TP-XXL,JNE3893,58.0,TOP,XXL,YELLOW
JNE3893-TP-XXXL,JNE3893,47.0,TOP,XXXL,YELLOW
JNE3894-TP-L,JNE3894,0.0,TOP,L,BLUE
JNE3894-TP-M,JNE3894,0.0,TOP,M,BLUE
JNE3894-TP-S,JNE3894,37.0,TOP,S,BLUE
JNE3894-TP-XL,JNE3894,0.0,TOP,XL,BLUE
JNE3894-TP-XS,JNE3894,53.0,TOP,XS,BLUE
JNE3894-TP-XXL,JNE3894,0.0,TOP,XXL,BLUE
JNE3894-TP-XXXL,JNE3894,0.0,TOP,XXXL,BLUE
JNE3895-TP-L,JNE3895,60.0,TOP,L,BEIGE
JNE3895-TP-M,JNE3895,41.0,TOP,M,BEIGE
JNE3895-TP-S,JNE3895,67.0,TOP,S,BEIGE
JNE3895-TP-XL,JNE3895,37.0,TOP,XL,BEIGE
JNE3895-TP-XS,JNE3895,61.0,TOP,XS,BEIGE
JNE3895-TP-XXL,JNE3895,61.0,TOP,XXL,BEIGE
JNE3895-TP-XXXL,JNE3895,57.0,TOP,XXXL,BEIGE
JNE3896-KR-L,JNE3896,5.0,KURTA,L,WINE
JNE3896-KR-M,JNE3896,12.0,KURTA,M,WINE
JNE3896-KR-S,JNE3896,14.0,KURTA,S,WINE
JNE3896-KR-XL,JNE3896,12.0,KURTA,XL,WINE
JNE3896-KR-XS,JNE3896,9.0,KURTA,XS,WINE
JNE3896-KR-XXL,JNE3896,14.0,KURTA,XXL,WINE
JNE3896-KR-XXXL,JNE3896,7.0,KURTA,XXXL,WINE
JNE3897-KR-L,JNE3897,17.0,KURTA,L,RUST
JNE3897-KR-M,JNE3897,33.0,KURTA,M,RUST
JNE3897-KR-S,JNE3897,39.0,KURTA,S,RUST
JNE3897-KR-XL,JNE3897,28.0,KURTA,XL,RUST
JNE3897-KR-XS,JNE3897,22.0,KURTA,XS,RUST
JNE3897-KR-XXL,JNE3897,30.0,KURTA,XXL,RUST
JNE3897-KR-XXXL,JNE3897,20.0,KURTA,XXXL,RUST
JNE3898-KR-L,JNE3898,17.0,KURTA,L,SEA GREEN
JNE3898-KR-M,JNE3898,19.0,KURTA,M,SEA GREEN
JNE3898-KR-S,JNE3898,38.0,KURTA,S,SEA GREEN
JNE3898-KR-XL,JNE3898,23.0,KURTA,XL,SEA GREEN
JNE3898-KR-XS,JNE3898,23.0,KURTA,XS,SEA GREEN
JNE3898-KR-XXL,JNE3898,21.0,KURTA,XXL,SEA GREEN
JNE3898-KR-XXXL,JNE3898,24.0,KURTA,XXXL,SEA GREEN
JNE3899-KR-L,JNE3899,12.0,KURTA,L,YELLOW
JNE3899-KR-M,JNE3899,24.0,KURTA,M,YELLOW
JNE3899-KR-S,JNE3899,22.0,KURTA,S,YELLOW
JNE3899-KR-XL,JNE3899,22.0,KURTA,XL,YELLOW
JNE3899-KR-XS,JNE3899,22.0,KURTA,XS,YELLOW
JNE3899-KR-XXL,JNE3899,17.0,KURTA,XXL,YELLOW
JNE3899-KR-XXXL,JNE3899,12.0,KURTA,XXXL,YELLOW
JNE3900-KR-L,JNE3900,28.0,KURTA,L,TEAL
JNE3900-KR-M,JNE3900,21.0,KURTA,M,TEAL
JNE3900-KR-S,JNE3900,28.0,KURTA,S,TEAL
JNE3900-KR-XL,JNE3900,20.0,KURTA,XL,TEAL
JNE3900-KR-XS,JNE3900,22.0,KURTA,XS,TEAL
JNE3900-KR-XXL,JNE3900,23.0,KURTA,XXL,TEAL
JNE3900-KR-XXXL,JNE3900,19.0,KURTA,XXXL,TEAL
JNE3901-KR-L,JNE3901,71.0,KURTI,L,TEAL
JNE3901-KR-M,JNE3901,70.0,KURTI,M,TEAL
JNE3901-KR-S,JNE3901,71.0,KURTI,S,TEAL
JNE3901-KR-XL,JNE3901,72.0,KURTI,XL,TEAL
JNE3901-KR-XS,JNE3901,58.0,KURTI,XS,TEAL
JNE3901-KR-XXL,JNE3901,70.0,KURTI,XXL,TEAL
JNE3901-KR-XXXL,JNE3901,58.0,KURTI,XXXL,TEAL
JNE3902-KR-L,JNE3902,15.0,KURTA,L,PINK
JNE3902-KR-M,JNE3902,17.0,KURTA,M,PINK
JNE3902-KR-S,JNE3902,15.0,KURTA,S,PINK
JNE3902-KR-XL,JNE3902,19.0,KURTA,XL,PINK
JNE3902-KR-XS,JNE3902,26.0,KURTA,XS,PINK
JNE3902-KR-XXL,JNE3902,11.0,KURTA,XXL,PINK
JNE3902-KR-XXXL,JNE3902,15.0,KURTA,XXXL,PINK
JNE3903-KR-L,JNE3903,39.0,KURTI,L,BROWN
JNE3903-KR-M,JNE3903,40.0,KURTI,M,BROWN
JNE3903-KR-S,JNE3903,41.0,KURTI,S,BROWN
JNE3903-KR-XL,JNE3903,33.0,KURTI,XL,BROWN
JNE3903-KR-XS,JNE3903,35.0,KURTI,XS,BROWN
JNE3903-KR-XXL,JNE3903,32.0,KURTI,XXL,BROWN
JNE3903-KR-XXXL,JNE3903,30.0,KURTI,XXXL,BROWN
JNE3904-DR-L,JNE3904,10.0,DRESS,L,LIGHT PINK
JNE3904-DR-M,JNE3904,7.0,DRESS,M,LIGHT PINK
JNE3904-DR-S,JNE3904,12.0,DRESS,S,LIGHT PINK
JNE3904-DR-XL,JNE3904,5.0,DRESS,XL,LIGHT PINK
JNE3904-DR-XS,JNE3904,29.0,DRESS,XS,LIGHT PINK
JNE3904-DR-XXL,JNE3904,12.0,DRESS,XXL,LIGHT PINK
JNE3904-DR-XXXL,JNE3904,11.0,DRESS,XXXL,LIGHT PINK
JNE3905-DR-L,JNE3905,4.0,DRESS,L,OFF WHITE
JNE3905-DR-M,JNE3905,4.0,DRESS,M,OFF WHITE
JNE3905-DR-S,JNE3905,5.0,DRESS,S,OFF WHITE
JNE3905-DR-XL,JNE3905,3.0,DRESS,XL,OFF WHITE
JNE3905-DR-XS,JNE3905,12.0,DRESS,XS,OFF WHITE
JNE3905-DR-XXL,JNE3905,2.0,DRESS,XXL,OFF WHITE
JNE3905-DR-XXXL,JNE3905,4.0,DRESS,XXXL,OFF WHITE
JNE3906-KR-L,JNE3906,66.0,KURTI,L,NAVY BLUE
JNE3906-KR-M,JNE3906,68.0,KURTI,M,NAVY BLUE
JNE3906-KR-S,JNE3906,72.0,KURTI,S,NAVY BLUE
JNE3906-KR-XL,JNE3906,71.0,KURTI,XL,NAVY BLUE
JNE3906-KR-XS,JNE3906,58.0,KURTI,XS,NAVY BLUE
JNE3906-KR-XXL,JNE3906,70.0,KURTI,XXL,NAVY BLUE
JNE3906-KR-XXXL,JNE3906,56.0,KURTI,XXXL,NAVY BLUE
JNE3907-KR-L,JNE3907,69.0,KURTA,L,NAVY BLUE
JNE3907-KR-M,JNE3907,69.0,KURTA,M,NAVY BLUE
JNE3907-KR-S,JNE3907,67.0,KURTA,S,NAVY BLUE
JNE3907-KR-XL,JNE3907,71.0,KURTA,XL,NAVY BLUE
JNE3907-KR-XS,JNE3907,57.0,KURTA,XS,NAVY BLUE
JNE3907-KR-XXL,JNE3907,70.0,KURTA,XXL,NAVY BLUE
JNE3907-KR-XXXL,JNE3907,56.0,KURTA,XXXL,NAVY BLUE
JNE3908-KR-L,JNE3908,54.0,KURTA,L,NAVY BLUE
JNE3908-KR-M,JNE3908,64.0,KURTA,M,NAVY BLUE
JNE3908-KR-S,JNE3908,67.0,KURTA,S,NAVY BLUE
JNE3908-KR-XL,JNE3908,47.0,KURTA,XL,NAVY BLUE
JNE3908-KR-XS,JNE3908,38.0,KURTA,XS,NAVY BLUE
JNE3908-KR-XXL,JNE3908,69.0,KURTA,XXL,NAVY BLUE
JNE3908-KR-XXXL,JNE3908,41.0,KURTA,XXXL,NAVY BLUE
JNE3909-KR-L,JNE3909,66.0,KURTA,L,DARK BLUE
JNE3909-KR-M,JNE3909,62.0,KURTA,M,DARK BLUE
JNE3909-KR-S,JNE3909,63.0,KURTA,S,DARK BLUE
JNE3909-KR-XL,JNE3909,61.0,KURTA,XL,DARK BLUE
JNE3909-KR-XS,JNE3909,58.0,KURTA,XS,DARK BLUE
JNE3909-KR-XXL,JNE3909,69.0,KURTA,XXL,DARK BLUE
JNE3909-KR-XXXL,JNE3909,57.0,KURTA,XXXL,DARK BLUE
JNE3910-KR-L,JNE3910,59.0,KURTA,L,NAVY BLUE
JNE3910-KR-M,JNE3910,66.0,KURTA,M,NAVY BLUE
JNE3910-KR-S,JNE3910,52.0,KURTA,S,NAVY BLUE
JNE3910-KR-XL,JNE3910,68.0,KURTA,XL,NAVY BLUE
JNE3910-KR-XS,JNE3910,51.0,KURTA,XS,NAVY BLUE
JNE3910-KR-XXL,JNE3910,70.0,KURTA,XXL,NAVY BLUE
JNE3910-KR-XXXL,JNE3910,55.0,KURTA,XXXL,NAVY BLUE
JNE3924-TU-L,JNE3924,32.0,TOP,L,MINT
JNE3924-TU-M,JNE3924,35.0,TOP,M,MINT
JNE3924-TU-S,JNE3924,41.0,TOP,S,MINT
JNE3924-TU-XL,JNE3924,32.0,TOP,XL,MINT
JNE3924-TU-XS,JNE3924,34.0,TOP,XS,MINT
JNE3924-TU-XXL,JNE3924,34.0,TOP,XXL,MINT
JNE3924-TU-XXXL,JNE3924,27.0,TOP,XXXL,MINT
JNE3925-TU-L,JNE3925,47.0,TOP,L,PINK
JNE3925-TU-M,JNE3925,46.0,TOP,M,PINK
JNE3925-TU-S,JNE3925,54.0,TOP,S,PINK
JNE3925-TU-XL,JNE3925,49.0,TOP,XL,PINK
JNE3925-TU-XS,JNE3925,41.0,TOP,XS,PINK
JNE3925-TU-XXL,JNE3925,48.0,TOP,XXL,PINK
JNE3925-TU-XXXL,JNE3925,35.0,TOP,XXXL,PINK
JNE3926-KR-L,JNE3926,58.0,KURTA,L,BEIGE
JNE3926-KR-M,JNE3926,61.0,KURTA,M,BEIGE
JNE3926-KR-S,JNE3926,49.0,KURTA,S,BEIGE
JNE3926-KR-XL,JNE3926,51.0,KURTA,XL,BEIGE
JNE3926-KR-XS,JNE3926,43.0,KURTA,XS,BEIGE
JNE3926-KR-XXL,JNE3926,51.0,KURTA,XXL,BEIGE
JNE3926-KR-XXXL,JNE3926,42.0,KURTA,XXXL,BEIGE
JNE3927-KR-L,JNE3927,60.0,KURTI,L,PINK
JNE3927-KR-M,JNE3927,65.0,KURTI,M,PINK
JNE3927-KR-S,JNE3927,68.0,KURTI,S,PINK
JNE3927-KR-XL,JNE3927,62.0,KURTI,XL,PINK
JNE3927-KR-XS,JNE3927,52.0,KURTI,XS,PINK
JNE3927-KR-XXL,JNE3927,67.0,KURTI,XXL,PINK
JNE3927-KR-XXXL,JNE3927,50.0,KURTI,XXXL,PINK
JNE3928-KR-L,JNE3928,3.0,KURTA,L,OFF WHITE
JNE3928-KR-M,JNE3928,4.0,KURTA,M,OFF WHITE
JNE3928-KR-S,JNE3928,4.0,KURTA,S,OFF WHITE
JNE3928-KR-XL,JNE3928,5.0,KURTA,XL,OFF WHITE
JNE3928-KR-XS,JNE3928,4.0,KURTA,XS,OFF WHITE
JNE3928-KR-XXL,JNE3928,5.0,KURTA,XXL,OFF WHITE
JNE3928-KR-XXXL,JNE3928,3.0,KURTA,XXXL,OFF WHITE
AN208-MUSTARD-L,LEGG-AN208-MUSTARD,18.0,AN : LEGGINGS,L,MUSTARD
AN208-MUSTARD-M,LEGG-AN208-MUSTARD,5.0,AN : LEGGINGS,M,MUSTARD
AN208-MUSTARD-S,LEGG-AN208-MUSTARD,23.0,AN : LEGGINGS,S,MUSTARD
AN208-MUSTARD-XL,LEGG-AN208-MUSTARD,21.0,AN : LEGGINGS,XL,MUSTARD
AN208-MUSTARD-XXL,LEGG-AN208-MUSTARD,17.0,AN : LEGGINGS,XXL,MUSTARD
MEN5001-KR-L,MEN5001,42.0,KURTA,L,BLUE
MEN5001-KR-M,MEN5001,38.0,KURTA,M,BLUE
MEN5001-KR-S,MEN5001,11.0,KURTA,S,BLUE
MEN5001-KR-XL,MEN5001,37.0,KURTA,XL,BLUE
MEN5001-KR-XXL,MEN5001,4.0,KURTA,XXL,BLUE
MEN5001-KR-XXXL,MEN5001,1.0,KURTA,XXXL,BLUE
MEN5002-KR-L,MEN5002,12.0,KURTA,L,BLUE
MEN5002-KR-M,MEN5002,19.0,KURTA,M,BLUE
MEN5002-KR-S,MEN5002,6.0,KURTA,S,BLUE
MEN5002-KR-XL,MEN5002,12.0,KURTA,XL,BLUE
MEN5002-KR-XXL,MEN5002,4.0,KURTA,XXL,BLUE
MEN5002-KR-XXXL,MEN5002,5.0,KURTA,XXXL,BLUE
MEN5003-KR-L,MEN5003,21.0,KURTA,L,BLACK
MEN5003-KR-M,MEN5003,31.0,KURTA,M,BLACK
MEN5003-KR-S,MEN5003,18.0,KURTA,S,BLACK
MEN5003-KR-XL,MEN5003,17.0,KURTA,XL,BLACK
MEN5003-KR-XXL,MEN5003,4.0,KURTA,XXL,BLACK
MEN5003-KR-XXXL,MEN5003,11.0,KURTA,XXXL,BLACK
MEN5004-KR-L,MEN5004,5.0,KURTA,L,BLUE
MEN5004-KR-M,MEN5004,3.0,KURTA,M,BLUE
MEN5004-KR-S,MEN5004,9.0,KURTA,S,BLUE
MEN5004-KR-XL,MEN5004,11.0,KURTA,XL,BLUE
MEN5004-KR-XXL,MEN5004,3.0,KURTA,XXL,BLUE
MEN5004-KR-XXXL,MEN5004,2.0,KURTA,XXXL,BLUE
MEN5005-KR-L,MEN5005,4.0,KURTA,L,MULTICOLOR
MEN5005-KR-M,MEN5005,3.0,KURTA,M,MULTICOLOR
MEN5005-KR-S,MEN5005,2.0,KURTA,S,MULTICOLOR
MEN5005-KR-XL,MEN5005,2.0,KURTA,XL,MULTICOLOR
MEN5005-KR-XXL,MEN5005,6.0,KURTA,XXL,MULTICOLOR
MEN5005-KR-XXXL,MEN5005,7.0,KURTA,XXXL,MULTICOLOR
MEN5006-KR-L,MEN5006,20.0,KURTA,L,BROWN
MEN5006-KR-M,MEN5006,25.0,KURTA,M,BROWN
MEN5006-KR-S,MEN5006,26.0,KURTA,S,BROWN
MEN5006-KR-XL,MEN5006,16.0,KURTA,XL,BROWN
MEN5006-KR-XXL,MEN5006,26.0,KURTA,XXL,BROWN
MEN5006-KR-XXXL,MEN5006,2.0,KURTA,XXXL,BROWN
MEN5007-KR-L,MEN5007,30.0,KURTA,L,BLUE
MEN5007-KR-M,MEN5007,31.0,KURTA,M,BLUE
MEN5007-KR-S,MEN5007,4.0,KURTA,S,BLUE
MEN5007-KR-XL,MEN5007,30.0,KURTA,XL,BLUE
MEN5007-KR-XXL,MEN5007,24.0,KURTA,XXL,BLUE
MEN5007-KR-XXXL,MEN5007,3.0,KURTA,XXXL,BLUE
MEN5008-KR-L,MEN5008,11.0,KURTA,L,BLUE
MEN5008-KR-M,MEN5008,3.0,KURTA,M,BLUE
MEN5008-KR-S,MEN5008,5.0,KURTA,S,BLUE
MEN5008-KR-XL,MEN5008,32.0,KURTA,XL,BLUE
MEN5008-KR-XXL,MEN5008,5.0,KURTA,XXL,BLUE
MEN5008-KR-XXXL,MEN5008,2.0,KURTA,XXXL,BLUE
MEN5009-KR-L,MEN5009,12.0,KURTA,L,MAROON
MEN5009-KR-M,MEN5009,16.0,KURTA,M,MAROON
MEN5009-KR-S,MEN5009,2.0,KURTA,S,MAROON
MEN5009-KR-XL,MEN5009,8.0,KURTA,XL,MAROON
MEN5009-KR-XXL,MEN5009,5.0,KURTA,XXL,MAROON
MEN5009-KR-XXXL,MEN5009,3.0,KURTA,XXXL,MAROON
MEN5010-KR-L,MEN5010,2.0,KURTA,L,BLUE
MEN5010-KR-M,MEN5010,9.0,KURTA,M,BLUE
MEN5010-KR-S,MEN5010,8.0,KURTA,S,BLUE
MEN5010-KR-XL,MEN5010,3.0,KURTA,XL,BLUE
MEN5010-KR-XXL,MEN5010,5.0,KURTA,XXL,BLUE
MEN5010-KR-XXXL,MEN5010,4.0,KURTA,XXXL,BLUE
MEN5011-KR-L,MEN5011,7.0,KURTA,L,BLUE
MEN5011-KR-M,MEN5011,9.0,KURTA,M,BLUE
MEN5011-KR-S,MEN5011,4.0,KURTA,S,BLUE
MEN5011-KR-XL,MEN5011,9.0,KURTA,XL,BLUE
MEN5011-KR-XXL,MEN5011,4.0,KURTA,XXL,BLUE
MEN5011-KR-XXXL,MEN5011,3.0,KURTA,XXXL,BLUE
MEN5012-KR-L,MEN5012,58.0,KURTA,L,BLUE
MEN5012-KR-M,MEN5012,62.0,KURTA,M,BLUE
MEN5012-KR-S,MEN5012,21.0,KURTA,S,BLUE
MEN5012-KR-XL,MEN5012,40.0,KURTA,XL,BLUE
MEN5012-KR-XXL,MEN5012,2.0,KURTA,XXL,BLUE
MEN5012-KR-XXXL,MEN5012,3.0,KURTA,XXXL,BLUE
MEN5013-KR-L,MEN5013,7.0,KURTA,L,MAROON
MEN5013-KR-M,MEN5013,5.0,KURTA,M,MAROON
MEN5013-KR-S,MEN5013,5.0,KURTA,S,MAROON
MEN5013-KR-XL,MEN5013,11.0,KURTA,XL,MAROON
MEN5013-KR-XXL,MEN5013,6.0,KURTA,XXL,MAROON
MEN5013-KR-XXXL,MEN5013,2.0,KURTA,XXXL,MAROON
MEN5014-KR-L,MEN5014,26.0,KURTA,L,ORANGE
MEN5014-KR-M,MEN5014,34.0,KURTA,M,ORANGE
MEN5014-KR-S,MEN5014,28.0,KURTA,S,ORANGE
MEN5014-KR-XL,MEN5014,14.0,KURTA,XL,ORANGE
MEN5014-KR-XXL,MEN5014,8.0,KURTA,XXL,ORANGE
MEN5014-KR-XXXL,MEN5014,8.0,KURTA,XXXL,ORANGE
MEN5015-KR-L,MEN5015,11.0,KURTA,L,PINK
MEN5015-KR-M,MEN5015,26.0,KURTA,M,PINK
MEN5015-KR-S,MEN5015,34.0,KURTA,S,PINK
MEN5015-KR-XL,MEN5015,16.0,KURTA,XL,PINK
MEN5015-KR-XXL,MEN5015,4.0,KURTA,XXL,PINK
MEN5015-KR-XXXL,MEN5015,1.0,KURTA,XXXL,PINK
MEN5016-KR-L,MEN5016,1.0,KURTA,L,TEAL
MEN5016-KR-M,MEN5016,4.0,KURTA,M,TEAL
MEN5016-KR-S,MEN5016,7.0,KURTA,S,TEAL
MEN5016-KR-XL,MEN5016,2.0,KURTA,XL,TEAL
MEN5016-KR-XXL,MEN5016,3.0,KURTA,XXL,TEAL
MEN5016-KR-XXXL,MEN5016,7.0,KURTA,XXXL,TEAL
MEN5017-KR-L,MEN5017,2.0,KURTA,L,BLACK
MEN5017-KR-M,MEN5017,4.0,KURTA,M,BLACK
MEN5017-KR-S,MEN5017,11.0,KURTA,S,BLACK
MEN5017-KR-XL,MEN5017,4.0,KURTA,XL,BLACK
MEN5017-KR-XXL,MEN5017,2.0,KURTA,XXL,BLACK
MEN5017-KR-XXXL,MEN5017,3.0,KURTA,XXXL,BLACK
MEN5018-KR-L,MEN5018,12.0,KURTA,L,BLUE
MEN5018-KR-M,MEN5018,33.0,KURTA,M,BLUE
MEN5018-KR-S,MEN5018,23.0,KURTA,S,BLUE
MEN5018-KR-XL,MEN5018,23.0,KURTA,XL,BLUE
MEN5018-KR-XXL,MEN5018,32.0,KURTA,XXL,BLUE
MEN5018-KR-XXXL,MEN5018,35.0,KURTA,XXXL,BLUE
MEN5019-KR-L,MEN5019,23.0,KURTA,L,NAVY BLUE
MEN5019-KR-M,MEN5019,11.0,KURTA,M,NAVY BLUE
MEN5019-KR-S,MEN5019,6.0,KURTA,S,NAVY BLUE
MEN5019-KR-XL,MEN5019,5.0,KURTA,XL,NAVY BLUE
MEN5019-KR-XXL,MEN5019,3.0,KURTA,XXL,NAVY BLUE
MEN5019-KR-XXXL,MEN5019,3.0,KURTA,XXXL,NAVY BLUE
MEN5020-KR-L,MEN5020,3.0,KURTA,L,BROWN
MEN5020-KR-M,MEN5020,2.0,KURTA,M,BROWN
MEN5020-KR-S,MEN5020,6.0,KURTA,S,BROWN
MEN5020-KR-XL,MEN5020,2.0,KURTA,XL,BROWN
MEN5020-KR-XXL,MEN5020,2.0,KURTA,XXL,BROWN
MEN5020-KR-XXXL,MEN5020,4.0,KURTA,XXXL,BROWN
MEN5021-KR-L,MEN5021,7.0,KURTA,L,ORANGE
MEN5021-KR-M,MEN5021,7.0,KURTA,M,ORANGE
MEN5021-KR-S,MEN5021,8.0,KURTA,S,ORANGE
MEN5021-KR-XL,MEN5021,6.0,KURTA,XL,ORANGE
MEN5021-KR-XXL,MEN5021,7.0,KURTA,XXL,ORANGE
MEN5021-KR-XXXL,MEN5021,8.0,KURTA,XXXL,ORANGE
MEN5022-KR-L,MEN5022,4.0,KURTA,L,GREEN
MEN5022-KR-M,MEN5022,2.0,KURTA,M,GREEN
MEN5022-KR-S,MEN5022,12.0,KURTA,S,GREEN
MEN5022-KR-XL,MEN5022,2.0,KURTA,XL,GREEN
MEN5022-KR-XXL,MEN5022,27.0,KURTA,XXL,GREEN
MEN5022-KR-XXXL,MEN5022,6.0,KURTA,XXXL,GREEN
MEN5023-KR-L,MEN5023,2.0,KURTA,L,BLUE
MEN5023-KR-M,MEN5023,5.0,KURTA,M,BLUE
MEN5023-KR-S,MEN5023,8.0,KURTA,S,BLUE
MEN5023-KR-XL,MEN5023,11.0,KURTA,XL,BLUE
MEN5023-KR-XXL,MEN5023,3.0,KURTA,XXL,BLUE
MEN5023-KR-XXXL,MEN5023,6.0,KURTA,XXXL,BLUE
MEN5024-KR-L,MEN5024,11.0,KURTA,L,BLUE
MEN5024-KR-M,MEN5024,8.0,KURTA,M,BLUE
MEN5024-KR-S,MEN5024,10.0,KURTA,S,BLUE
MEN5024-KR-XL,MEN5024,25.0,KURTA,XL,BLUE
MEN5024-KR-XXL,MEN5024,31.0,KURTA,XXL,BLUE
MEN5024-KR-XXXL,MEN5024,8.0,KURTA,XXXL,BLUE
MEN5025-KR-L,MEN5025,4.0,KURTA,L,BLUE
MEN5025-KR-M,MEN5025,3.0,KURTA,M,BLUE
MEN5025-KR-S,MEN5025,10.0,KURTA,S,BLUE
MEN5025-KR-XL,MEN5025,4.0,KURTA,XL,BLUE
MEN5025-KR-XXL,MEN5025,4.0,KURTA,XXL,BLUE
MEN5025-KR-XXXL,MEN5025,4.0,KURTA,XXXL,BLUE
MEN5026-KR-L,MEN5026,5.0,KURTA,L,BLUE
MEN5026-KR-M,MEN5026,3.0,KURTA,M,BLUE
MEN5026-KR-S,MEN5026,9.0,KURTA,S,BLUE
MEN5026-KR-XL,MEN5026,7.0,KURTA,XL,BLUE
MEN5026-KR-XXL,MEN5026,12.0,KURTA,XXL,BLUE
MEN5026-KR-XXXL,MEN5026,8.0,KURTA,XXXL,BLUE
MEN5027-KR-L,MEN5027,18.0,KURTA,L,RED
MEN5027-KR-M,MEN5027,27.0,KURTA,M,RED
MEN5027-KR-S,MEN5027,3.0,KURTA,S,RED
MEN5027-KR-XL,MEN5027,25.0,KURTA,XL,RED
MEN5027-KR-XXL,MEN5027,12.0,KURTA,XXL,RED
MEN5027-KR-XXXL,MEN5027,2.0,KURTA,XXXL,RED
MEN5028-KR-L,MEN5028,19.0,KURTA,L,BROWN
MEN5028-KR-M,MEN5028,7.0,KURTA,M,BROWN
MEN5028-KR-S,MEN5028,15.0,KURTA,S,BROWN
MEN5028-KR-XL,MEN5028,9.0,KURTA,XL,BROWN
MEN5028-KR-XXL,MEN5028,15.0,KURTA,XXL,BROWN
MEN5028-KR-XXXL,MEN5028,4.0,KURTA,XXXL,BROWN
MEN5029-KR-L,MEN5029,24.0,KURTA,L,BLUE
MEN5029-KR-M,MEN5029,32.0,KURTA,M,BLUE
MEN5029-KR-S,MEN5029,9.0,KURTA,S,BLUE
MEN5029-KR-XL,MEN5029,19.0,KURTA,XL,BLUE
MEN5029-KR-XXL,MEN5029,16.0,KURTA,XXL,BLUE
MEN5029-KR-XXXL,MEN5029,5.0,KURTA,XXXL,BLUE
MEN5030-KR-L,MEN5030,3.0,KURTA,L,OLIVE
MEN5030-KR-M,MEN5030,6.0,KURTA,M,OLIVE
MEN5030-KR-S,MEN5030,30.0,KURTA,S,OLIVE
MEN5030-KR-XL,MEN5030,2.0,KURTA,XL,OLIVE
MEN5030-KR-XXL,MEN5030,3.0,KURTA,XXL,OLIVE
MEN5030-KR-XXXL,MEN5030,4.0,KURTA,XXXL,OLIVE
MEN5031-KR-L,MEN5031,39.0,KURTA,L,MAROON
MEN5031-KR-M,MEN5031,21.0,KURTA,M,MAROON
MEN5031-KR-S,MEN5031,14.0,KURTA,S,MAROON
MEN5031-KR-XL,MEN5031,21.0,KURTA,XL,MAROON
MEN5031-KR-XXL,MEN5031,28.0,KURTA,XXL,MAROON
MEN5031-KR-XXXL,MEN5031,10.0,KURTA,XXXL,MAROON
MEN5032-KR-L,MEN5032,4.0,KURTA,L,BLUE
MEN5032-KR-M,MEN5032,3.0,KURTA,M,BLUE
MEN5032-KR-S,MEN5032,8.0,KURTA,S,BLUE
MEN5032-KR-XL,MEN5032,2.0,KURTA,XL,BLUE
MEN5032-KR-XXL,MEN5032,15.0,KURTA,XXL,BLUE
MEN5032-KR-XXXL,MEN5032,2.0,KURTA,XXXL,BLUE
NW001-TP-PJ-L,NW001,4.0,NIGHT WEAR,L,LIGHT PINK
NW001-TP-PJ-M,NW001,6.0,NIGHT WEAR,M,LIGHT PINK
NW001-TP-PJ-S,NW001,26.0,NIGHT WEAR,S,LIGHT PINK
NW001-TP-PJ-XL,NW001,3.0,NIGHT WEAR,XL,LIGHT PINK
NW001-TP-PJ-XS,NW001,42.0,NIGHT WEAR,XS,LIGHT PINK
NW001-TP-PJ-XXL,NW001,9.0,NIGHT WEAR,XXL,LIGHT PINK
NW001-TP-PJ-XXXL,NW001,7.0,NIGHT WEAR,XXXL,LIGHT PINK
NW002-TP-PJ-L,NW002,36.0,NIGHT WEAR,L,TURQUOISE BLUE
NW002-TP-PJ-M,NW002,25.0,NIGHT WEAR,M,TURQUOISE BLUE
NW002-TP-PJ-S,NW002,39.0,NIGHT WEAR,S,TURQUOISE BLUE
NW002-TP-PJ-XL,NW002,29.0,NIGHT WEAR,XL,TURQUOISE BLUE
NW002-TP-PJ-XS,NW002,19.0,NIGHT WEAR,XS,TURQUOISE BLUE
NW002-TP-PJ-XXL,NW002,26.0,NIGHT WEAR,XXL,TURQUOISE BLUE
NW002-TP-PJ-XXXL,NW002,53.0,NIGHT WEAR,XXXL,TURQUOISE BLUE
NW003-TP-PJ-L,NW003,6.0,NIGHT WEAR,L,MAROON
NW003-TP-PJ-M,NW003,15.0,NIGHT WEAR,M,MAROON
NW003-TP-PJ-S,NW003,8.0,NIGHT WEAR,S,MAROON
NW003-TP-PJ-XL,NW003,12.0,NIGHT WEAR,XL,MAROON
NW003-TP-PJ-XS,NW003,14.0,NIGHT WEAR,XS,MAROON
NW003-TP-PJ-XXL,NW003,26.0,NIGHT WEAR,XXL,MAROON
NW003-TP-PJ-XXXL,NW003,25.0,NIGHT WEAR,XXXL,MAROON
NW004-TP-PJ-L,NW004,40.0,NIGHT WEAR,L,NAVY BLUE
NW004-TP-PJ-M,NW004,61.0,NIGHT WEAR,M,NAVY BLUE
NW004-TP-PJ-S,NW004,56.0,NIGHT WEAR,S,NAVY BLUE
NW004-TP-PJ-XL,NW004,50.0,NIGHT WEAR,XL,NAVY BLUE
NW004-TP-PJ-XS,NW004,72.0,NIGHT WEAR,XS,NAVY BLUE
NW004-TP-PJ-XXL,NW004,41.0,NIGHT WEAR,XXL,NAVY BLUE
NW004-TP-PJ-XXXL,NW004,12.0,NIGHT WEAR,XXXL,NAVY BLUE
NW005-ST-PJ-L,NW005,3.0,NIGHT WEAR,L,WHITE
NW005-ST-PJ-M,NW005,6.0,NIGHT WEAR,M,WHITE
NW005-ST-PJ-S,NW005,31.0,NIGHT WEAR,S,WHITE
NW005-ST-PJ-XL,NW005,11.0,NIGHT WEAR,XL,WHITE
NW005-ST-PJ-XS,NW005,5.0,NIGHT WEAR,XS,WHITE
NW005-ST-PJ-XXL,NW005,9.0,NIGHT WEAR,XXL,WHITE
NW005-ST-PJ-XXXL,NW005,10.0,NIGHT WEAR,XXXL,WHITE
NW006-ST-SR-L,NW006,35.0,NIGHT WEAR,L,BEIGE
NW006-ST-SR-M,NW006,27.0,NIGHT WEAR,M,BEIGE
NW006-ST-SR-S,NW006,13.0,NIGHT WEAR,S,BEIGE
NW006-ST-SR-XL,NW006,31.0,NIGHT WEAR,XL,BEIGE
NW006-ST-SR-XS,NW006,28.0,NIGHT WEAR,XS,BEIGE
NW006-ST-SR-XXL,NW006,26.0,NIGHT WEAR,XXL,BEIGE
NW006-ST-SR-XXXL,NW006,7.0,NIGHT WEAR,XXXL,BEIGE
NW007-ST-CP-L,NW007,23.0,NIGHT WEAR,L,WHITE
NW007-ST-CP-M,NW007,32.0,NIGHT WEAR,M,WHITE
NW007-ST-CP-S,NW007,37.0,NIGHT WEAR,S,WHITE
NW007-ST-CP-XL,NW007,26.0,NIGHT WEAR,XL,WHITE
NW007-ST-CP-XS,NW007,24.0,NIGHT WEAR,XS,WHITE
NW007-ST-CP-XXL,NW007,18.0,NIGHT WEAR,XXL,WHITE
NW007-ST-CP-XXXL,NW007,8.0,NIGHT WEAR,XXXL,WHITE
NW008-ST-CP-L,NW008,28.0,NIGHT WEAR,L,OFF WHITE
NW008-ST-CP-M,NW008,51.0,NIGHT WEAR,M,OFF WHITE
NW008-ST-CP-S,NW008,41.0,NIGHT WEAR,S,OFF WHITE
NW008-ST-CP-XL,NW008,58.0,NIGHT WEAR,XL,OFF WHITE
NW008-ST-CP-XS,NW008,26.0,NIGHT WEAR,XS,OFF WHITE
NW008-ST-CP-XXL,NW008,43.0,NIGHT WEAR,XXL,OFF WHITE
NW008-ST-CP-XXXL,NW008,29.0,NIGHT WEAR,XXXL,OFF WHITE
NW009-ST-CP-L,NW009,11.0,NIGHT WEAR,L,TURQUOISE
NW009-ST-CP-M,NW009,7.0,NIGHT WEAR,M,TURQUOISE
NW009-ST-CP-S,NW009,18.0,NIGHT WEAR,S,TURQUOISE
NW009-ST-CP-XL,NW009,12.0,NIGHT WEAR,XL,TURQUOISE
NW009-ST-CP-XS,NW009,16.0,NIGHT WEAR,XS,TURQUOISE
NW009-ST-CP-XXL,NW009,5.0,NIGHT WEAR,XXL,TURQUOISE
NW009-ST-CP-XXXL,NW009,2.0,NIGHT WEAR,XXXL,TURQUOISE
NW012-TP-PJ-L,NW012,2.0,NIGHT WEAR,L,GREEN
NW012-TP-PJ-M,NW012,5.0,NIGHT WEAR,M,GREEN
NW012-TP-PJ-S,NW012,3.0,NIGHT WEAR,S,GREEN
NW012-TP-PJ-XL,NW012,4.0,NIGHT WEAR,XL,GREEN
NW012-TP-PJ-XS,NW012,9.0,NIGHT WEAR,XS,GREEN
NW012-TP-PJ-XXL,NW012,4.0,NIGHT WEAR,XXL,GREEN
NW012-TP-PJ-XXXL,NW012,2.0,NIGHT WEAR,XXXL,GREEN
NW013-ST-SR-L,NW013,11.0,NIGHT WEAR,L,TURQUOISE
NW013-ST-SR-M,NW013,12.0,NIGHT WEAR,M,TURQUOISE
NW013-ST-SR-S,NW013,13.0,NIGHT WEAR,S,TURQUOISE
NW013-ST-SR-XL,NW013,33.0,NIGHT WEAR,XL,TURQUOISE
NW013-ST-SR-XS,NW013,6.0,NIGHT WEAR,XS,TURQUOISE
NW013-ST-SR-XXL,NW013,18.0,NIGHT WEAR,XXL,TURQUOISE
NW013-ST-SR-XXXL,NW013,2.0,NIGHT WEAR,XXXL,TURQUOISE
NW014-ST-SR-L,NW014,8.0,NIGHT WEAR,L,BLUE
NW014-ST-SR-M,NW014,44.0,NIGHT WEAR,M,BLUE
NW014-ST-SR-S,NW014,9.0,NIGHT WEAR,S,BLUE
NW014-ST-SR-XL,NW014,22.0,NIGHT WEAR,XL,BLUE
NW014-ST-SR-XS,NW014,25.0,NIGHT WEAR,XS,BLUE
NW014-ST-SR-XXL,NW014,26.0,NIGHT WEAR,XXL,BLUE
NW014-ST-SR-XXXL,NW014,23.0,NIGHT WEAR,XXXL,BLUE
NW015-TP-PJ-L,NW015,2.0,NIGHT WEAR,L,GREY
NW015-TP-PJ-M,NW015,3.0,NIGHT WEAR,M,GREY
NW015-TP-PJ-S,NW015,20.0,NIGHT WEAR,S,GREY
NW015-TP-PJ-XL,NW015,2.0,NIGHT WEAR,XL,GREY
NW015-TP-PJ-XS,NW015,42.0,NIGHT WEAR,XS,GREY
NW015-TP-PJ-XXL,NW015,6.0,NIGHT WEAR,XXL,GREY
NW015-TP-PJ-XXXL,NW015,2.0,NIGHT WEAR,XXXL,GREY
NW016-ST-SR-L,NW016,8.0,NIGHT WEAR,L,WHITE
NW016-ST-SR-M,NW016,2.0,NIGHT WEAR,M,WHITE
NW016-ST-SR-S,NW016,4.0,NIGHT WEAR,S,WHITE
NW016-ST-SR-XL,NW016,7.0,NIGHT WEAR,XL,WHITE
NW016-ST-SR-XS,NW016,5.0,NIGHT WEAR,XS,WHITE
NW016-ST-SR-XXL,NW016,16.0,NIGHT WEAR,XXL,WHITE
NW016-ST-SR-XXXL,NW016,25.0,NIGHT WEAR,XXXL,WHITE
NW020-ST-SR-L,NW020,2.0,NIGHT WEAR,L,PEACH
NW020-ST-SR-M,NW020,2.0,NIGHT WEAR,M,PEACH
NW020-ST-SR-S,NW020,3.0,NIGHT WEAR,S,PEACH
NW020-ST-SR-XL,NW020,6.0,NIGHT WEAR,XL,PEACH
NW020-ST-SR-XS,NW020,3.0,NIGHT WEAR,XS,PEACH
NW020-ST-SR-XXL,NW020,9.0,NIGHT WEAR,XXL,PEACH
NW020-ST-SR-XXXL,NW020,9.0,NIGHT WEAR,XXXL,PEACH
NW022-TP-PJ-L,NW022,2.0,NIGHT WEAR,L,BLUE
NW022-TP-PJ-M,NW022,3.0,NIGHT WEAR,M,BLUE
NW022-TP-PJ-S,NW022,2.0,NIGHT WEAR,S,BLUE
NW022-TP-PJ-XL,NW022,3.0,NIGHT WEAR,XL,BLUE
NW022-TP-PJ-XS,NW022,7.0,NIGHT WEAR,XS,BLUE
NW022-TP-PJ-XXL,NW022,11.0,NIGHT WEAR,XXL,BLUE
NW022-TP-PJ-XXXL,NW022,2.0,NIGHT WEAR,XXXL,BLUE
NW023-ST-SR-L,NW023,32.0,NIGHT WEAR,L,BLUE
NW023-ST-SR-M,NW023,33.0,NIGHT WEAR,M,BLUE
NW023-ST-SR-S,NW023,36.0,NIGHT WEAR,S,BLUE
NW023-ST-SR-XL,NW023,41.0,NIGHT WEAR,XL,BLUE
NW023-ST-SR-XS,NW023,45.0,NIGHT WEAR,XS,BLUE
NW023-ST-SR-XXL,NW023,37.0,NIGHT WEAR,XXL,BLUE
NW023-ST-SR-XXXL,NW023,29.0,NIGHT WEAR,XXXL,BLUE
NW024-TP-PJ-L,NW024,2.0,NIGHT WEAR,L,BLUE
NW024-TP-PJ-M,NW024,1.0,NIGHT WEAR,M,BLUE
NW024-TP-PJ-S,NW024,8.0,NIGHT WEAR,S,BLUE
NW024-TP-PJ-XL,NW024,3.0,NIGHT WEAR,XL,BLUE
NW024-TP-PJ-XS,NW024,29.0,NIGHT WEAR,XS,BLUE
NW024-TP-PJ-XXL,NW024,4.0,NIGHT WEAR,XXL,BLUE
NW024-TP-PJ-XXXL,NW024,2.0,NIGHT WEAR,XXXL,BLUE
NW027-TP-PJ-L,NW027,2.0,NIGHT WEAR,L,PINK
NW027-TP-PJ-M,NW027,3.0,NIGHT WEAR,M,PINK
NW027-TP-PJ-S,NW027,3.0,NIGHT WEAR,S,PINK
NW027-TP-PJ-XL,NW027,2.0,NIGHT WEAR,XL,PINK
NW027-TP-PJ-XS,NW027,7.0,NIGHT WEAR,XS,PINK
NW027-TP-PJ-XXL,NW027,10.0,NIGHT WEAR,XXL,PINK
NW027-TP-PJ-XXXL,NW027,2.0,NIGHT WEAR,XXXL,PINK
NW028-TP-PJ-L,NW028,1.0,NIGHT WEAR,L,GREY
NW028-TP-PJ-M,NW028,9.0,NIGHT WEAR,M,GREY
NW028-TP-PJ-S,NW028,23.0,NIGHT WEAR,S,GREY
NW028-TP-PJ-XL,NW028,5.0,NIGHT WEAR,XL,GREY
NW028-TP-PJ-XS,NW028,30.0,NIGHT WEAR,XS,GREY
NW028-TP-PJ-XXL,NW028,4.0,NIGHT WEAR,XXL,GREY
NW028-TP-PJ-XXXL,NW028,2.0,NIGHT WEAR,XXXL,GREY
NW029-ST-SR-L,NW029,7.0,NIGHT WEAR,L,GREY
NW029-ST-SR-M,NW029,1.0,NIGHT WEAR,M,GREY
NW029-ST-SR-S,NW029,3.0,NIGHT WEAR,S,GREY
NW029-ST-SR-XL,NW029,24.0,NIGHT WEAR,XL,GREY
NW029-ST-SR-XS,NW029,27.0,NIGHT WEAR,XS,GREY
NW029-ST-SR-XXL,NW029,26.0,NIGHT WEAR,XXL,GREY
NW029-ST-SR-XXXL,NW029,8.0,NIGHT WEAR,XXXL,GREY
NW030-TP-PJ-L,NW030,4.0,NIGHT WEAR,L,LIGHT PINK
NW030-TP-PJ-M,NW030,2.0,NIGHT WEAR,M,LIGHT PINK
NW030-TP-PJ-S,NW030,4.0,NIGHT WEAR,S,LIGHT PINK
NW030-TP-PJ-XL,NW030,2.0,NIGHT WEAR,XL,LIGHT PINK
NW030-TP-PJ-XS,NW030,18.0,NIGHT WEAR,XS,LIGHT PINK
NW030-TP-PJ-XXL,NW030,3.0,NIGHT WEAR,XXL,LIGHT PINK
NW030-TP-PJ-XXXL,NW030,3.0,NIGHT WEAR,XXXL,LIGHT PINK
NW031-TP-PJ-L,NW031,2.0,NIGHT WEAR,L,CREAM
NW031-TP-PJ-M,NW031,3.0,NIGHT WEAR,M,CREAM
NW031-TP-PJ-S,NW031,26.0,NIGHT WEAR,S,CREAM
NW031-TP-PJ-XL,NW031,3.0,NIGHT WEAR,XL,CREAM
NW031-TP-PJ-XS,NW031,41.0,NIGHT WEAR,XS,CREAM
NW031-TP-PJ-XXL,NW031,3.0,NIGHT WEAR,XXL,CREAM
NW031-TP-PJ-XXXL,NW031,2.0,NIGHT WEAR,XXXL,CREAM
NW032-ST-CP-L,NW032,19.0,NIGHT WEAR,L,WHITE
NW032-ST-CP-M,NW032,24.0,NIGHT WEAR,M,WHITE
NW032-ST-CP-S,NW032,21.0,NIGHT WEAR,S,WHITE
NW032-ST-CP-XL,NW032,24.0,NIGHT WEAR,XL,WHITE
NW032-ST-CP-XS,NW032,17.0,NIGHT WEAR,XS,WHITE
NW032-ST-CP-XXL,NW032,14.0,NIGHT WEAR,XXL,WHITE
NW032-ST-CP-XXXL,NW032,7.0,NIGHT WEAR,XXXL,WHITE
NW033-ST-CP-L,NW033,30.0,NIGHT WEAR,L,YELLOW
NW033-ST-CP-M,NW033,25.0,NIGHT WEAR,M,YELLOW
NW033-ST-CP-S,NW033,30.0,NIGHT WEAR,S,YELLOW
NW033-ST-CP-XL,NW033,22.0,NIGHT WEAR,XL,YELLOW
NW033-ST-CP-XS,NW033,19.0,NIGHT WEAR,XS,YELLOW
NW033-ST-CP-XXL,NW033,22.0,NIGHT WEAR,XXL,YELLOW
NW033-ST-CP-XXXL,NW033,19.0,NIGHT WEAR,XXXL,YELLOW
NW034-TP-PJ-L,NW034,2.0,NIGHT WEAR,L,PEACH
NW034-TP-PJ-M,NW034,2.0,NIGHT WEAR,M,PEACH
NW034-TP-PJ-S,NW034,3.0,NIGHT WEAR,S,PEACH
NW034-TP-PJ-XL,NW034,2.0,NIGHT WEAR,XL,PEACH
NW034-TP-PJ-XS,NW034,7.0,NIGHT WEAR,XS,PEACH
NW034-TP-PJ-XXL,NW034,6.0,NIGHT WEAR,XXL,PEACH
NW034-TP-PJ-XXXL,NW034,3.0,NIGHT WEAR,XXXL,PEACH
NW035-ST-CP-L,NW035,14.0,NIGHT WEAR,L,GREY
NW035-ST-CP-M,NW035,6.0,NIGHT WEAR,M,GREY
NW035-ST-CP-S,NW035,13.0,NIGHT WEAR,S,GREY
NW035-ST-CP-XL,NW035,18.0,NIGHT WEAR,XL,GREY
NW035-ST-CP-XS,NW035,9.0,NIGHT WEAR,XS,GREY
NW035-ST-CP-XXL,NW035,20.0,NIGHT WEAR,XXL,GREY
NW035-ST-CP-XXXL,NW035,6.0,NIGHT WEAR,XXXL,GREY
NW036-ST-SR-L,NW036,24.0,NIGHT WEAR,L,WHITE
NW036-ST-SR-M,NW036,21.0,NIGHT WEAR,M,WHITE
NW036-ST-SR-S,NW036,11.0,NIGHT WEAR,S,WHITE
NW036-ST-SR-XL,NW036,18.0,NIGHT WEAR,XL,WHITE
NW036-ST-SR-XS,NW036,19.0,NIGHT WEAR,XS,WHITE
NW036-ST-SR-XXL,NW036,20.0,NIGHT WEAR,XXL,WHITE
NW036-ST-SR-XXXL,NW036,13.0,NIGHT WEAR,XXXL,WHITE
NW037-TP-SR-L,NW037,3.0,NIGHT WEAR,L,PINK
NW037-TP-SR-M,NW037,7.0,NIGHT WEAR,M,PINK
NW037-TP-SR-S,NW037,10.0,NIGHT WEAR,S,PINK
NW037-TP-SR-XL,NW037,9.0,NIGHT WEAR,XL,PINK
NW037-TP-SR-XS,NW037,10.0,NIGHT WEAR,XS,PINK
NW037-TP-SR-XXL,NW037,9.0,NIGHT WEAR,XXL,PINK
NW037-TP-SR-XXXL,NW037,3.0,NIGHT WEAR,XXXL,PINK
NW038-ST-SR-L,NW038,2.0,NIGHT WEAR,L,BLUE
NW038-ST-SR-M,NW038,2.0,NIGHT WEAR,M,BLUE
NW038-ST-SR-S,NW038,2.0,NIGHT WEAR,S,BLUE
NW038-ST-SR-XL,NW038,15.0,NIGHT WEAR,XL,BLUE
NW038-ST-SR-XS,NW038,3.0,NIGHT WEAR,XS,BLUE
NW038-ST-SR-XXL,NW038,9.0,NIGHT WEAR,XXL,BLUE
NW038-ST-SR-XXXL,NW038,6.0,NIGHT WEAR,XXXL,BLUE
NW039-TP-SR-L,NW039,7.0,NIGHT WEAR,L,YELLOW
NW039-TP-SR-M,NW039,8.0,NIGHT WEAR,M,YELLOW
NW039-TP-SR-S,NW039,4.0,NIGHT WEAR,S,YELLOW
NW039-TP-SR-XL,NW039,6.0,NIGHT WEAR,XL,YELLOW
NW039-TP-SR-XS,NW039,7.0,NIGHT WEAR,XS,YELLOW
NW039-TP-SR-XXL,NW039,9.0,NIGHT WEAR,XXL,YELLOW
NW039-TP-SR-XXXL,NW039,2.0,NIGHT WEAR,XXXL,YELLOW
PJ0096-KR-4XL,PJ0096,70.0,KURTA,4XL,BLUE
PJ0096-KR-5XL,PJ0096,90.0,KURTA,5XL,BLUE
PJ0096-KR-6XL,PJ0096,85.0,KURTA,6XL,BLUE
PJNE1906-KR-4XL,PJNE1906,8.0,KURTA,4XL,BLACK
PJNE1906-KR-5XL,PJNE1906,36.0,KURTA,5XL,BLACK
PJNE1906-KR-6XL,PJNE1906,55.0,KURTA,6XL,BLACK
PJNE2014-KR-4XL,PJNE2014,30.0,KURTA,4XL,MULTICOLOR
PJNE2014-KR-5XL,PJNE2014,57.0,KURTA,5XL,MULTICOLOR
PJNE2014-KR-6XL,PJNE2014,87.0,KURTA,6XL,MULTICOLOR
PJNE2100-KR-4XL,PJNE2100,70.0,KURTA,4XL,TEAL
PJNE2100-KR-5XL,PJNE2100,47.0,KURTA,5XL,TEAL
PJNE2100-KR-6XL,PJNE2100,104.0,KURTA,6XL,TEAL
PJNE2171-KR-4XL,PJNE2171,38.0,KURTA,4XL,WHITE
PJNE2171-KR-5XL,PJNE2171,43.0,KURTA,5XL,WHITE
PJNE2171-KR-6XL,PJNE2171,61.0,KURTA,6XL,WHITE
PJNE2199-KR-4XL,PJNE2199,53.0,KURTA,4XL,PINK
PJNE2199-KR-5XL,PJNE2199,54.0,KURTA,5XL,PINK
PJNE2199-KR-6XL,PJNE2199,11.0,KURTA,6XL,PINK
PJNE2270-KR-4XL,PJNE2270,24.0,KURTA,4XL,BEIGE
PJNE2270-KR-5XL,PJNE2270,6.0,KURTA,5XL,BEIGE
PJNE2270-KR-6XL,PJNE2270,3.0,KURTA,6XL,BEIGE
PJNE3068-KR-4XL,PJNE3068,25.0,KURTA,4XL,BLACK
PJNE3068-KR-5XL,PJNE3068,31.0,KURTA,5XL,BLACK
PJNE3068-KR-6XL,PJNE3068,27.0,KURTA,6XL,BLACK
PJNE3252-KR-4XL,PJNE3252,56.0,KURTA,4XL,PINK
PJNE3252-KR-5XL,PJNE3252,48.0,KURTA,5XL,PINK
PJNE3252-KR-6XL,PJNE3252,94.0,KURTA,6XL,PINK
PJNE3291-KR-4XL,PJNE3291,22.0,KURTA,4XL,GREEN
PJNE3291-KR-5XL,PJNE3291,47.0,KURTA,5XL,GREEN
PJNE3291-KR-6XL,PJNE3291,24.0,KURTA,6XL,GREEN
PJNE3363-KR-4XL,PJNE3363,90.0,KURTA,4XL,DARK BLUE
PJNE3363-KR-5XL,PJNE3363,164.0,KURTA,5XL,DARK BLUE
PJNE3363-KR-6XL,PJNE3363,138.0,KURTA,6XL,DARK BLUE
PJNE3364-KR-4XL,PJNE3364,9.0,KURTA,4XL,GREEN
PJNE3364-KR-5XL,PJNE3364,9.0,KURTA,5XL,GREEN
PJNE3364-KR-6XL,PJNE3364,8.0,KURTA,6XL,GREEN
PJNE3368-KR-4XL,PJNE3368,12.0,KURTA,4XL,LIGHT GREEN
PJNE3368-KR-5XL,PJNE3368,6.0,KURTA,5XL,LIGHT GREEN
PJNE3368-KR-6XL,PJNE3368,34.0,KURTA,6XL,LIGHT GREEN
PJNE3373-KR-4XL,PJNE3373,8.0,KURTA,4XL,BLACK
PJNE3373-KR-5XL,PJNE3373,2.0,KURTA,5XL,BLACK
PJNE3373-KR-6XL,PJNE3373,17.0,KURTA,6XL,BLACK
PJNE3399-KR-4XL,PJNE3399,12.0,KURTA,4XL,TURQUOISE BLUE
PJNE3399-KR-5XL,PJNE3399,19.0,KURTA,5XL,TURQUOISE BLUE
PJNE3399-KR-6XL,PJNE3399,24.0,KURTA,6XL,TURQUOISE BLUE
PJNE3404-KR-4XL,PJNE3404,23.0,KURTA,4XL,MAUVE
PJNE3404-KR-5XL,PJNE3404,2.0,KURTA,5XL,MAUVE
PJNE3404-KR-6XL,PJNE3404,3.0,KURTA,6XL,MAUVE
PJNE3405-KR-4XL,PJNE3405,100.0,KURTA,4XL,PINK
PJNE3405-KR-5XL,PJNE3405,158.0,KURTA,5XL,PINK
PJNE3405-KR-6XL,PJNE3405,149.0,KURTA,6XL,PINK
PJNE3421-KR-4XL,PJNE3421,64.0,KURTA,4XL,GREY
PJNE3421-KR-5XL,PJNE3421,41.0,KURTA,5XL,GREY
PJNE3421-KR-6XL,PJNE3421,14.0,KURTA,6XL,GREY
PJNE3423-KR-4XL,PJNE3423,15.0,KURTA,4XL,BLACK
PJNE3423-KR-5XL,PJNE3423,43.0,KURTA,5XL,BLACK
PJNE3423-KR-6XL,PJNE3423,6.0,KURTA,6XL,BLACK
PJNE3439-KR-4XL,PJNE3439,27.0,KURTA,4XL,NAVY BLUE
PJNE3439-KR-5XL,PJNE3439,14.0,KURTA,5XL,NAVY BLUE
PJNE3439-KR-6XL,PJNE3439,19.0,KURTA,6XL,NAVY BLUE
PJNE3440-KR-4XL,PJNE3440,47.0,KURTA,4XL,WHITE
PJNE3440-KR-5XL,PJNE3440,21.0,KURTA,5XL,WHITE
PJNE3440-KR-6XL,PJNE3440,4.0,KURTA,6XL,WHITE
PJNE3445-KR-4XL,PJNE3445,41.0,KURTA,4XL,WHITE
PJNE3445-KR-5XL,PJNE3445,14.0,KURTA,5XL,WHITE
PJNE3445-KR-6XL,PJNE3445,10.0,KURTA,6XL,WHITE
PJNE3567-KR-4XL,PJNE3567,42.0,KURTA,4XL,BLUE
PJNE3567-KR-5XL,PJNE3567,32.0,KURTA,5XL,BLUE
PJNE3567-KR-6XL,PJNE3567,46.0,KURTA,6XL,BLUE
PJNE3568-KR-4XL,PJNE3568,3.0,KURTA,4XL,YELLOW
PJNE3568-KR-5XL,PJNE3568,7.0,KURTA,5XL,YELLOW
PJNE3568-KR-6XL,PJNE3568,4.0,KURTA,6XL,YELLOW
PJNE3607-KR-4XL,PJNE3607,7.0,KURTA,4XL,MAROON
PJNE3607-KR-5XL,PJNE3607,2.0,KURTA,5XL,MAROON
PJNE3607-KR-6XL,PJNE3607,21.0,KURTA,6XL,MAROON
PSET043-KR-NP-4XL,PSET043,2.0,SET,4XL,TEAL
PSET043-KR-NP-5XL,PSET043,0.0,SET,5XL,TEAL
PSET043-KR-NP-6XL,PSET043,0.0,SET,6XL,TEAL
PSET058-KR-NP-4XL,PSET058,2.0,SET,4XL,TEAL
PSET058-KR-NP-5XL,PSET058,2.0,SET,5XL,TEAL
PSET058-KR-NP-6XL,PSET058,0.0,SET,6XL,TEAL
PSET264-KR-NP-4XL,PSET264,30.0,SET,4XL,GOLD
PSET264-KR-NP-5XL,PSET264,39.0,SET,5XL,GOLD
PSET264-KR-NP-6XL,PSET264,24.0,SET,6XL,GOLD
,PSET264,0.0,SET,XXXL,GOLD
PSET268-KR-NP-4XL,PSET268,45.0,SET,4XL,OFF WHITE
PSET268-KR-NP-5XL,PSET268,26.0,SET,5XL,OFF WHITE
PSET268-KR-NP-6XL,PSET268,37.0,SET,6XL,OFF WHITE
SAR023,SAR023,5.0,SAREE,FREE,GREEN
SAR024,SAR024,4.0,SAREE,FREE,GOLD
SAR025,SAR025,1.0,SAREE,FREE,BROWN
SAR026,SAR026,4.0,SAREE,FREE,PEACH
SAR027,SAR027,3.0,SAREE,FREE,MAUVE
SAR028,SAR028,19.0,SAREE,FREE,GREY
SAR029,SAR029,3.0,SAREE,FREE,BROWN
SAR030,SAR030,10.0,SAREE,FREE,BEIGE
SAR031,SAR031,0.0,SAREE,FREE,GREEN
SAR032,SAR032,2.0,SAREE,FREE,MAUVE
SAR033,SAR033,8.0,SAREE,FREE,SEA GREEN
SAR034,SAR034,0.0,SAREE,FREE,PEACH
SAR035,SAR035,3.0,SAREE,FREE,PINK
SAR036,SAR036,8.0,SAREE,FREE,BROWN
SAR037,SAR037,3.0,SAREE,FREE,MAUVE
SAR038,SAR038,4.0,SAREE,FREE,GREEN
SAR039,SAR039,2.0,SAREE,FREE,GREY
SAR040,SAR040,3.0,SAREE,FREE,BROWN
SAR041,SAR041,6.0,SAREE,FREE,BLACK
SAR042,SAR042,2.0,SAREE,FREE,CREAM
SAR043,SAR043,29.0,SAREE,FREE,GREY
SAR044,SAR044,83.0,SAREE,FREE,PINK
SAR045,SAR045,19.0,SAREE,FREE,MUSTARD
SAR046,SAR046,93.0,SAREE,FREE,GREEN
SAR047,SAR047,32.0,SAREE,FREE,MUSTARD
SAR048,SAR048,30.0,SAREE,FREE,GREY
SAR049,SAR049,79.0,SAREE,FREE,TEAL
SAR050,SAR050,1.0,SAREE,FREE,MAROON
SAR051,SAR051,46.0,SAREE,FREE,BLACK
SAR052,SAR052,33.0,SAREE,FREE,GREEN
SAR053,SAR053,37.0,SAREE,FREE,PINK
SAR054,SAR054,42.0,SAREE,FREE,RED
SAR055,SAR055,2.0,SAREE,FREE,MAROON
SAR056,SAR056,2.0,SAREE,FREE,BEIGE
SAR057,SAR057,2.0,SAREE,FREE,GREEN
SAR058,SAR058,2.0,SAREE,FREE,BLACK
SAR059,SAR059,26.0,SAREE,FREE,BROWN
SAR060,SAR060,40.0,SAREE,FREE,GREEN
SAR061,SAR061,25.0,SAREE,FREE,RED
SAR062,SAR062,18.0,SAREE,FREE,BLACK
SAR063,SAR063,0.0,SAREE,FREE,MAROON
SAR064,SAR064,2.0,SAREE,FREE,GREY
SAR065,SAR065,0.0,SAREE,FREE,PURPLE
SAR066,SAR066,0.0,SAREE,FREE,TEAL
SAR067,SAR067,0.0,SAREE,FREE,GREEN
SAR068,SAR068,5.0,SAREE,FREE,BROWN
SAR069,SAR069,20.0,SAREE,FREE,PINK
SAR070,SAR070,30.0,SAREE,FREE,BLUE
SAR071,SAR071,6.0,SAREE,FREE,GREEN
SAR072,SAR072,2.0,SAREE,FREE,BLACK
SAR073,SAR073,2.0,SAREE,FREE,GREEN
SAR074,SAR074,5.0,SAREE,FREE,BROWN
SAR075,SAR075,6.0,SAREE,FREE,BLACK
SAR076,SAR076,3.0,SAREE,FREE,RED
SAR079,SAR079,0.0,SAREE,FREE,RED
SAR081,SAR081,0.0,SAREE,FREE,RED
SAR088,SAR088,0.0,SAREE,FREE,BEIGE
SAR090,SAR090,19.0,SAREE,FREE,BLUE
SAR091,SAR091,50.0,SAREE,FREE,GREEN
SAR092,SAR092,14.0,SAREE,FREE,BLUE
SAR093,SAR093,4.0,SAREE,FREE,RED
SAR094,SAR094,9.0,SAREE,FREE,RED
SAR095,SAR095,46.0,SAREE,FREE,BLUE
SAR096,SAR096,47.0,SAREE,FREE,MAROON
SAR097,SAR097,52.0,SAREE,FREE,PINK
SAR098,SAR098,5.0,SAREE,FREE,BLUE
SAR099,SAR099,5.0,SAREE,FREE,GREY
SAR100,SAR100,46.0,SAREE,FREE,PINK
SAR101,SAR101,3.0,SAREE,FREE,BLACK
SAR102,SAR102,4.0,SAREE,FREE,ORANGE
SAR103,SAR103,10.0,SAREE,FREE,MAROON
SAR104,SAR104,7.0,SAREE,FREE,BLUE
SAR105,SAR105,7.0,SAREE,FREE,PINK
SAR107,SAR107,4.0,SAREE,FREE,GREEN
SAR108,SAR108,5.0,SAREE,FREE,PINK
SAR109,SAR109,7.0,SAREE,FREE,BLUE
SAR110,SAR110,7.0,SAREE,FREE,GREEN
SAR111,SAR111,19.0,SAREE,FREE,GREEN
SAR112,SAR112,25.0,SAREE,FREE,BEIGE
SAR113,SAR113,10.0,SAREE,FREE,YELLOW
SAR114,SAR114,13.0,SAREE,FREE,GREY
SAR116,SAR116,1.0,SAREE,FREE,TEAL
SAR130,SAR130,62.0,SAREE,FREE,PINK
SAR131,SAR131,6.0,SAREE,FREE,RED
SAR132,SAR132,0.0,SAREE,FREE,PINK
SAR133,SAR133,4.0,SAREE,FREE,PINK
SAR134,SAR134,14.0,SAREE,FREE,YELLOW
SAR135,SAR135,7.0,SAREE,FREE,GREEN
SAR136,SAR136,6.0,SAREE,FREE,NAVY BLUE
SAR137,SAR137,6.0,SAREE,FREE,PURPLE
SAR138,SAR138,1.0,SAREE,FREE,MULTICOLOR
SAR139,SAR139,2.0,SAREE,FREE,BLACK
SAR140,SAR140,2.0,SAREE,FREE,BLUE
SAR141,SAR141,6.0,SAREE,FREE,PURPLE
SAR142,SAR142,3.0,SAREE,FREE,MULTICOLOR
SAR143,SAR143,6.0,SAREE,FREE,BEIGE
SAR144,SAR144,32.0,SAREE,FREE,BEIGE
SAR145,SAR145,32.0,SAREE,FREE,PINK
SAR146,SAR146,30.0,SAREE,FREE,GREEN
SAR147,SAR147,25.0,SAREE,FREE,RUST
SAR148,SAR148,28.0,SAREE,FREE,TURQUOISE BLUE
SAR149,SAR149,31.0,SAREE,FREE,TEAL
SAR150,SAR150,20.0,SAREE,FREE,SEA GREEN
SAR151,SAR151,32.0,SAREE,FREE,GREEN
SAR152,SAR152,16.0,SAREE,FREE,PINK
SAR153,SAR153,28.0,SAREE,FREE,BLUE
SAR154,SAR154,23.0,SAREE,FREE,PEACH
SAR155,SAR155,30.0,SAREE,FREE,ORANGE
SAR156,SAR156,25.0,SAREE,FREE,YELLOW
SAR157,SAR157,32.0,SAREE,FREE,MULTICOLOR
SAR158,SAR158,34.0,SAREE,FREE,PEACH
SAR159,SAR159,31.0,SAREE,FREE,MULTICOLOR
SAR160,SAR160,40.0,SAREE,FREE,BLACK
SAR161,SAR161,52.0,SAREE,FREE,PURPLE
SAR162,SAR162,33.0,SAREE,FREE,BROWN
SAR163,SAR163,25.0,SAREE,FREE,GREEN
SAR164,SAR164,10.0,SAREE,FREE,TEAL
SAR165,SAR165,21.0,SAREE,FREE,YELLOW
SAR166,SAR166,16.0,SAREE,FREE,YELLOW
SAR167,SAR167,0.0,SAREE,FREE,PEACH
SAR168,SAR168,16.0,SAREE,FREE,NO REFERENCE
SAR169,SAR169,45.0,SAREE,FREE,PEACH
SAR170,SAR170,35.0,SAREE,FREE,MAUVE
SAR171,SAR171,37.0,SAREE,FREE,MULTICOLOR
SAR172,SAR172,44.0,SAREE,FREE,PINK
SAR173,SAR173,8.0,SAREE,FREE,ORANGE
SAR174,SAR174,7.0,SAREE,FREE,GREEN
SAR175,SAR175,50.0,SAREE,FREE,TEAL
SAR176,SAR176,14.0,SAREE,FREE,MAROON
SAR177,SAR177,55.0,SAREE,FREE,PEACH
SAR178,SAR178,3.0,SAREE,FREE,PINK
SAR179,SAR179,10.0,SAREE,FREE,TEAL
SAR180,SAR180,16.0,SAREE,FREE,BROWN
SAR181,SAR181,7.0,SAREE,FREE,TEAL
SAR182,SAR182,4.0,SAREE,FREE,BLACK
SAR183,SAR183,18.0,SAREE,FREE,GREEN
SAR184,SAR184,13.0,SAREE,FREE,BLUE
SAR185,SAR185,10.0,SAREE,FREE,MAROON
SET004-KR-SP-L,SET004,2.0,KURTA SET,L,GREY
SET004-KR-SP-M,SET004,2.0,KURTA SET,M,GREY
SET004-KR-SP-S,SET004,19.0,KURTA SET,S,GREY
SET004-KR-SP-XL,SET004,2.0,KURTA SET,XL,GREY
SET004-KR-SP-XS,SET004,22.0,KURTA SET,XS,GREY
SET004-KR-SP-XXL,SET004,1.0,KURTA SET,XXL,GREY
SET004-KR-SP-XXXL,SET004,1.0,KURTA SET,XXXL,GREY
SET007-KR-NP-S,SET007,1.0,SET,S,MULTICOLOR
SET007-KR-NP-XS,SET007,1.0,SET,XS,MULTICOLOR
SET007-KR-NP-XXL,SET007,1.0,SET,XXL,MULTICOLOR
SET014-KR-PP-L,SET014,2.0,KURTA SET,L,NAVY BLUE
SET014-KR-PP-M,SET014,10.0,KURTA SET,M,NAVY BLUE
SET014-KR-PP-S,SET014,22.0,KURTA SET,S,NAVY BLUE
SET014-KR-PP-XL,SET014,8.0,KURTA SET,XL,NAVY BLUE
SET014-KR-PP-XS,SET014,41.0,KURTA SET,XS,NAVY BLUE
SET014-KR-PP-XXL,SET014,2.0,KURTA SET,XXL,NAVY BLUE
SET014-KR-PP-XXXL,SET014,3.0,KURTA SET,XXXL,NAVY BLUE
SET025-KR-SP-S,SET025,1.0,KURTA SET,S,PINK
SET025-KR-SP-XS,SET025,1.0,KURTA SET,XS,PINK
SET025-KR-SP-XXL,SET025,0.0,KURTA SET,XXL,PINK
SET034-KR-NP-L,SET034,0.0,KURTA SET,L,PINK
SET034-KR-NP-M,SET034,2.0,KURTA SET,M,PINK
SET034-KR-NP-S,SET034,3.0,KURTA SET,S,PINK
SET034-KR-NP-XL,SET034,1.0,KURTA SET,XL,PINK
SET034-KR-NP-XS,SET034,5.0,KURTA SET,XS,PINK
SET034-KR-NP-XXL,SET034,1.0,KURTA SET,XXL,PINK
SET034-KR-NP-XXXL,SET034,1.0,KURTA SET,XXXL,PINK
SET035-KR-SP-M,SET035,1.0,SET,M,GREY
SET035-KR-SP-S,SET035,4.0,SET,S,GREY
SET035-KR-SP-XL,SET035,1.0,SET,XL,GREY
SET035-KR-SP-XXXL,SET035,0.0,SET,XXXL,GREY
SET036-KR-NP-L,SET036,1.0,KURTA SET,L,BROWN
SET036-KR-NP-M,SET036,0.0,KURTA SET,M,BROWN
SET036-KR-NP-S,SET036,0.0,KURTA SET,S,BROWN
SET036-KR-NP-XL,SET036,0.0,KURTA SET,XL,BROWN
SET036-KR-NP-XS,SET036,0.0,KURTA SET,XS,BROWN
SET036-KR-NP-XXL,SET036,1.0,KURTA SET,XXL,BROWN
SET036-KR-NP-XXXL,SET036,0.0,KURTA SET,XXXL,BROWN
SET037-KR-NP-L,SET037,11.0,KURTA SET,L,PEACH
SET037-KR-NP-M,SET037,8.0,KURTA SET,M,PEACH
SET037-KR-NP-S,SET037,11.0,KURTA SET,S,PEACH
SET037-KR-NP-XL,SET037,5.0,KURTA SET,XL,PEACH
SET037-KR-NP-XS,SET037,10.0,KURTA SET,XS,PEACH
SET037-KR-NP-XXL,SET037,7.0,KURTA SET,XXL,PEACH
SET037-KR-NP-XXXL,SET037,4.0,KURTA SET,XXXL,PEACH
SET038-KR-PP-L,SET038,49.0,KURTA SET,L,RED
SET038-KR-PP-M,SET038,15.0,KURTA SET,M,RED
SET038-KR-PP-S,SET038,93.0,KURTA SET,S,RED
SET038-KR-PP-XL,SET038,5.0,KURTA SET,XL,RED
SET038-KR-PP-XS,SET038,65.0,KURTA SET,XS,RED
SET038-KR-PP-XXL,SET038,37.0,KURTA SET,XXL,RED
SET038-KR-PP-XXXL,SET038,1.0,KURTA SET,XXXL,RED
SET043-KR-NP-L,SET043,58.0,KURTA SET,L,TURQUOISE BLUE
SET043-KR-NP-M,SET043,94.0,KURTA SET,M,TURQUOISE BLUE
SET043-KR-NP-S,SET043,232.0,KURTA SET,S,TURQUOISE BLUE
SET043-KR-NP-XL,SET043,115.0,KURTA SET,XL,TURQUOISE BLUE
SET043-KR-NP-XS,SET043,141.0,KURTA SET,XS,TURQUOISE BLUE
SET043-KR-NP-XXL,SET043,60.0,KURTA SET,XXL,TURQUOISE BLUE
SET043-KR-NP-XXXL,SET043,18.0,KURTA SET,XXXL,TURQUOISE BLUE
SET044-KR-NP-L,SET044,19.0,KURTA SET,L,MUSTARD
SET044-KR-NP-M,SET044,8.0,KURTA SET,M,MUSTARD
SET044-KR-NP-S,SET044,9.0,KURTA SET,S,MUSTARD
SET044-KR-NP-XL,SET044,1.0,KURTA SET,XL,MUSTARD
SET044-KR-NP-XS,SET044,14.0,KURTA SET,XS,MUSTARD
SET044-KR-NP-XXL,SET044,2.0,KURTA SET,XXL,MUSTARD
SET044-KR-NP-XXXL,SET044,3.0,KURTA SET,XXXL,MUSTARD
SET048-KR-NP-L,SET048,11.0,KURTA SET,L,DARK GREEN
SET048-KR-NP-M,SET048,7.0,KURTA SET,M,DARK GREEN
SET048-KR-NP-S,SET048,7.0,KURTA SET,S,DARK GREEN
SET048-KR-NP-XL,SET048,5.0,KURTA SET,XL,DARK GREEN
SET048-KR-NP-XS,SET048,2.0,KURTA SET,XS,DARK GREEN
SET048-KR-NP-XXL,SET048,7.0,KURTA SET,XXL,DARK GREEN
SET048-KR-NP-XXXL,SET048,1.0,KURTA SET,XXXL,DARK GREEN
SET051-KR-NP-L,SET051,0.0,KURTA SET,L,YELLOW
SET051-KR-NP-M,SET051,1.0,KURTA SET,M,YELLOW
SET051-KR-NP-S,SET051,0.0,KURTA SET,S,YELLOW
SET051-KR-NP-XS,SET051,1.0,KURTA SET,XS,YELLOW
SET051-KR-NP-XXL,SET051,1.0,KURTA SET,XXL,YELLOW
SET051-KR-NP-XXXL,SET051,1.0,KURTA SET,XXXL,YELLOW
SET053-KR-NP-L,SET053,1.0,KURTA SET,L,BLACK
SET053-KR-NP-M,SET053,2.0,KURTA SET,M,BLACK
SET053-KR-NP-S,SET053,13.0,KURTA SET,S,BLACK
SET053-KR-NP-XL,SET053,4.0,KURTA SET,XL,BLACK
SET053-KR-NP-XS,SET053,8.0,KURTA SET,XS,BLACK
SET053-KR-NP-XXL,SET053,6.0,KURTA SET,XXL,BLACK
SET053-KR-NP-XXXL,SET053,2.0,KURTA SET,XXXL,BLACK
SET055-KR-NP-L,SET055,11.0,KURTA SET,L,PINK
SET055-KR-NP-M,SET055,9.0,KURTA SET,M,PINK
SET055-KR-NP-S,SET055,5.0,KURTA SET,S,PINK
SET055-KR-NP-XL,SET055,68.0,KURTA SET,XL,PINK
SET055-KR-NP-XS,SET055,15.0,KURTA SET,XS,PINK
SET055-KR-NP-XXL,SET055,98.0,KURTA SET,XXL,PINK
SET055-KR-NP-XXXL,SET055,69.0,KURTA SET,XXXL,PINK
,SET058,1.0,KURTA SET,4XL,TEAL
SET058-KR-NP-L,SET058,9.0,KURTA SET,L,TEAL
SET058-KR-NP-M,SET058,3.0,KURTA SET,M,TEAL
SET058-KR-NP-S,SET058,326.0,KURTA SET,S,TEAL
SET058-KR-NP-XL,SET058,14.0,KURTA SET,XL,TEAL
SET058-KR-NP-XS,SET058,696.0,KURTA SET,XS,TEAL
SET058-KR-NP-XXL,SET058,33.0,KURTA SET,XXL,TEAL
SET058-KR-NP-XXXL,SET058,65.0,KURTA SET,XXXL,TEAL
SET062-KR-SP-L,SET062,0.0,KURTA SET,L,BLACK
SET062-KR-SP-M,SET062,3.0,KURTA SET,M,BLACK
SET062-KR-SP-S,SET062,3.0,KURTA SET,S,BLACK
SET062-KR-SP-XL,SET062,11.0,KURTA SET,XL,BLACK
SET062-KR-SP-XS,SET062,1.0,KURTA SET,XS,BLACK
SET062-KR-SP-XXL,SET062,54.0,KURTA SET,XXL,BLACK
SET062-KR-SP-XXXL,SET062,2.0,KURTA SET,XXXL,BLACK
SET070-KR-NP-S,SET070,1.0,SET,S,MAROON
SET070-KR-NP-XS,SET070,3.0,SET,XS,MAROON
SET072-KR-SHA-L,SET072,1.0,KURTA SET,L,BROWN
SET072-KR-SHA-M,SET072,0.0,KURTA SET,M,BROWN
SET072-KR-SHA-S,SET072,0.0,KURTA SET,S,BROWN
SET072-KR-SHA-XL,SET072,0.0,KURTA SET,XL,BROWN
SET072-KR-SHA-XS,SET072,0.0,KURTA SET,XS,BROWN
SET072-KR-SHA-XXL,SET072,0.0,KURTA SET,XXL,BROWN
SET072-KR-SHA-XXXL,SET072,0.0,KURTA SET,XXXL,BROWN
SET073-KR-SHA-L,SET073,113.0,KURTA SET,L,DARK GREEN
SET073-KR-SHA-M,SET073,250.0,KURTA SET,M,DARK GREEN
SET073-KR-SHA-S,SET073,249.0,KURTA SET,S,DARK GREEN
SET073-KR-SHA-XL,SET073,216.0,KURTA SET,XL,DARK GREEN
SET073-KR-SHA-XS,SET073,289.0,KURTA SET,XS,DARK GREEN
SET073-KR-SHA-XXL,SET073,23.0,KURTA SET,XXL,DARK GREEN
SET073-KR-SHA-XXXL,SET073,136.0,KURTA SET,XXXL,DARK GREEN
SET075-KR-DH-L,SET075,0.0,KURTA SET,L,PINK
SET075-KR-DH-M,SET075,2.0,KURTA SET,M,PINK
SET075-KR-DH-S,SET075,5.0,KURTA SET,S,PINK
SET075-KR-DH-XL,SET075,1.0,KURTA SET,XL,PINK
SET075-KR-DH-XS,SET075,2.0,KURTA SET,XS,PINK
SET075-KR-DH-XXL,SET075,0.0,KURTA SET,XXL,PINK
SET075-KR-DH-XXXL,SET075,1.0,KURTA SET,XXXL,PINK
SET078-KR-NP-L,SET078,0.0,SET,L,MULTICOLOR
SET078-KR-NP-M,SET078,0.0,SET,M,MULTICOLOR
SET078-KR-NP-S,SET078,3.0,SET,S,MULTICOLOR
SET078-KR-NP-XS,SET078,1.0,SET,XS,MULTICOLOR
SET078-KR-NP-XXXL,SET078,0.0,SET,XXXL,MULTICOLOR
SET083-KR-PP-L,SET083,2.0,KURTA SET,L,NAVY BLUE
SET083-KR-PP-M,SET083,0.0,KURTA SET,M,NAVY BLUE
SET083-KR-PP-S,SET083,6.0,KURTA SET,S,NAVY BLUE
SET083-KR-PP-XL,SET083,1.0,KURTA SET,XL,NAVY BLUE
SET083-KR-PP-XS,SET083,36.0,KURTA SET,XS,NAVY BLUE
SET083-KR-PP-XXL,SET083,2.0,KURTA SET,XXL,NAVY BLUE
SET083-KR-PP-XXXL,SET083,0.0,KURTA SET,XXXL,NAVY BLUE
SET085-KR-PT-L,SET085,0.0,KURTA SET,L,SEA GREEN
SET085-KR-PT-M,SET085,0.0,KURTA SET,M,SEA GREEN
SET085-KR-PT-S,SET085,0.0,KURTA SET,S,SEA GREEN
SET085-KR-PT-XL,SET085,0.0,KURTA SET,XL,SEA GREEN
SET085-KR-PT-XS,SET085,2.0,KURTA SET,XS,SEA GREEN
SET085-KR-PT-XXL,SET085,0.0,KURTA SET,XXL,SEA GREEN
SET085-KR-PT-XXXL,SET085,0.0,KURTA SET,XXXL,SEA GREEN
SET087-KR-PP-L,SET087,3.0,KURTA SET,L,GREY
SET087-KR-PP-M,SET087,4.0,KURTA SET,M,GREY
SET087-KR-PP-S,SET087,30.0,KURTA SET,S,GREY
SET087-KR-PP-XL,SET087,2.0,KURTA SET,XL,GREY
SET087-KR-PP-XS,SET087,4.0,KURTA SET,XS,GREY
SET087-KR-PP-XXL,SET087,9.0,KURTA SET,XXL,GREY
SET087-KR-PP-XXXL,SET087,3.0,KURTA SET,XXXL,GREY
SET091-KR-NP-L,SET091,1.0,SET,L,BEIGE
SET091-KR-NP-M,SET091,1.0,SET,M,BEIGE
SET091-KR-NP-S,SET091,3.0,SET,S,BEIGE
SET091-KR-NP-XL,SET091,1.0,SET,XL,BEIGE
SET091-KR-NP-XS,SET091,5.0,SET,XS,BEIGE
SET091-KR-NP-XXL,SET091,1.0,SET,XXL,BEIGE
SET091-KR-NP-XXXL,SET091,0.0,SET,XXXL,BEIGE
SET094-KR-NP-L,SET094,9.0,KURTA SET,L,TURQUOISE GREEN
SET094-KR-NP-M,SET094,10.0,KURTA SET,M,TURQUOISE GREEN
SET094-KR-NP-S,SET094,13.0,KURTA SET,S,TURQUOISE GREEN
SET094-KR-NP-XL,SET094,41.0,KURTA SET,XL,TURQUOISE GREEN
SET094-KR-NP-XS,SET094,2.0,KURTA SET,XS,TURQUOISE GREEN
SET094-KR-NP-XXL,SET094,58.0,KURTA SET,XXL,TURQUOISE GREEN
SET094-KR-NP-XXXL,SET094,8.0,KURTA SET,XXXL,TURQUOISE GREEN
SET097-KR-PP-L,SET097,13.0,KURTA SET,L,MUSTARD
SET097-KR-PP-M,SET097,30.0,KURTA SET,M,MUSTARD
SET097-KR-PP-S,SET097,17.0,KURTA SET,S,MUSTARD
SET097-KR-PP-XL,SET097,25.0,KURTA SET,XL,MUSTARD
SET097-KR-PP-XS,SET097,57.0,KURTA SET,XS,MUSTARD
SET097-KR-PP-XXL,SET097,1.0,KURTA SET,XXL,MUSTARD
SET097-KR-PP-XXXL,SET097,6.0,KURTA SET,XXXL,MUSTARD
SET098-KR-PP-L,SET098,66.0,KURTA SET,L,NAVY BLUE
SET098-KR-PP-M,SET098,163.0,KURTA SET,M,NAVY BLUE
SET098-KR-PP-S,SET098,53.0,KURTA SET,S,NAVY BLUE
SET098-KR-PP-XL,SET098,50.0,KURTA SET,XL,NAVY BLUE
SET098-KR-PP-XS,SET098,132.0,KURTA SET,XS,NAVY BLUE
SET098-KR-PP-XXL,SET098,16.0,KURTA SET,XXL,NAVY BLUE
SET098-KR-PP-XXXL,SET098,25.0,KURTA SET,XXXL,NAVY BLUE
SET100-KR-PP-L,SET100,3.0,KURTA SET,L,LIGHT GREEN
SET100-KR-PP-M,SET100,3.0,KURTA SET,M,LIGHT GREEN
SET100-KR-PP-S,SET100,22.0,KURTA SET,S,LIGHT GREEN
SET100-KR-PP-XL,SET100,2.0,KURTA SET,XL,LIGHT GREEN
SET100-KR-PP-XS,SET100,40.0,KURTA SET,XS,LIGHT GREEN
SET100-KR-PP-XXL,SET100,2.0,KURTA SET,XXL,LIGHT GREEN
SET100-KR-PP-XXXL,SET100,0.0,KURTA SET,XXXL,LIGHT GREEN
SET102-KR-PP-L,SET102,1.0,SET,L,NAVY BLUE
SET102-KR-PP-S,SET102,0.0,SET,S,NAVY BLUE
SET102-KR-PP-XL,SET102,1.0,SET,XL,NAVY BLUE
SET102-KR-PP-XXL,SET102,2.0,SET,XXL,NAVY BLUE
SET102-KR-PP-XXXL,SET102,1.0,SET,XXXL,NAVY BLUE
SET110-KR-PP-L,SET110,5.0,KURTA SET,L,BLACK
SET110-KR-PP-M,SET110,9.0,KURTA SET,M,BLACK
SET110-KR-PP-S,SET110,37.0,KURTA SET,S,BLACK
SET110-KR-PP-XL,SET110,2.0,KURTA SET,XL,BLACK
SET110-KR-PP-XS,SET110,47.0,KURTA SET,XS,BLACK
SET110-KR-PP-XXL,SET110,9.0,KURTA SET,XXL,BLACK
SET110-KR-PP-XXXL,SET110,44.0,KURTA SET,XXXL,BLACK
,SET111,0.0,,M,
,SET111,0.0,,XXXL,
SET116-KR-NP-L,SET116,3.0,KURTA SET,L,YELLOW
SET116-KR-NP-M,SET116,0.0,KURTA SET,M,YELLOW
SET116-KR-NP-S,SET116,4.0,KURTA SET,S,YELLOW
SET116-KR-NP-XL,SET116,3.0,KURTA SET,XL,YELLOW
SET116-KR-NP-XS,SET116,5.0,KURTA SET,XS,YELLOW
SET116-KR-NP-XXL,SET116,5.0,KURTA SET,XXL,YELLOW
SET116-KR-NP-XXXL,SET116,6.0,KURTA SET,XXXL,YELLOW
SET117-KR-NP-XS,SET117,1.0,SET,XS,BLUE
SET121-KR-NP-L,SET121,0.0,SET,L,BLUE
SET121-KR-NP-M,SET121,0.0,SET,M,BLUE
SET121-KR-NP-S,SET121,0.0,SET,S,BLUE
SET121-KR-NP-XL,SET121,0.0,SET,XL,BLUE
SET121-KR-NP-XS,SET121,0.0,SET,XS,BLUE
SET121-KR-NP-XXL,SET121,0.0,SET,XXL,BLUE
SET121-KR-NP-XXXL,SET121,0.0,SET,XXXL,BLUE
SET128-KR-DH-L,SET128,16.0,SET,L,BEIGE
SET128-KR-DH-M,SET128,10.0,SET,M,BEIGE
SET128-KR-DH-S,SET128,48.0,SET,S,BEIGE
SET128-KR-DH-XL,SET128,4.0,SET,XL,BEIGE
SET128-KR-DH-XS,SET128,63.0,SET,XS,BEIGE
SET128-KR-DH-XXL,SET128,10.0,SET,XXL,BEIGE
SET128-KR-DH-XXXL,SET128,18.0,SET,XXXL,BEIGE
SET130-KR-NP-L,SET130,3.0,KURTA SET,L,MAGENTA
SET130-KR-NP-M,SET130,77.0,KURTA SET,M,MAGENTA
SET130-KR-NP-S,SET130,43.0,KURTA SET,S,MAGENTA
SET130-KR-NP-XL,SET130,41.0,KURTA SET,XL,MAGENTA
SET130-KR-NP-XS,SET130,46.0,KURTA SET,XS,MAGENTA
SET130-KR-NP-XXL,SET130,10.0,KURTA SET,XXL,MAGENTA
SET130-KR-NP-XXXL,SET130,7.0,KURTA SET,XXXL,MAGENTA
SET131-KR-NP-L,SET131,5.0,KURTA SET,L,BLUE
SET131-KR-NP-M,SET131,4.0,KURTA SET,M,BLUE
SET131-KR-NP-S,SET131,10.0,KURTA SET,S,BLUE
SET131-KR-NP-XL,SET131,12.0,KURTA SET,XL,BLUE
SET131-KR-NP-XS,SET131,114.0,KURTA SET,XS,BLUE
SET131-KR-NP-XXL,SET131,5.0,KURTA SET,XXL,BLUE
SET131-KR-NP-XXXL,SET131,10.0,KURTA SET,XXXL,BLUE
SET132-KR-NP-L,SET132,3.0,KURTA SET,L,LIGHT GREEN
SET132-KR-NP-M,SET132,8.0,KURTA SET,M,LIGHT GREEN
SET132-KR-NP-S,SET132,38.0,KURTA SET,S,LIGHT GREEN
SET132-KR-NP-XL,SET132,4.0,KURTA SET,XL,LIGHT GREEN
SET132-KR-NP-XS,SET132,23.0,KURTA SET,XS,LIGHT GREEN
SET132-KR-NP-XXL,SET132,10.0,KURTA SET,XXL,LIGHT GREEN
SET132-KR-NP-XXXL,SET132,3.0,KURTA SET,XXXL,LIGHT GREEN
SET135-KR-PP-L,SET135,2.0,SET,L,NAVY BLUE
SET135-KR-PP-M,SET135,0.0,SET,M,NAVY BLUE
SET135-KR-PP-XL,SET135,1.0,SET,XL,NAVY BLUE
SET135-KR-PP-XS,SET135,3.0,SET,XS,NAVY BLUE
SET135-KR-PP-XXXL,SET135,3.0,SET,XXXL,NAVY BLUE
SET138-KR-PP-L,SET138,1.0,KURTA SET,L,PINK
SET138-KR-PP-M,SET138,2.0,KURTA SET,M,PINK
SET138-KR-PP-S,SET138,4.0,KURTA SET,S,PINK
SET138-KR-PP-XL,SET138,2.0,KURTA SET,XL,PINK
SET138-KR-PP-XS,SET138,6.0,KURTA SET,XS,PINK
SET138-KR-PP-XXL,SET138,3.0,KURTA SET,XXL,PINK
SET138-KR-PP-XXXL,SET138,2.0,KURTA SET,XXXL,PINK
SET139-KR-PP-L,SET139,0.0,SET,L,MAROON
SET139-KR-PP-M,SET139,1.0,SET,M,MAROON
SET139-KR-PP-S,SET139,0.0,SET,S,MAROON
SET139-KR-PP-XL,SET139,0.0,SET,XL,MAROON
SET139-KR-PP-XS,SET139,1.0,SET,XS,MAROON
SET139-KR-PP-XXL,SET139,0.0,SET,XXL,MAROON
SET139-KR-PP-XXXL,SET139,0.0,SET,XXXL,MAROON
SET143-KR-PP-L,SET143,0.0,SET,L,RED
SET143-KR-PP-M,SET143,3.0,SET,M,RED
SET143-KR-PP-S,SET143,2.0,SET,S,RED
SET143-KR-PP-XL,SET143,1.0,SET,XL,RED
SET143-KR-PP-XS,SET143,2.0,SET,XS,RED
SET143-KR-PP-XXL,SET143,0.0,SET,XXL,RED
SET143-KR-PP-XXXL,SET143,0.0,SET,XXXL,RED
SET144-KR-NP-L,SET144,51.0,KURTA SET,L,PINK
SET144-KR-NP-M,SET144,51.0,KURTA SET,M,PINK
SET144-KR-NP-S,SET144,61.0,KURTA SET,S,PINK
SET144-KR-NP-XL,SET144,48.0,KURTA SET,XL,PINK
SET144-KR-NP-XS,SET144,19.0,KURTA SET,XS,PINK
SET144-KR-NP-XXL,SET144,23.0,KURTA SET,XXL,PINK
SET144-KR-NP-XXXL,SET144,33.0,KURTA SET,XXXL,PINK
SET145-KR-NP-L,SET145,4.0,KURTA SET,L,BLUE
SET145-KR-NP-M,SET145,3.0,KURTA SET,M,BLUE
SET145-KR-NP-S,SET145,5.0,KURTA SET,S,BLUE
SET145-KR-NP-XL,SET145,5.0,KURTA SET,XL,BLUE
SET145-KR-NP-XS,SET145,7.0,KURTA SET,XS,BLUE
SET145-KR-NP-XXL,SET145,3.0,KURTA SET,XXL,BLUE
SET145-KR-NP-XXXL,SET145,3.0,KURTA SET,XXXL,BLUE
SET147-KR-NP-L,SET147,0.0,KURTA SET,L,NAVY BLUE
SET147-KR-NP-M,SET147,1.0,KURTA SET,M,NAVY BLUE
SET147-KR-NP-S,SET147,0.0,KURTA SET,S,NAVY BLUE
SET147-KR-NP-XL,SET147,1.0,KURTA SET,XL,NAVY BLUE
SET147-KR-NP-XS,SET147,2.0,KURTA SET,XS,NAVY BLUE
SET147-KR-NP-XXL,SET147,0.0,KURTA SET,XXL,NAVY BLUE
SET147-KR-NP-XXXL,SET147,3.0,KURTA SET,XXXL,NAVY BLUE
SET152-KR-NP-L,SET152,0.0,SET,L,ORANGE
SET152-KR-NP-M,SET152,0.0,SET,M,ORANGE
SET152-KR-NP-S,SET152,0.0,SET,S,ORANGE
SET152-KR-NP-XL,SET152,0.0,SET,XL,ORANGE
SET152-KR-NP-XS,SET152,3.0,SET,XS,ORANGE
SET152-KR-NP-XXL,SET152,0.0,SET,XXL,ORANGE
SET152-KR-NP-XXXL,SET152,0.0,SET,XXXL,ORANGE
SET153-KR-NP-L,SET153,0.0,SET,L,BLACK
SET153-KR-NP-M,SET153,1.0,SET,M,BLACK
SET153-KR-NP-S,SET153,0.0,SET,S,BLACK
SET153-KR-NP-XL,SET153,1.0,SET,XL,BLACK
SET153-KR-NP-XS,SET153,3.0,SET,XS,BLACK
SET153-KR-NP-XXL,SET153,0.0,SET,XXL,BLACK
SET153-KR-NP-XXXL,SET153,0.0,SET,XXXL,BLACK
SET154-KR-NP-L,SET154,20.0,KURTA SET,L,BLUE
SET154-KR-NP-M,SET154,38.0,KURTA SET,M,BLUE
SET154-KR-NP-S,SET154,16.0,KURTA SET,S,BLUE
SET154-KR-NP-XL,SET154,19.0,KURTA SET,XL,BLUE
SET154-KR-NP-XS,SET154,22.0,KURTA SET,XS,BLUE
SET154-KR-NP-XXL,SET154,3.0,KURTA SET,XXL,BLUE
SET154-KR-NP-XXXL,SET154,4.0,KURTA SET,XXXL,BLUE
SET155-KR-PP-L,SET155,0.0,KURTA SET,L,GREY
SET155-KR-PP-M,SET155,1.0,KURTA SET,M,GREY
SET155-KR-PP-S,SET155,1.0,KURTA SET,S,GREY
SET155-KR-PP-XL,SET155,1.0,KURTA SET,XL,GREY
SET155-KR-PP-XS,SET155,2.0,KURTA SET,XS,GREY
SET155-KR-PP-XXL,SET155,0.0,KURTA SET,XXL,GREY
SET155-KR-PP-XXXL,SET155,0.0,KURTA SET,XXXL,GREY
SET156-KR-NP-L,SET156,10.0,KURTA SET,L,YELLOW
SET156-KR-NP-M,SET156,9.0,KURTA SET,M,YELLOW
SET156-KR-NP-S,SET156,21.0,KURTA SET,S,YELLOW
SET156-KR-NP-XL,SET156,14.0,KURTA SET,XL,YELLOW
SET156-KR-NP-XS,SET156,9.0,KURTA SET,XS,YELLOW
SET156-KR-NP-XXL,SET156,25.0,KURTA SET,XXL,YELLOW
SET156-KR-NP-XXXL,SET156,14.0,KURTA SET,XXXL,YELLOW
SET158-KR-PP-L,SET158,28.0,KURTA SET,L,MUSTARD
SET158-KR-PP-M,SET158,35.0,KURTA SET,M,MUSTARD
SET158-KR-PP-S,SET158,52.0,KURTA SET,S,MUSTARD
SET158-KR-PP-XL,SET158,51.0,KURTA SET,XL,MUSTARD
SET158-KR-PP-XS,SET158,49.0,KURTA SET,XS,MUSTARD
SET158-KR-PP-XXL,SET158,71.0,KURTA SET,XXL,MUSTARD
SET158-KR-PP-XXXL,SET158,21.0,KURTA SET,XXXL,MUSTARD
SET159-KR-NP-L,SET159,1.0,KURTA SET,L,BEIGE
SET159-KR-NP-M,SET159,1.0,KURTA SET,M,BEIGE
SET159-KR-NP-S,SET159,0.0,KURTA SET,S,BEIGE
SET159-KR-NP-XL,SET159,1.0,KURTA SET,XL,BEIGE
SET159-KR-NP-XS,SET159,0.0,KURTA SET,XS,BEIGE
SET159-KR-NP-XXL,SET159,0.0,KURTA SET,XXL,BEIGE
SET165-KR-PP-L,SET165,4.0,KURTA SET,L,BLUE
SET165-KR-PP-M,SET165,1.0,KURTA SET,M,BLUE
SET165-KR-PP-S,SET165,1.0,KURTA SET,S,BLUE
SET165-KR-PP-XL,SET165,4.0,KURTA SET,XL,BLUE
SET165-KR-PP-XS,SET165,8.0,KURTA SET,XS,BLUE
SET165-KR-PP-XXL,SET165,7.0,KURTA SET,XXL,BLUE
SET165-KR-PP-XXXL,SET165,0.0,KURTA SET,XXXL,BLUE
SET171-KR-NP-L,SET171,6.0,KURTA SET,L,CREAM
SET171-KR-NP-M,SET171,2.0,KURTA SET,M,CREAM
SET171-KR-NP-S,SET171,5.0,KURTA SET,S,CREAM
SET171-KR-NP-XL,SET171,4.0,KURTA SET,XL,CREAM
SET171-KR-NP-XS,SET171,52.0,KURTA SET,XS,CREAM
SET171-KR-NP-XXL,SET171,1.0,KURTA SET,XXL,CREAM
SET171-KR-NP-XXXL,SET171,9.0,KURTA SET,XXXL,CREAM
SET172-KR-PP-L,SET172,51.0,KURTA SET,L,MULTICOLOR
SET172-KR-PP-M,SET172,59.0,KURTA SET,M,MULTICOLOR
SET172-KR-PP-S,SET172,22.0,KURTA SET,S,MULTICOLOR
SET172-KR-PP-XL,SET172,9.0,KURTA SET,XL,MULTICOLOR
SET172-KR-PP-XS,SET172,28.0,KURTA SET,XS,MULTICOLOR
SET172-KR-PP-XXL,SET172,65.0,KURTA SET,XXL,MULTICOLOR
SET172-KR-PP-XXXL,SET172,104.0,KURTA SET,XXXL,MULTICOLOR
SET179-KR-PP-L,SET179,0.0,KURTA SET,L,WHITE
SET179-KR-PP-M,SET179,1.0,KURTA SET,M,WHITE
SET179-KR-PP-S,SET179,0.0,KURTA SET,S,WHITE
SET179-KR-PP-XL,SET179,0.0,KURTA SET,XL,WHITE
SET179-KR-PP-XS,SET179,6.0,KURTA SET,XS,WHITE
SET179-KR-PP-XXL,SET179,1.0,KURTA SET,XXL,WHITE
SET179-KR-PP-XXXL,SET179,3.0,KURTA SET,XXXL,WHITE
SET182-KR-DH-L,SET182,18.0,KURTA SET,L,BLACK
SET182-KR-DH-M,SET182,4.0,KURTA SET,M,BLACK
SET182-KR-DH-S,SET182,6.0,KURTA SET,S,BLACK
SET182-KR-DH-XL,SET182,44.0,KURTA SET,XL,BLACK
SET182-KR-DH-XS,SET182,109.0,KURTA SET,XS,BLACK
SET182-KR-DH-XXL,SET182,2.0,KURTA SET,XXL,BLACK
SET182-KR-DH-XXXL,SET182,4.0,KURTA SET,XXXL,BLACK
SET183-KR-DH-L,SET183,123.0,KURTA SET,L,OLIVE GREEN
SET183-KR-DH-M,SET183,73.0,KURTA SET,M,OLIVE GREEN
SET183-KR-DH-S,SET183,293.0,KURTA SET,S,OLIVE GREEN
SET183-KR-DH-XL,SET183,116.0,KURTA SET,XL,OLIVE GREEN
SET183-KR-DH-XS,SET183,45.0,KURTA SET,XS,OLIVE GREEN
SET183-KR-DH-XXL,SET183,52.0,KURTA SET,XXL,OLIVE GREEN
SET183-KR-DH-XXXL,SET183,26.0,KURTA SET,XXXL,OLIVE GREEN
SET184-KR-PP-L,SET184,11.0,KURTA SET,L,TEAL
SET184-KR-PP-M,SET184,6.0,KURTA SET,M,TEAL
SET184-KR-PP-S,SET184,10.0,KURTA SET,S,TEAL
SET184-KR-PP-XL,SET184,11.0,KURTA SET,XL,TEAL
SET184-KR-PP-XS,SET184,10.0,KURTA SET,XS,TEAL
SET184-KR-PP-XXL,SET184,2.0,KURTA SET,XXL,TEAL
SET184-KR-PP-XXXL,SET184,4.0,KURTA SET,XXXL,TEAL
SET185-KR-NP-L,SET185,39.0,KURTA SET,L,MUSTARD
SET185-KR-NP-M,SET185,31.0,KURTA SET,M,MUSTARD
SET185-KR-NP-S,SET185,39.0,KURTA SET,S,MUSTARD
SET185-KR-NP-XL,SET185,42.0,KURTA SET,XL,MUSTARD
SET185-KR-NP-XS,SET185,26.0,KURTA SET,XS,MUSTARD
SET185-KR-NP-XXL,SET185,38.0,KURTA SET,XXL,MUSTARD
SET185-KR-NP-XXXL,SET185,7.0,KURTA SET,XXXL,MUSTARD
SET186-KR-DH-L,SET186,13.0,KURTA SET,L,NAVY BLUE
SET186-KR-DH-M,SET186,94.0,KURTA SET,M,NAVY BLUE
SET186-KR-DH-S,SET186,38.0,KURTA SET,S,NAVY BLUE
SET186-KR-DH-XL,SET186,38.0,KURTA SET,XL,NAVY BLUE
SET186-KR-DH-XS,SET186,108.0,KURTA SET,XS,NAVY BLUE
SET186-KR-DH-XXL,SET186,1.0,KURTA SET,XXL,NAVY BLUE
SET186-KR-DH-XXXL,SET186,0.0,KURTA SET,XXXL,NAVY BLUE
SET187-KR-DH-L,SET187,113.0,KURTA SET,L,PEACH
SET187-KR-DH-M,SET187,318.0,KURTA SET,M,PEACH
SET187-KR-DH-S,SET187,136.0,KURTA SET,S,PEACH
SET187-KR-DH-XL,SET187,71.0,KURTA SET,XL,PEACH
SET187-KR-DH-XS,SET187,102.0,KURTA SET,XS,PEACH
SET187-KR-DH-XXL,SET187,63.0,KURTA SET,XXL,PEACH
SET187-KR-DH-XXXL,SET187,52.0,KURTA SET,XXXL,PEACH
SET188-KR-NP-L,SET188,30.0,KURTA SET,L,PINK
SET188-KR-NP-M,SET188,85.0,KURTA SET,M,PINK
SET188-KR-NP-S,SET188,31.0,KURTA SET,S,PINK
SET188-KR-NP-XL,SET188,10.0,KURTA SET,XL,PINK
SET188-KR-NP-XS,SET188,106.0,KURTA SET,XS,PINK
SET188-KR-NP-XXL,SET188,13.0,KURTA SET,XXL,PINK
SET188-KR-NP-XXXL,SET188,58.0,KURTA SET,XXXL,PINK
SET191-KR-PP-L,SET191,1.0,KURTA SET,L,NAVY BLUE
SET191-KR-PP-M,SET191,2.0,KURTA SET,M,NAVY BLUE
SET191-KR-PP-S,SET191,3.0,KURTA SET,S,NAVY BLUE
SET191-KR-PP-XL,SET191,3.0,KURTA SET,XL,NAVY BLUE
SET191-KR-PP-XS,SET191,35.0,KURTA SET,XS,NAVY BLUE
SET191-KR-PP-XXL,SET191,2.0,KURTA SET,XXL,NAVY BLUE
SET191-KR-PP-XXXL,SET191,1.0,KURTA SET,XXXL,NAVY BLUE
SET192-KR-NP-L,SET192,3.0,KURTA SET,L,TEAL
SET192-KR-NP-M,SET192,6.0,KURTA SET,M,TEAL
SET192-KR-NP-S,SET192,18.0,KURTA SET,S,TEAL
SET192-KR-NP-XL,SET192,4.0,KURTA SET,XL,TEAL
SET192-KR-NP-XS,SET192,25.0,KURTA SET,XS,TEAL
SET192-KR-NP-XXL,SET192,7.0,KURTA SET,XXL,TEAL
SET192-KR-NP-XXXL,SET192,8.0,KURTA SET,XXXL,TEAL
SET193-KR-NP-L,SET193,1.0,KURTA SET,L,PINK
SET193-KR-NP-M,SET193,4.0,KURTA SET,M,PINK
SET193-KR-NP-S,SET193,29.0,KURTA SET,S,PINK
SET193-KR-NP-XL,SET193,11.0,KURTA SET,XL,PINK
SET193-KR-NP-XS,SET193,10.0,KURTA SET,XS,PINK
SET193-KR-NP-XXL,SET193,32.0,KURTA SET,XXL,PINK
SET193-KR-NP-XXXL,SET193,42.0,KURTA SET,XXXL,PINK
SET194-KR-NP-L,SET194,84.0,KURTA SET,L,MUSTARD
SET194-KR-NP-M,SET194,96.0,KURTA SET,M,MUSTARD
SET194-KR-NP-S,SET194,53.0,KURTA SET,S,MUSTARD
SET194-KR-NP-XL,SET194,27.0,KURTA SET,XL,MUSTARD
SET194-KR-NP-XS,SET194,114.0,KURTA SET,XS,MUSTARD
SET194-KR-NP-XXL,SET194,167.0,KURTA SET,XXL,MUSTARD
SET194-KR-NP-XXXL,SET194,82.0,KURTA SET,XXXL,MUSTARD
SET195-KR-NP-L,SET195,8.0,KURTA SET,L,BEIGE
SET195-KR-NP-M,SET195,3.0,KURTA SET,M,BEIGE
SET195-KR-NP-S,SET195,6.0,KURTA SET,S,BEIGE
SET195-KR-NP-XL,SET195,4.0,KURTA SET,XL,BEIGE
SET195-KR-NP-XS,SET195,19.0,KURTA SET,XS,BEIGE
SET195-KR-NP-XXL,SET195,7.0,KURTA SET,XXL,BEIGE
SET195-KR-NP-XXXL,SET195,16.0,KURTA SET,XXXL,BEIGE
SET196-KR-NP-L,SET196,51.0,KURTA SET,L,RED
SET196-KR-NP-M,SET196,85.0,KURTA SET,M,RED
SET196-KR-NP-S,SET196,81.0,KURTA SET,S,RED
SET196-KR-NP-XL,SET196,40.0,KURTA SET,XL,RED
SET196-KR-NP-XS,SET196,67.0,KURTA SET,XS,RED
SET196-KR-NP-XXL,SET196,26.0,KURTA SET,XXL,RED
SET196-KR-NP-XXXL,SET196,22.0,KURTA SET,XXXL,RED
SET197-KR-NP-L,SET197,358.0,KURTA SET,L,MUSTARD
SET197-KR-NP-M,SET197,11.0,KURTA SET,M,MUSTARD
SET197-KR-NP-S,SET197,196.0,KURTA SET,S,MUSTARD
SET197-KR-NP-XL,SET197,117.0,KURTA SET,XL,MUSTARD
SET197-KR-NP-XS,SET197,191.0,KURTA SET,XS,MUSTARD
SET197-KR-NP-XXL,SET197,104.0,KURTA SET,XXL,MUSTARD
SET197-KR-NP-XXXL,SET197,49.0,KURTA SET,XXXL,MUSTARD
SET198-KR-NP-L,SET198,2.0,KURTA SET,L,PINK
SET198-KR-NP-M,SET198,3.0,KURTA SET,M,PINK
SET198-KR-NP-S,SET198,4.0,KURTA SET,S,PINK
SET198-KR-NP-XL,SET198,3.0,KURTA SET,XL,PINK
SET198-KR-NP-XS,SET198,25.0,KURTA SET,XS,PINK
SET198-KR-NP-XXL,SET198,3.0,KURTA SET,XXL,PINK
SET198-KR-NP-XXXL,SET198,2.0,KURTA SET,XXXL,PINK
SET199-KR-NP-L,SET199,11.0,KURTA SET,L,PEACH
SET199-KR-NP-M,SET199,44.0,KURTA SET,M,PEACH
SET199-KR-NP-S,SET199,45.0,KURTA SET,S,PEACH
SET199-KR-NP-XL,SET199,5.0,KURTA SET,XL,PEACH
SET199-KR-NP-XS,SET199,40.0,KURTA SET,XS,PEACH
SET199-KR-NP-XXL,SET199,7.0,KURTA SET,XXL,PEACH
SET199-KR-NP-XXXL,SET199,21.0,KURTA SET,XXXL,PEACH
SET200-KR-NP-L,SET200,1.0,KURTA SET,L,MAROON
SET200-KR-NP-M,SET200,3.0,KURTA SET,M,MAROON
SET200-KR-NP-S,SET200,13.0,KURTA SET,S,MAROON
SET200-KR-NP-XL,SET200,2.0,KURTA SET,XL,MAROON
SET200-KR-NP-XS,SET200,68.0,KURTA SET,XS,MAROON
SET200-KR-NP-XXL,SET200,5.0,KURTA SET,XXL,MAROON
SET200-KR-NP-XXXL,SET200,1.0,KURTA SET,XXXL,MAROON
SET201-KR-NP-L,SET201,2.0,KURTA SET,L,OLIVE
SET201-KR-NP-M,SET201,4.0,KURTA SET,M,OLIVE
SET201-KR-NP-S,SET201,2.0,KURTA SET,S,OLIVE
SET201-KR-NP-XL,SET201,2.0,KURTA SET,XL,OLIVE
SET201-KR-NP-XS,SET201,11.0,KURTA SET,XS,OLIVE
SET201-KR-NP-XXL,SET201,1.0,KURTA SET,XXL,OLIVE
SET201-KR-NP-XXXL,SET201,2.0,KURTA SET,XXXL,OLIVE
SET202-KR-NP-L,SET202,0.0,KURTA SET,L,TEAL
SET202-KR-NP-M,SET202,0.0,KURTA SET,M,TEAL
SET202-KR-NP-S,SET202,0.0,KURTA SET,S,TEAL
SET202-KR-NP-XL,SET202,1.0,KURTA SET,XL,TEAL
SET202-KR-NP-XS,SET202,0.0,KURTA SET,XS,TEAL
SET202-KR-NP-XXL,SET202,0.0,KURTA SET,XXL,TEAL
SET202-KR-NP-XXXL,SET202,1.0,KURTA SET,XXXL,TEAL
SET203-KR-DPT-L,SET203,8.0,KURTA SET,L,MAROON
SET203-KR-DPT-M,SET203,37.0,KURTA SET,M,MAROON
SET203-KR-DPT-S,SET203,16.0,KURTA SET,S,MAROON
SET203-KR-DPT-XL,SET203,7.0,KURTA SET,XL,MAROON
SET203-KR-DPT-XS,SET203,14.0,KURTA SET,XS,MAROON
SET203-KR-DPT-XXL,SET203,12.0,KURTA SET,XXL,MAROON
SET203-KR-DPT-XXXL,SET203,8.0,KURTA SET,XXXL,MAROON
SET204-KR-DPT-L,SET204,4.0,KURTA SET,L,GREEN
SET204-KR-DPT-M,SET204,2.0,KURTA SET,M,GREEN
SET204-KR-DPT-S,SET204,5.0,KURTA SET,S,GREEN
SET204-KR-DPT-XL,SET204,4.0,KURTA SET,XL,GREEN
SET204-KR-DPT-XS,SET204,3.0,KURTA SET,XS,GREEN
SET204-KR-DPT-XXL,SET204,3.0,KURTA SET,XXL,GREEN
SET204-KR-DPT-XXXL,SET204,5.0,KURTA SET,XXXL,GREEN
SET205-KR-DPT-L,SET205,2.0,KURTA SET,L,YELLOW
SET205-KR-DPT-M,SET205,9.0,KURTA SET,M,YELLOW
SET205-KR-DPT-S,SET205,15.0,KURTA SET,S,YELLOW
SET205-KR-DPT-XL,SET205,3.0,KURTA SET,XL,YELLOW
SET205-KR-DPT-XS,SET205,15.0,KURTA SET,XS,YELLOW
SET205-KR-DPT-XXL,SET205,6.0,KURTA SET,XXL,YELLOW
SET205-KR-DPT-XXXL,SET205,4.0,KURTA SET,XXXL,YELLOW
SET206-KR-PP-L,SET206,0.0,KURTA SET,L,CREAM
SET206-KR-PP-M,SET206,0.0,KURTA SET,M,CREAM
SET206-KR-PP-S,SET206,1.0,KURTA SET,S,CREAM
SET206-KR-PP-XL,SET206,0.0,KURTA SET,XL,CREAM
SET206-KR-PP-XS,SET206,2.0,KURTA SET,XS,CREAM
SET206-KR-PP-XXL,SET206,1.0,KURTA SET,XXL,CREAM
SET206-KR-PP-XXXL,SET206,0.0,KURTA SET,XXXL,CREAM
SET209-KR-PP-L,SET209,7.0,KURTA SET,L,PINK
SET209-KR-PP-M,SET209,15.0,KURTA SET,M,PINK
SET209-KR-PP-S,SET209,38.0,KURTA SET,S,PINK
SET209-KR-PP-XL,SET209,8.0,KURTA SET,XL,PINK
SET209-KR-PP-XS,SET209,27.0,KURTA SET,XS,PINK
SET209-KR-PP-XXL,SET209,15.0,KURTA SET,XXL,PINK
SET209-KR-PP-XXXL,SET209,2.0,KURTA SET,XXXL,PINK
SET210-KR-PP-L,SET210,2.0,KURTA SET,L,GREY
SET210-KR-PP-M,SET210,5.0,KURTA SET,M,GREY
SET210-KR-PP-S,SET210,2.0,KURTA SET,S,GREY
SET210-KR-PP-XL,SET210,3.0,KURTA SET,XL,GREY
SET210-KR-PP-XS,SET210,18.0,KURTA SET,XS,GREY
SET210-KR-PP-XXL,SET210,0.0,KURTA SET,XXL,GREY
SET210-KR-PP-XXXL,SET210,0.0,KURTA SET,XXXL,GREY
SET211-KR-DPT-L,SET211,1.0,KURTA SET,L,TEAL
SET211-KR-DPT-M,SET211,1.0,KURTA SET,M,TEAL
SET211-KR-DPT-S,SET211,2.0,KURTA SET,S,TEAL
SET211-KR-DPT-XL,SET211,1.0,KURTA SET,XL,TEAL
SET211-KR-DPT-XS,SET211,2.0,KURTA SET,XS,TEAL
SET211-KR-DPT-XXL,SET211,3.0,KURTA SET,XXL,TEAL
SET211-KR-DPT-XXXL,SET211,1.0,KURTA SET,XXXL,TEAL
SET213-KR-DPT-M,SET213,0.0,KURTA SET,M,GREY
SET213-KR-DPT-XXL,SET213,2.0,KURTA SET,XXL,GREY
SET214-KR-DPT-L,SET214,2.0,KURTA SET,L,MUSTARD
SET214-KR-DPT-M,SET214,1.0,KURTA SET,M,MUSTARD
SET214-KR-DPT-XL,SET214,2.0,KURTA SET,XL,MUSTARD
SET214-KR-DPT-XS,SET214,2.0,KURTA SET,XS,MUSTARD
SET214-KR-DPT-XXL,SET214,3.0,KURTA SET,XXL,MUSTARD
SET214-KR-DPT-XXXL,SET214,2.0,KURTA SET,XXXL,MUSTARD
SET216-KR-PP-L,SET216,0.0,KURTA SET,L,LIGHT GREEN
SET216-KR-PP-M,SET216,3.0,KURTA SET,M,LIGHT GREEN
SET216-KR-PP-S,SET216,3.0,KURTA SET,S,LIGHT GREEN
SET216-KR-PP-XL,SET216,2.0,KURTA SET,XL,LIGHT GREEN
SET216-KR-PP-XXL,SET216,1.0,KURTA SET,XXL,LIGHT GREEN
SET217-KR-PP-L,SET217,3.0,KURTA SET,L,SEA GREEN
SET217-KR-PP-M,SET217,7.0,KURTA SET,M,SEA GREEN
SET217-KR-PP-S,SET217,10.0,KURTA SET,S,SEA GREEN
SET217-KR-PP-XL,SET217,6.0,KURTA SET,XL,SEA GREEN
SET217-KR-PP-XS,SET217,18.0,KURTA SET,XS,SEA GREEN
SET217-KR-PP-XXL,SET217,9.0,KURTA SET,XXL,SEA GREEN
SET217-KR-PP-XXXL,SET217,4.0,KURTA SET,XXXL,SEA GREEN
SET218-KR-NP-L,SET218,4.0,KURTA SET,L,SKY BLUE
SET218-KR-NP-M,SET218,3.0,KURTA SET,M,SKY BLUE
SET218-KR-NP-S,SET218,5.0,KURTA SET,S,SKY BLUE
SET218-KR-NP-XL,SET218,4.0,KURTA SET,XL,SKY BLUE
SET218-KR-NP-XS,SET218,9.0,KURTA SET,XS,SKY BLUE
SET218-KR-NP-XXL,SET218,10.0,KURTA SET,XXL,SKY BLUE
SET218-KR-NP-XXXL,SET218,5.0,KURTA SET,XXXL,SKY BLUE
SET219-KR-PP-L,SET219,6.0,KURTA SET,L,TURQUOISE GREEN
SET219-KR-PP-M,SET219,5.0,KURTA SET,M,TURQUOISE GREEN
SET219-KR-PP-S,SET219,23.0,KURTA SET,S,TURQUOISE GREEN
SET219-KR-PP-XL,SET219,5.0,KURTA SET,XL,TURQUOISE GREEN
SET219-KR-PP-XS,SET219,65.0,KURTA SET,XS,TURQUOISE GREEN
SET219-KR-PP-XXL,SET219,2.0,KURTA SET,XXL,TURQUOISE GREEN
SET219-KR-PP-XXXL,SET219,2.0,KURTA SET,XXXL,TURQUOISE GREEN
SET220-KR-PP-L,SET220,2.0,KURTA SET,L,WHITE
SET220-KR-PP-M,SET220,3.0,KURTA SET,M,WHITE
SET220-KR-PP-S,SET220,33.0,KURTA SET,S,WHITE
SET220-KR-PP-XL,SET220,3.0,KURTA SET,XL,WHITE
SET220-KR-PP-XS,SET220,31.0,KURTA SET,XS,WHITE
SET220-KR-PP-XXL,SET220,7.0,KURTA SET,XXL,WHITE
SET220-KR-PP-XXXL,SET220,3.0,KURTA SET,XXXL,WHITE
SET221-KR-NP-L,SET221,0.0,KURTA SET,L,MUSTARD
SET221-KR-NP-M,SET221,8.0,KURTA SET,M,MUSTARD
SET221-KR-NP-S,SET221,13.0,KURTA SET,S,MUSTARD
SET221-KR-NP-XL,SET221,2.0,KURTA SET,XL,MUSTARD
SET221-KR-NP-XS,SET221,44.0,KURTA SET,XS,MUSTARD
SET221-KR-NP-XXL,SET221,11.0,KURTA SET,XXL,MUSTARD
SET221-KR-NP-XXXL,SET221,29.0,KURTA SET,XXXL,MUSTARD
SET223-KR-NP-L,SET223,1.0,KURTA SET,L,PINK
SET223-KR-NP-M,SET223,2.0,KURTA SET,M,PINK
SET223-KR-NP-S,SET223,5.0,KURTA SET,S,PINK
SET223-KR-NP-XL,SET223,2.0,KURTA SET,XL,PINK
SET223-KR-NP-XS,SET223,28.0,KURTA SET,XS,PINK
SET223-KR-NP-XXL,SET223,4.0,KURTA SET,XXL,PINK
SET223-KR-NP-XXXL,SET223,3.0,KURTA SET,XXXL,PINK
SET224-KR-NP-L,SET224,2.0,KURTA SET,L,RUST
SET224-KR-NP-M,SET224,0.0,KURTA SET,M,RUST
SET224-KR-NP-S,SET224,6.0,KURTA SET,S,RUST
SET224-KR-NP-XL,SET224,3.0,KURTA SET,XL,RUST
SET224-KR-NP-XS,SET224,6.0,KURTA SET,XS,RUST
SET224-KR-NP-XXL,SET224,5.0,KURTA SET,XXL,RUST
SET224-KR-NP-XXXL,SET224,65.0,KURTA SET,XXXL,RUST
SET225-KR-NP-L,SET225,2.0,KURTA,L,MUSTARD
SET225-KR-NP-M,SET225,2.0,KURTA,M,MUSTARD
SET225-KR-NP-S,SET225,2.0,KURTA,S,MUSTARD
SET225-KR-NP-XL,SET225,14.0,KURTA,XL,MUSTARD
SET225-KR-NP-XS,SET225,9.0,KURTA,XS,MUSTARD
SET225-KR-NP-XXL,SET225,5.0,KURTA,XXL,MUSTARD
SET225-KR-NP-XXXL,SET225,4.0,KURTA,XXXL,MUSTARD
SET226-KR-PP-L,SET226,33.0,KURTA SET,L,GREY
SET226-KR-PP-M,SET226,13.0,KURTA SET,M,GREY
SET226-KR-PP-S,SET226,49.0,KURTA SET,S,GREY
SET226-KR-PP-XL,SET226,4.0,KURTA SET,XL,GREY
SET226-KR-PP-XS,SET226,4.0,KURTA SET,XS,GREY
SET226-KR-PP-XXL,SET226,6.0,KURTA SET,XXL,GREY
SET226-KR-PP-XXXL,SET226,4.0,KURTA SET,XXXL,GREY
SET227-KR-PP-L,SET227,2.0,KURTA SET,L,PINK
SET227-KR-PP-M,SET227,6.0,KURTA SET,M,PINK
SET227-KR-PP-S,SET227,4.0,KURTA SET,S,PINK
SET227-KR-PP-XL,SET227,6.0,KURTA SET,XL,PINK
SET227-KR-PP-XS,SET227,6.0,KURTA SET,XS,PINK
SET227-KR-PP-XXL,SET227,6.0,KURTA SET,XXL,PINK
SET227-KR-PP-XXXL,SET227,2.0,KURTA SET,XXXL,PINK
SET228-KR-PP-L,SET228,9.0,KURTA SET,L,YELLOW
SET228-KR-PP-M,SET228,30.0,KURTA SET,M,YELLOW
SET228-KR-PP-S,SET228,6.0,KURTA SET,S,YELLOW
SET228-KR-PP-XL,SET228,2.0,KURTA SET,XL,YELLOW
SET228-KR-PP-XS,SET228,46.0,KURTA SET,XS,YELLOW
SET228-KR-PP-XXL,SET228,6.0,KURTA SET,XXL,YELLOW
SET228-KR-PP-XXXL,SET228,2.0,KURTA SET,XXXL,YELLOW
SET229-KR-PP-L,SET229,21.0,KURTA SET,L,MAUVE
SET229-KR-PP-M,SET229,25.0,KURTA SET,M,MAUVE
SET229-KR-PP-S,SET229,36.0,KURTA SET,S,MAUVE
SET229-KR-PP-XL,SET229,18.0,KURTA SET,XL,MAUVE
SET229-KR-PP-XS,SET229,25.0,KURTA SET,XS,MAUVE
SET229-KR-PP-XXL,SET229,28.0,KURTA SET,XXL,MAUVE
SET229-KR-PP-XXXL,SET229,29.0,KURTA SET,XXXL,MAUVE
SET230-KR-PP-L,SET230,29.0,KURTA SET,L,BLUE
SET230-KR-PP-M,SET230,30.0,KURTA SET,M,BLUE
SET230-KR-PP-S,SET230,35.0,KURTA SET,S,BLUE
SET230-KR-PP-XL,SET230,53.0,KURTA SET,XL,BLUE
SET230-KR-PP-XS,SET230,23.0,KURTA SET,XS,BLUE
SET230-KR-PP-XXL,SET230,21.0,KURTA SET,XXL,BLUE
SET230-KR-PP-XXXL,SET230,10.0,KURTA SET,XXXL,BLUE
SET231-KR-PP-L,SET231,0.0,KURTA SET,L,CREAM
SET231-KR-PP-M,SET231,2.0,KURTA SET,M,CREAM
SET231-KR-PP-XL,SET231,2.0,KURTA SET,XL,CREAM
SET231-KR-PP-XXL,SET231,2.0,KURTA SET,XXL,CREAM
SET232-KR-PP-L,SET232,13.0,KURTA SET,L,PINK
SET232-KR-PP-M,SET232,37.0,KURTA SET,M,PINK
SET232-KR-PP-S,SET232,44.0,KURTA SET,S,PINK
SET232-KR-PP-XL,SET232,4.0,KURTA SET,XL,PINK
SET232-KR-PP-XS,SET232,30.0,KURTA SET,XS,PINK
SET232-KR-PP-XXL,SET232,2.0,KURTA SET,XXL,PINK
SET232-KR-PP-XXXL,SET232,8.0,KURTA SET,XXXL,PINK
SET233-KR-PP-L,SET233,4.0,KURTA SET,L,PINK
SET233-KR-PP-M,SET233,4.0,KURTA SET,M,PINK
SET233-KR-PP-S,SET233,5.0,KURTA SET,S,PINK
SET233-KR-PP-XL,SET233,2.0,KURTA SET,XL,PINK
SET233-KR-PP-XS,SET233,17.0,KURTA SET,XS,PINK
SET233-KR-PP-XXL,SET233,1.0,KURTA SET,XXL,PINK
SET233-KR-PP-XXXL,SET233,2.0,KURTA SET,XXXL,PINK
SET234-KR-PP-L,SET234,0.0,KURTA SET,L,GREEN
SET234-KR-PP-M,SET234,0.0,KURTA SET,M,GREEN
SET234-KR-PP-S,SET234,0.0,KURTA SET,S,GREEN
SET234-KR-PP-XL,SET234,0.0,KURTA SET,XL,GREEN
SET234-KR-PP-XXL,SET234,0.0,KURTA SET,XXL,GREEN
,SET234,1.0,KURTA SET,XXXL,GREEN
SET235-KR-PP-L,SET235,0.0,KURTA SET,L,BEIGE
SET235-KR-PP-M,SET235,0.0,KURTA SET,M,BEIGE
SET235-KR-PP-S,SET235,1.0,KURTA SET,S,BEIGE
SET235-KR-PP-XL,SET235,1.0,KURTA SET,XL,BEIGE
SET235-KR-PP-XXL,SET235,0.0,KURTA SET,XXL,BEIGE
SET236-KR-PP-L,SET236,8.0,SET,L,PINK
SET236-KR-PP-M,SET236,6.0,SET,M,PINK
SET236-KR-PP-S,SET236,9.0,SET,S,PINK
SET236-KR-PP-XL,SET236,8.0,SET,XL,PINK
SET236-KR-PP-XS,SET236,18.0,SET,XS,PINK
SET236-KR-PP-XXL,SET236,0.0,SET,XXL,PINK
SET236-KR-PP-XXXL,SET236,4.0,SET,XXXL,PINK
SET238-KR-PP-L,SET238,2.0,KURTA SET,L,GREY
SET238-KR-PP-M,SET238,2.0,KURTA SET,M,GREY
SET238-KR-PP-S,SET238,5.0,KURTA SET,S,GREY
SET238-KR-PP-XL,SET238,1.0,KURTA SET,XL,GREY
SET238-KR-PP-XS,SET238,35.0,KURTA SET,XS,GREY
SET238-KR-PP-XXL,SET238,2.0,KURTA SET,XXL,GREY
SET238-KR-PP-XXXL,SET238,2.0,KURTA SET,XXXL,GREY
SET239-KR-NP-L,SET239,4.0,KURTA SET,L,OFF WHITE
SET239-KR-NP-M,SET239,4.0,KURTA SET,M,OFF WHITE
SET239-KR-NP-S,SET239,7.0,KURTA SET,S,OFF WHITE
SET239-KR-NP-XL,SET239,2.0,KURTA SET,XL,OFF WHITE
SET239-KR-NP-XS,SET239,3.0,KURTA SET,XS,OFF WHITE
SET239-KR-NP-XXL,SET239,2.0,KURTA SET,XXL,OFF WHITE
SET239-KR-NP-XXXL,SET239,4.0,KURTA SET,XXXL,OFF WHITE
SET240-KR-PP-L,SET240,17.0,KURTA SET,L,YELLOW
SET240-KR-PP-M,SET240,17.0,KURTA SET,M,YELLOW
SET240-KR-PP-S,SET240,43.0,KURTA SET,S,YELLOW
SET240-KR-PP-XL,SET240,27.0,KURTA SET,XL,YELLOW
SET240-KR-PP-XS,SET240,26.0,KURTA SET,XS,YELLOW
SET240-KR-PP-XXL,SET240,10.0,KURTA SET,XXL,YELLOW
SET240-KR-PP-XXXL,SET240,7.0,KURTA SET,XXXL,YELLOW
SET241-KR-PP-L,SET241,0.0,KURTA SET,L,TURQUOISE GREEN
SET241-KR-PP-M,SET241,0.0,KURTA SET,M,TURQUOISE GREEN
SET241-KR-PP-S,SET241,0.0,KURTA SET,S,TURQUOISE GREEN
SET241-KR-PP-XS,SET241,1.0,KURTA SET,XS,TURQUOISE GREEN
SET241-KR-PP-XXL,SET241,1.0,KURTA SET,XXL,TURQUOISE GREEN
SET241-KR-PP-XXXL,SET241,0.0,KURTA SET,XXXL,TURQUOISE GREEN
SET242-KR-PP-L,SET242,2.0,KURTA SET,L,BLACK
SET242-KR-PP-M,SET242,2.0,KURTA SET,M,BLACK
SET242-KR-PP-S,SET242,12.0,KURTA SET,S,BLACK
SET242-KR-PP-XL,SET242,3.0,KURTA SET,XL,BLACK
SET242-KR-PP-XS,SET242,5.0,KURTA SET,XS,BLACK
SET242-KR-PP-XXL,SET242,2.0,KURTA SET,XXL,BLACK
SET242-KR-PP-XXXL,SET242,2.0,KURTA SET,XXXL,BLACK
SET243-KR-PP-L,SET243,4.0,KURTA SET,L,BLUE
SET243-KR-PP-M,SET243,10.0,KURTA SET,M,BLUE
SET243-KR-PP-S,SET243,8.0,KURTA SET,S,BLUE
SET243-KR-PP-XL,SET243,10.0,KURTA SET,XL,BLUE
SET243-KR-PP-XS,SET243,12.0,KURTA SET,XS,BLUE
SET243-KR-PP-XXL,SET243,3.0,KURTA SET,XXL,BLUE
SET243-KR-PP-XXXL,SET243,3.0,KURTA SET,XXXL,BLUE
SET244-KR-NP-L,SET244,30.0,KURTA SET,L,PINK
SET244-KR-NP-M,SET244,26.0,KURTA SET,M,PINK
SET244-KR-NP-S,SET244,35.0,KURTA SET,S,PINK
SET244-KR-NP-XL,SET244,34.0,KURTA SET,XL,PINK
SET244-KR-NP-XS,SET244,20.0,KURTA SET,XS,PINK
SET244-KR-NP-XXL,SET244,13.0,KURTA SET,XXL,PINK
SET244-KR-NP-XXXL,SET244,27.0,KURTA SET,XXXL,PINK
SET245-KR-NP-L,SET245,85.0,KURTA SET,L,MUSTARD
SET245-KR-NP-M,SET245,113.0,KURTA SET,M,MUSTARD
SET245-KR-NP-S,SET245,131.0,KURTA SET,S,MUSTARD
SET245-KR-NP-XL,SET245,103.0,KURTA SET,XL,MUSTARD
SET245-KR-NP-XS,SET245,92.0,KURTA SET,XS,MUSTARD
SET245-KR-NP-XXL,SET245,43.0,KURTA SET,XXL,MUSTARD
SET245-KR-NP-XXXL,SET245,39.0,KURTA SET,XXXL,MUSTARD
SET246-KR-PP-L,SET246,8.0,KURTA SET,L,RED
SET246-KR-PP-M,SET246,22.0,KURTA SET,M,RED
SET246-KR-PP-S,SET246,39.0,KURTA SET,S,RED
SET246-KR-PP-XL,SET246,4.0,KURTA SET,XL,RED
SET246-KR-PP-XS,SET246,42.0,KURTA SET,XS,RED
SET246-KR-PP-XXL,SET246,10.0,KURTA SET,XXL,RED
SET246-KR-PP-XXXL,SET246,4.0,KURTA SET,XXXL,RED
SET247-KR-SHA-L,SET247,5.0,KURTA SET,L,TEAL
SET247-KR-SHA-M,SET247,6.0,KURTA SET,M,TEAL
SET247-KR-SHA-S,SET247,25.0,KURTA SET,S,TEAL
SET247-KR-SHA-XL,SET247,3.0,KURTA SET,XL,TEAL
SET247-KR-SHA-XS,SET247,49.0,KURTA SET,XS,TEAL
SET247-KR-SHA-XXL,SET247,2.0,KURTA SET,XXL,TEAL
SET247-KR-SHA-XXXL,SET247,4.0,KURTA SET,XXXL,TEAL
SET248-KR-NP-L,SET248,4.0,KURTA SET,L,TEAL
SET248-KR-NP-M,SET248,7.0,KURTA SET,M,TEAL
SET248-KR-NP-S,SET248,4.0,KURTA SET,S,TEAL
SET248-KR-NP-XL,SET248,12.0,KURTA SET,XL,TEAL
SET248-KR-NP-XS,SET248,7.0,KURTA SET,XS,TEAL
SET248-KR-NP-XXL,SET248,4.0,KURTA SET,XXL,TEAL
SET248-KR-NP-XXXL,SET248,10.0,KURTA SET,XXXL,TEAL
SET249-KR-NP-L,SET249,2.0,KURTA SET,L,GREEN
SET249-KR-NP-M,SET249,9.0,KURTA SET,M,GREEN
SET249-KR-NP-S,SET249,18.0,KURTA SET,S,GREEN
SET249-KR-NP-XL,SET249,4.0,KURTA SET,XL,GREEN
SET249-KR-NP-XS,SET249,52.0,KURTA SET,XS,GREEN
SET249-KR-NP-XXL,SET249,3.0,KURTA SET,XXL,GREEN
SET249-KR-NP-XXXL,SET249,13.0,KURTA SET,XXXL,GREEN
SET250-KR-SHA-L,SET250,13.0,KURTA SET,L,MAGENTA
SET250-KR-SHA-M,SET250,35.0,KURTA SET,M,MAGENTA
SET250-KR-SHA-S,SET250,5.0,KURTA SET,S,MAGENTA
SET250-KR-SHA-XL,SET250,2.0,KURTA SET,XL,MAGENTA
SET250-KR-SHA-XS,SET250,2.0,KURTA SET,XS,MAGENTA
SET250-KR-SHA-XXL,SET250,4.0,KURTA SET,XXL,MAGENTA
SET250-KR-SHA-XXXL,SET250,5.0,KURTA SET,XXXL,MAGENTA
SET251-KR-PP-L,SET251,44.0,KURTA,L,CREAM
SET251-KR-PP-M,SET251,15.0,KURTA,M,CREAM
SET251-KR-PP-S,SET251,53.0,KURTA,S,CREAM
SET251-KR-PP-XL,SET251,32.0,KURTA,XL,CREAM
SET251-KR-PP-XS,SET251,40.0,KURTA,XS,CREAM
SET251-KR-PP-XXL,SET251,31.0,KURTA,XXL,CREAM
SET251-KR-PP-XXXL,SET251,26.0,KURTA,XXXL,CREAM
SET252-KR-PP-L,SET252,105.0,KURTA SET,L,YELLOW
SET252-KR-PP-M,SET252,154.0,KURTA SET,M,YELLOW
SET252-KR-PP-S,SET252,223.0,KURTA SET,S,YELLOW
SET252-KR-PP-XL,SET252,55.0,KURTA SET,XL,YELLOW
SET252-KR-PP-XS,SET252,148.0,KURTA SET,XS,YELLOW
SET252-KR-PP-XXL,SET252,76.0,KURTA SET,XXL,YELLOW
SET252-KR-PP-XXXL,SET252,95.0,KURTA SET,XXXL,YELLOW
SET253-KR-NP-L,SET253,6.0,KURTA SET,L,BLACK
SET253-KR-NP-M,SET253,11.0,KURTA SET,M,BLACK
SET253-KR-NP-S,SET253,26.0,KURTA SET,S,BLACK
SET253-KR-NP-XL,SET253,8.0,KURTA SET,XL,BLACK
SET253-KR-NP-XS,SET253,13.0,KURTA SET,XS,BLACK
SET253-KR-NP-XXL,SET253,8.0,KURTA SET,XXL,BLACK
SET253-KR-NP-XXXL,SET253,2.0,KURTA SET,XXXL,BLACK
SET254-KR-NP-L,SET254,2.0,KURTA SET,L,GREY
SET254-KR-NP-M,SET254,3.0,KURTA SET,M,GREY
SET254-KR-NP-S,SET254,7.0,KURTA SET,S,GREY
SET254-KR-NP-XL,SET254,2.0,KURTA SET,XL,GREY
SET254-KR-NP-XS,SET254,10.0,KURTA SET,XS,GREY
SET254-KR-NP-XXL,SET254,3.0,KURTA SET,XXL,GREY
SET254-KR-NP-XXXL,SET254,2.0,KURTA SET,XXXL,GREY
SET257-KR-PP-L,SET257,1.0,SET,L,BEIGE
SET257-KR-PP-M,SET257,3.0,SET,M,BEIGE
SET257-KR-PP-S,SET257,5.0,SET,S,BEIGE
SET257-KR-PP-XL,SET257,3.0,SET,XL,BEIGE
SET257-KR-PP-XS,SET257,2.0,SET,XS,BEIGE
SET257-KR-PP-XXL,SET257,0.0,SET,XXL,BEIGE
SET257-KR-PP-XXXL,SET257,2.0,SET,XXXL,BEIGE
SET258-KR-PP-L,SET258,0.0,KURTA SET,L,OFF WHITE
SET258-KR-PP-M,SET258,1.0,KURTA SET,M,OFF WHITE
SET258-KR-PP-S,SET258,7.0,KURTA SET,S,OFF WHITE
SET258-KR-PP-XL,SET258,1.0,KURTA SET,XL,OFF WHITE
SET258-KR-PP-XS,SET258,6.0,KURTA SET,XS,OFF WHITE
SET258-KR-PP-XXL,SET258,1.0,KURTA SET,XXL,OFF WHITE
SET258-KR-PP-XXXL,SET258,3.0,KURTA SET,XXXL,OFF WHITE
SET260-KR-PP-L,SET260,0.0,KURTA SET,L,GREY
SET260-KR-PP-M,SET260,1.0,KURTA SET,M,GREY
SET260-KR-PP-S,SET260,0.0,KURTA SET,S,GREY
SET260-KR-PP-XL,SET260,1.0,KURTA SET,XL,GREY
SET260-KR-PP-XXL,SET260,3.0,KURTA SET,XXL,GREY
SET261-KR-PP-L,SET261,1.0,KURTA SET,L,TURQUOISE
SET261-KR-PP-M,SET261,0.0,KURTA SET,M,TURQUOISE
SET261-KR-PP-S,SET261,3.0,KURTA SET,S,TURQUOISE
SET261-KR-PP-XL,SET261,0.0,KURTA SET,XL,TURQUOISE
SET261-KR-PP-XXL,SET261,0.0,KURTA SET,XXL,TURQUOISE
SET262-KR-NP-L,SET262,4.0,KURTA SET,L,GREEN
SET262-KR-NP-M,SET262,1.0,KURTA SET,M,GREEN
SET262-KR-NP-S,SET262,4.0,KURTA SET,S,GREEN
SET262-KR-NP-XL,SET262,2.0,KURTA SET,XL,GREEN
SET262-KR-NP-XS,SET262,44.0,KURTA SET,XS,GREEN
SET262-KR-NP-XXL,SET262,2.0,KURTA SET,XXL,GREEN
SET262-KR-NP-XXXL,SET262,45.0,KURTA SET,XXXL,GREEN
SET263-KR-NP-L,SET263,4.0,KURTA SET,L,TURQUOISE
SET263-KR-NP-M,SET263,6.0,KURTA SET,M,TURQUOISE
SET263-KR-NP-S,SET263,15.0,KURTA SET,S,TURQUOISE
SET263-KR-NP-XL,SET263,5.0,KURTA SET,XL,TURQUOISE
SET263-KR-NP-XS,SET263,40.0,KURTA SET,XS,TURQUOISE
SET263-KR-NP-XXL,SET263,17.0,KURTA SET,XXL,TURQUOISE
SET263-KR-NP-XXXL,SET263,28.0,KURTA SET,XXXL,TURQUOISE
SET264-KR-NP-L,SET264,76.0,KURTA SET,L,GOLD
SET264-KR-NP-M,SET264,295.0,KURTA SET,M,GOLD
SET264-KR-NP-S,SET264,330.0,KURTA SET,S,GOLD
SET264-KR-NP-XL,SET264,81.0,KURTA SET,XL,GOLD
SET264-KR-NP-XS,SET264,237.0,KURTA SET,XS,GOLD
SET264-KR-NP-XXL,SET264,127.0,KURTA SET,XXL,GOLD
SET264-KR-NP-XXXL,SET264,12.0,KURTA SET,XXXL,GOLD
SET265-KR-NP-L,SET265,9.0,KURTA SET,L,PINK
SET265-KR-NP-M,SET265,84.0,KURTA SET,M,PINK
SET265-KR-NP-S,SET265,19.0,KURTA SET,S,PINK
SET265-KR-NP-XL,SET265,33.0,KURTA SET,XL,PINK
SET265-KR-NP-XS,SET265,18.0,KURTA SET,XS,PINK
SET265-KR-NP-XXL,SET265,14.0,KURTA SET,XXL,PINK
SET265-KR-NP-XXXL,SET265,16.0,KURTA SET,XXXL,PINK
SET266-KR-NP-L,SET266,35.0,SET,L,BLACK
SET266-KR-NP-M,SET266,112.0,SET,M,BLACK
SET266-KR-NP-S,SET266,57.0,SET,S,BLACK
SET266-KR-NP-XL,SET266,60.0,SET,XL,BLACK
SET266-KR-NP-XS,SET266,47.0,SET,XS,BLACK
SET266-KR-NP-XXL,SET266,19.0,SET,XXL,BLACK
SET266-KR-NP-XXXL,SET266,53.0,SET,XXXL,BLACK
SET267-KR-NP-L,SET267,97.0,SET,L,PINK
SET267-KR-NP-M,SET267,109.0,SET,M,PINK
SET267-KR-NP-S,SET267,128.0,SET,S,PINK
SET267-KR-NP-XL,SET267,67.0,SET,XL,PINK
SET267-KR-NP-XS,SET267,107.0,SET,XS,PINK
SET267-KR-NP-XXL,SET267,103.0,SET,XXL,PINK
SET267-KR-NP-XXXL,SET267,103.0,SET,XXXL,PINK
SET268-KR-NP-L,SET268,384.0,KURTA SET,L,OFF WHITE
SET268-KR-NP-M,SET268,542.0,KURTA SET,M,OFF WHITE
SET268-KR-NP-S,SET268,807.0,KURTA SET,S,OFF WHITE
SET268-KR-NP-XL,SET268,176.0,KURTA SET,XL,OFF WHITE
SET268-KR-NP-XS,SET268,403.0,KURTA SET,XS,OFF WHITE
SET268-KR-NP-XXL,SET268,191.0,KURTA SET,XXL,OFF WHITE
SET268-KR-NP-XXXL,SET268,112.0,KURTA SET,XXXL,OFF WHITE
SET269-KR-NP-L,SET269,89.0,SET,L,GREEN
SET269-KR-NP-M,SET269,310.0,SET,M,GREEN
SET269-KR-NP-S,SET269,143.0,SET,S,GREEN
SET269-KR-NP-XL,SET269,90.0,SET,XL,GREEN
SET269-KR-NP-XS,SET269,162.0,SET,XS,GREEN
SET269-KR-NP-XXL,SET269,13.0,SET,XXL,GREEN
SET269-KR-NP-XXXL,SET269,26.0,SET,XXXL,GREEN
SET270-KR-PP-L,SET270,0.0,KURTA SET,L,GREEN
SET270-KR-PP-M,SET270,1.0,KURTA SET,M,GREEN
SET270-KR-PP-S,SET270,10.0,KURTA SET,S,GREEN
SET270-KR-PP-XL,SET270,3.0,KURTA SET,XL,GREEN
SET270-KR-PP-XXL,SET270,5.0,KURTA SET,XXL,GREEN
SET271-KR-NP-L,SET271,0.0,KURTA,L,GREEN
SET271-KR-NP-M,SET271,2.0,KURTA,M,GREEN
SET271-KR-NP-S,SET271,8.0,KURTA,S,GREEN
SET271-KR-NP-XL,SET271,5.0,KURTA,XL,GREEN
SET271-KR-NP-XS,SET271,1.0,KURTA,XS,GREEN
SET271-KR-NP-XXL,SET271,2.0,KURTA,XXL,GREEN
SET271-KR-NP-XXXL,SET271,3.0,KURTA,XXXL,GREEN
SET272-KR-PP-L,SET272,3.0,KURTA SET,L,MUSTARD
SET272-KR-PP-M,SET272,8.0,KURTA SET,M,MUSTARD
SET272-KR-PP-S,SET272,6.0,KURTA SET,S,MUSTARD
SET272-KR-PP-XL,SET272,4.0,KURTA SET,XL,MUSTARD
SET272-KR-PP-XS,SET272,46.0,KURTA SET,XS,MUSTARD
SET272-KR-PP-XXL,SET272,5.0,KURTA SET,XXL,MUSTARD
SET272-KR-PP-XXXL,SET272,17.0,KURTA SET,XXXL,MUSTARD
SET273-KR-NP-L,SET273,637.0,KURTA SET,L,BROWN
SET273-KR-NP-M,SET273,880.0,KURTA SET,M,BROWN
SET273-KR-NP-S,SET273,871.0,KURTA SET,S,BROWN
SET273-KR-NP-XL,SET273,445.0,KURTA SET,XL,BROWN
SET273-KR-NP-XS,SET273,862.0,KURTA SET,XS,BROWN
SET273-KR-NP-XXL,SET273,146.0,KURTA SET,XXL,BROWN
SET273-KR-NP-XXXL,SET273,51.0,KURTA SET,XXXL,BROWN
SET274-KR-PP-L,SET274,2.0,KURTA SET,L,YELLOW
SET274-KR-PP-M,SET274,11.0,KURTA SET,M,YELLOW
SET274-KR-PP-S,SET274,14.0,KURTA SET,S,YELLOW
SET274-KR-PP-XL,SET274,13.0,KURTA SET,XL,YELLOW
SET274-KR-PP-XS,SET274,25.0,KURTA SET,XS,YELLOW
SET274-KR-PP-XXL,SET274,39.0,KURTA SET,XXL,YELLOW
SET274-KR-PP-XXXL,SET274,3.0,KURTA SET,XXXL,YELLOW
SET275-KR-NP-L,SET275,2.0,SET,L,BLUE
SET275-KR-NP-M,SET275,2.0,SET,M,BLUE
SET275-KR-NP-S,SET275,6.0,SET,S,BLUE
SET275-KR-NP-XL,SET275,3.0,SET,XL,BLUE
SET275-KR-NP-XS,SET275,21.0,SET,XS,BLUE
SET275-KR-NP-XXL,SET275,8.0,SET,XXL,BLUE
SET275-KR-NP-XXXL,SET275,5.0,SET,XXXL,BLUE
SET276-KR-PP-L,SET276,45.0,KURTA SET,L,BLUE
SET276-KR-PP-M,SET276,86.0,KURTA SET,M,BLUE
SET276-KR-PP-S,SET276,72.0,KURTA SET,S,BLUE
SET276-KR-PP-XL,SET276,40.0,KURTA SET,XL,BLUE
SET276-KR-PP-XS,SET276,82.0,KURTA SET,XS,BLUE
SET276-KR-PP-XXL,SET276,45.0,KURTA SET,XXL,BLUE
SET276-KR-PP-XXXL,SET276,35.0,KURTA SET,XXXL,BLUE
SET277-KR-NP-L,SET277,6.0,KURTA SET,L,TURQUOISE
SET277-KR-NP-M,SET277,4.0,KURTA SET,M,TURQUOISE
SET277-KR-NP-S,SET277,32.0,KURTA SET,S,TURQUOISE
SET277-KR-NP-XL,SET277,5.0,KURTA SET,XL,TURQUOISE
SET277-KR-NP-XS,SET277,8.0,KURTA SET,XS,TURQUOISE
SET277-KR-NP-XXL,SET277,9.0,KURTA SET,XXL,TURQUOISE
SET277-KR-NP-XXXL,SET277,11.0,KURTA SET,XXXL,TURQUOISE
SET278-KR-NP-L,SET278,7.0,KURTA SET,L,ORANGE
SET278-KR-NP-M,SET278,4.0,KURTA SET,M,ORANGE
SET278-KR-NP-S,SET278,10.0,KURTA SET,S,ORANGE
SET278-KR-NP-XL,SET278,3.0,KURTA SET,XL,ORANGE
SET278-KR-NP-XS,SET278,16.0,KURTA SET,XS,ORANGE
SET278-KR-NP-XXL,SET278,7.0,KURTA SET,XXL,ORANGE
SET278-KR-NP-XXXL,SET278,10.0,KURTA SET,XXXL,ORANGE
SET279-LC-L,SET279,33.0,LEHENGA CHOLI,L,TEAL
SET279-LC-M,SET279,10.0,LEHENGA CHOLI,M,TEAL
SET279-LC-S,SET279,5.0,LEHENGA CHOLI,S,TEAL
SET279-LC-XL,SET279,40.0,LEHENGA CHOLI,XL,TEAL
SET279-LC-XS,SET279,14.0,LEHENGA CHOLI,XS,TEAL
SET279-LC-XXL,SET279,31.0,LEHENGA CHOLI,XXL,TEAL
SET279-LC-XXXL,SET279,15.0,LEHENGA CHOLI,XXXL,TEAL
SET280-KR-PP-L,SET280,1.0,KURTA SET,L,PINK
SET280-KR-PP-M,SET280,3.0,KURTA SET,M,PINK
SET280-KR-PP-S,SET280,4.0,KURTA SET,S,PINK
SET280-KR-PP-XL,SET280,2.0,KURTA SET,XL,PINK
SET280-KR-PP-XS,SET280,7.0,KURTA SET,XS,PINK
SET280-KR-PP-XXL,SET280,2.0,KURTA SET,XXL,PINK
SET280-KR-PP-XXXL,SET280,3.0,KURTA SET,XXXL,PINK
SET281-KR-PP-L,SET281,4.0,SET,L,GREEN
SET281-KR-PP-M,SET281,4.0,SET,M,GREEN
SET281-KR-PP-S,SET281,20.0,SET,S,GREEN
SET281-KR-PP-XL,SET281,3.0,SET,XL,GREEN
SET281-KR-PP-XS,SET281,17.0,SET,XS,GREEN
SET281-KR-PP-XXL,SET281,4.0,SET,XXL,GREEN
SET281-KR-PP-XXXL,SET281,8.0,SET,XXXL,GREEN
SET282-KR-PP-L,SET282,2.0,KURTA SET,L,YELLOW
SET282-KR-PP-M,SET282,3.0,KURTA SET,M,YELLOW
SET282-KR-PP-S,SET282,14.0,KURTA SET,S,YELLOW
SET282-KR-PP-XL,SET282,2.0,KURTA SET,XL,YELLOW
SET282-KR-PP-XS,SET282,32.0,KURTA SET,XS,YELLOW
SET282-KR-PP-XXL,SET282,3.0,KURTA SET,XXL,YELLOW
SET282-KR-PP-XXXL,SET282,0.0,KURTA SET,XXXL,YELLOW
SET285-KR-SHA-L,SET285,7.0,SET,L,TEAL
SET285-KR-SHA-M,SET285,2.0,SET,M,TEAL
SET285-KR-SHA-S,SET285,5.0,SET,S,TEAL
SET285-KR-SHA-XL,SET285,2.0,SET,XL,TEAL
SET285-KR-SHA-XS,SET285,19.0,SET,XS,TEAL
SET285-KR-SHA-XXL,SET285,4.0,SET,XXL,TEAL
SET285-KR-SHA-XXXL,SET285,3.0,SET,XXXL,TEAL
SET286-KR-NP-L,SET286,27.0,SET,L,MAROON
SET286-KR-NP-M,SET286,40.0,SET,M,MAROON
SET286-KR-NP-S,SET286,33.0,SET,S,MAROON
SET286-KR-NP-XL,SET286,30.0,SET,XL,MAROON
SET286-KR-NP-XS,SET286,31.0,SET,XS,MAROON
SET286-KR-NP-XXL,SET286,5.0,SET,XXL,MAROON
SET286-KR-NP-XXXL,SET286,9.0,SET,XXXL,MAROON
SET287-KR-NP-L,SET287,139.0,KURTA SET,L,TEAL
SET287-KR-NP-M,SET287,218.0,KURTA SET,M,TEAL
SET287-KR-NP-S,SET287,162.0,KURTA SET,S,TEAL
SET287-KR-NP-XL,SET287,138.0,KURTA SET,XL,TEAL
SET287-KR-NP-XS,SET287,104.0,KURTA SET,XS,TEAL
SET287-KR-NP-XXL,SET287,86.0,KURTA SET,XXL,TEAL
SET287-KR-NP-XXXL,SET287,80.0,KURTA SET,XXXL,TEAL
SET288-KR-NP-L,SET288,5.0,SET,L,GREY
SET288-KR-NP-M,SET288,6.0,SET,M,GREY
SET288-KR-NP-S,SET288,16.0,SET,S,GREY
SET288-KR-NP-XL,SET288,10.0,SET,XL,GREY
SET288-KR-NP-XS,SET288,44.0,SET,XS,GREY
SET288-KR-NP-XXL,SET288,10.0,SET,XXL,GREY
SET288-KR-NP-XXXL,SET288,6.0,SET,XXXL,GREY
SET289-KR-NP-L,SET289,14.0,SET,L,MAROON
SET289-KR-NP-M,SET289,23.0,SET,M,MAROON
SET289-KR-NP-S,SET289,26.0,SET,S,MAROON
SET289-KR-NP-XL,SET289,23.0,SET,XL,MAROON
SET289-KR-NP-XS,SET289,42.0,SET,XS,MAROON
SET289-KR-NP-XXL,SET289,26.0,SET,XXL,MAROON
SET289-KR-NP-XXXL,SET289,20.0,SET,XXXL,MAROON
SET290-KR-DPT-L,SET290,53.0,SET,L,NAVY
SET290-KR-DPT-M,SET290,18.0,SET,M,NAVY
SET290-KR-DPT-S,SET290,6.0,SET,S,NAVY
SET290-KR-DPT-XL,SET290,34.0,SET,XL,NAVY
SET290-KR-DPT-XS,SET290,38.0,SET,XS,NAVY
SET290-KR-DPT-XXL,SET290,34.0,SET,XXL,NAVY
SET290-KR-DPT-XXXL,SET290,37.0,SET,XXXL,NAVY
SET291-KR-PP-L,SET291,6.0,KURTA SET,L,TEAL
SET291-KR-PP-M,SET291,13.0,KURTA SET,M,TEAL
SET291-KR-PP-S,SET291,15.0,KURTA SET,S,TEAL
SET291-KR-PP-XL,SET291,3.0,KURTA SET,XL,TEAL
SET291-KR-PP-XS,SET291,6.0,KURTA SET,XS,TEAL
SET291-KR-PP-XXL,SET291,4.0,KURTA SET,XXL,TEAL
SET291-KR-PP-XXXL,SET291,8.0,KURTA SET,XXXL,TEAL
SET293-KR-NP-L,SET293,4.0,KURTA SET,L,BLUE
SET293-KR-NP-M,SET293,6.0,KURTA SET,M,BLUE
SET293-KR-NP-S,SET293,2.0,KURTA SET,S,BLUE
SET293-KR-NP-XL,SET293,4.0,KURTA SET,XL,BLUE
SET293-KR-NP-XS,SET293,5.0,KURTA SET,XS,BLUE
SET293-KR-NP-XXL,SET293,7.0,KURTA SET,XXL,BLUE
SET293-KR-NP-XXXL,SET293,7.0,KURTA SET,XXXL,BLUE
SET295-KR-NP-L,SET295,4.0,KURTA SET,L,BLACK
SET295-KR-NP-M,SET295,2.0,KURTA SET,M,BLACK
SET295-KR-NP-S,SET295,4.0,KURTA SET,S,BLACK
SET295-KR-NP-XL,SET295,2.0,KURTA SET,XL,BLACK
SET295-KR-NP-XS,SET295,4.0,KURTA SET,XS,BLACK
SET295-KR-NP-XXL,SET295,2.0,KURTA SET,XXL,BLACK
SET295-KR-NP-XXXL,SET295,4.0,KURTA SET,XXXL,BLACK
SET297-KR-NP-L,SET297,0.0,KURTA SET,L,YELLOW
SET297-KR-NP-M,SET297,0.0,KURTA SET,M,YELLOW
SET297-KR-NP-S,SET297,0.0,KURTA SET,S,YELLOW
SET297-KR-NP-XL,SET297,0.0,KURTA SET,XL,YELLOW
SET297-KR-NP-XS,SET297,2.0,KURTA SET,XS,YELLOW
SET297-KR-NP-XXL,SET297,3.0,KURTA SET,XXL,YELLOW
SET297-KR-NP-XXXL,SET297,17.0,KURTA SET,XXXL,YELLOW
SET299-KR-PP-L,SET299,49.0,SET,L,BLUE
SET299-KR-PP-M,SET299,46.0,SET,M,BLUE
SET299-KR-PP-S,SET299,45.0,SET,S,BLUE
SET299-KR-PP-XL,SET299,55.0,SET,XL,BLUE
SET299-KR-PP-XS,SET299,47.0,SET,XS,BLUE
SET299-KR-PP-XXL,SET299,54.0,SET,XXL,BLUE
SET299-KR-PP-XXXL,SET299,43.0,SET,XXXL,BLUE
SET300-KR-NP-L,SET300,16.0,SET,L,CORAL
SET300-KR-NP-M,SET300,31.0,SET,M,CORAL
SET300-KR-NP-S,SET300,33.0,SET,S,CORAL
SET300-KR-NP-XL,SET300,34.0,SET,XL,CORAL
SET300-KR-NP-XS,SET300,18.0,SET,XS,CORAL
SET300-KR-NP-XXL,SET300,24.0,SET,XXL,CORAL
SET300-KR-NP-XXXL,SET300,7.0,SET,XXXL,CORAL
SET301-KR-PP-L,SET301,53.0,SET,L,MAGENTA
SET301-KR-PP-M,SET301,57.0,SET,M,MAGENTA
SET301-KR-PP-S,SET301,66.0,SET,S,MAGENTA
SET301-KR-PP-XL,SET301,62.0,SET,XL,MAGENTA
SET301-KR-PP-XS,SET301,55.0,SET,XS,MAGENTA
SET301-KR-PP-XXL,SET301,53.0,SET,XXL,MAGENTA
SET301-KR-PP-XXXL,SET301,56.0,SET,XXXL,MAGENTA
SET302-KR-PP-L,SET302,2.0,SET,L,SKY BLUE
SET302-KR-PP-M,SET302,12.0,SET,M,SKY BLUE
SET302-KR-PP-S,SET302,19.0,SET,S,SKY BLUE
SET302-KR-PP-XL,SET302,5.0,SET,XL,SKY BLUE
SET302-KR-PP-XS,SET302,21.0,SET,XS,SKY BLUE
SET302-KR-PP-XXL,SET302,17.0,SET,XXL,SKY BLUE
SET302-KR-PP-XXXL,SET302,9.0,SET,XXXL,SKY BLUE
SET303-KR-NP-L,SET303,37.0,KURTA SET,L,TEAL
SET303-KR-NP-M,SET303,41.0,KURTA SET,M,TEAL
SET303-KR-NP-S,SET303,5.0,KURTA SET,S,TEAL
SET303-KR-NP-XL,SET303,32.0,KURTA SET,XL,TEAL
SET303-KR-NP-XS,SET303,47.0,KURTA SET,XS,TEAL
SET303-KR-NP-XXL,SET303,24.0,KURTA SET,XXL,TEAL
SET303-KR-NP-XXXL,SET303,8.0,KURTA SET,XXXL,TEAL
SET304-KR-DPT-L,SET304,22.0,KURTA SET,L,GREY
SET304-KR-DPT-M,SET304,154.0,KURTA SET,M,GREY
SET304-KR-DPT-S,SET304,74.0,KURTA SET,S,GREY
SET304-KR-DPT-XL,SET304,59.0,KURTA SET,XL,GREY
SET304-KR-DPT-XS,SET304,180.0,KURTA SET,XS,GREY
SET304-KR-DPT-XXL,SET304,14.0,KURTA SET,XXL,GREY
SET304-KR-DPT-XXXL,SET304,34.0,KURTA SET,XXXL,GREY
SET305-KR-DPT-L,SET305,22.0,KURTA SET,L,PEACH
SET305-KR-DPT-M,SET305,55.0,KURTA SET,M,PEACH
SET305-KR-DPT-S,SET305,98.0,KURTA SET,S,PEACH
SET305-KR-DPT-XL,SET305,37.0,KURTA SET,XL,PEACH
SET305-KR-DPT-XS,SET305,39.0,KURTA SET,XS,PEACH
SET305-KR-DPT-XXL,SET305,18.0,KURTA SET,XXL,PEACH
SET305-KR-DPT-XXXL,SET305,7.0,KURTA SET,XXXL,PEACH
SET306-KR-PP-L,SET306,93.0,KURTA SET,L,GREEN
SET306-KR-PP-M,SET306,75.0,KURTA SET,M,GREEN
SET306-KR-PP-S,SET306,67.0,KURTA SET,S,GREEN
SET306-KR-PP-XL,SET306,77.0,KURTA SET,XL,GREEN
SET306-KR-PP-XS,SET306,61.0,KURTA SET,XS,GREEN
SET306-KR-PP-XXL,SET306,45.0,KURTA SET,XXL,GREEN
SET306-KR-PP-XXXL,SET306,23.0,KURTA SET,XXXL,GREEN
SET307-KR-DPT-L,SET307,34.0,KURTA SET,L,GREY
SET307-KR-DPT-M,SET307,46.0,KURTA SET,M,GREY
SET307-KR-DPT-S,SET307,53.0,KURTA SET,S,GREY
SET307-KR-DPT-XL,SET307,29.0,KURTA SET,XL,GREY
SET307-KR-DPT-XS,SET307,37.0,KURTA SET,XS,GREY
SET307-KR-DPT-XXL,SET307,15.0,KURTA SET,XXL,GREY
SET307-KR-DPT-XXXL,SET307,29.0,KURTA SET,XXXL,GREY
SET308-KR-PP-L,SET308,48.0,KURTA SET,L,GREY
SET308-KR-PP-M,SET308,90.0,KURTA SET,M,GREY
SET308-KR-PP-S,SET308,58.0,KURTA SET,S,GREY
SET308-KR-PP-XL,SET308,43.0,KURTA SET,XL,GREY
SET308-KR-PP-XS,SET308,29.0,KURTA SET,XS,GREY
SET308-KR-PP-XXL,SET308,29.0,KURTA SET,XXL,GREY
SET308-KR-PP-XXXL,SET308,27.0,KURTA SET,XXXL,GREY
SET310-KR-NP-L,SET310,6.0,SET,L,GREEN
SET310-KR-NP-M,SET310,15.0,SET,M,GREEN
SET310-KR-NP-S,SET310,27.0,SET,S,GREEN
SET310-KR-NP-XL,SET310,3.0,SET,XL,GREEN
SET310-KR-NP-XS,SET310,34.0,SET,XS,GREEN
SET310-KR-NP-XXL,SET310,13.0,SET,XXL,GREEN
SET310-KR-NP-XXXL,SET310,15.0,SET,XXXL,GREEN
SET311-KR-NP-L,SET311,53.0,SET,L,YELLOW
SET311-KR-NP-M,SET311,56.0,SET,M,YELLOW
SET311-KR-NP-S,SET311,56.0,SET,S,YELLOW
SET311-KR-NP-XL,SET311,60.0,SET,XL,YELLOW
SET311-KR-NP-XS,SET311,61.0,SET,XS,YELLOW
SET311-KR-NP-XXL,SET311,64.0,SET,XXL,YELLOW
SET311-KR-NP-XXXL,SET311,61.0,SET,XXXL,YELLOW
SET313-KR-NP-L,SET313,33.0,SET,L,WHITE
SET313-KR-NP-M,SET313,3.0,SET,M,WHITE
SET313-KR-NP-S,SET313,14.0,SET,S,WHITE
SET313-KR-NP-XL,SET313,22.0,SET,XL,WHITE
SET313-KR-NP-XS,SET313,7.0,SET,XS,WHITE
SET313-KR-NP-XXL,SET313,44.0,SET,XXL,WHITE
SET313-KR-NP-XXXL,SET313,34.0,SET,XXXL,WHITE
SET315-KR-PP-L,SET315,62.0,KURTA SET,L,WHITE
SET315-KR-PP-M,SET315,49.0,KURTA SET,M,WHITE
SET315-KR-PP-S,SET315,63.0,KURTA SET,S,WHITE
SET315-KR-PP-XL,SET315,55.0,KURTA SET,XL,WHITE
SET315-KR-PP-XS,SET315,32.0,KURTA SET,XS,WHITE
SET315-KR-PP-XXL,SET315,58.0,KURTA SET,XXL,WHITE
SET315-KR-PP-XXXL,SET315,38.0,KURTA SET,XXXL,WHITE
SET316-KR-DPT-L,SET316,93.0,KURTA SET,L,NAVY BLUE
SET316-KR-DPT-M,SET316,52.0,KURTA SET,M,NAVY BLUE
SET316-KR-DPT-S,SET316,63.0,KURTA SET,S,NAVY BLUE
SET316-KR-DPT-XL,SET316,42.0,KURTA SET,XL,NAVY BLUE
SET316-KR-DPT-XS,SET316,76.0,KURTA SET,XS,NAVY BLUE
SET316-KR-DPT-XXL,SET316,52.0,KURTA SET,XXL,NAVY BLUE
SET316-KR-DPT-XXXL,SET316,9.0,KURTA SET,XXXL,NAVY BLUE
SET317-KR-PP-L,SET317,6.0,KURTA SET,L,OLIVE GREEN
SET317-KR-PP-M,SET317,5.0,KURTA SET,M,OLIVE GREEN
SET317-KR-PP-S,SET317,9.0,KURTA SET,S,OLIVE GREEN
SET317-KR-PP-XL,SET317,18.0,KURTA SET,XL,OLIVE GREEN
SET317-KR-PP-XS,SET317,20.0,KURTA SET,XS,OLIVE GREEN
SET317-KR-PP-XXL,SET317,32.0,KURTA SET,XXL,OLIVE GREEN
SET317-KR-PP-XXXL,SET317,7.0,KURTA SET,XXXL,OLIVE GREEN
SET318-KR-SHA-L,SET318,19.0,KURTA SET,L,ORANGE
SET318-KR-SHA-M,SET318,3.0,KURTA SET,M,ORANGE
SET318-KR-SHA-S,SET318,4.0,KURTA SET,S,ORANGE
SET318-KR-SHA-XL,SET318,30.0,KURTA SET,XL,ORANGE
SET318-KR-SHA-XS,SET318,3.0,KURTA SET,XS,ORANGE
SET318-KR-SHA-XXL,SET318,55.0,KURTA SET,XXL,ORANGE
SET318-KR-SHA-XXXL,SET318,38.0,KURTA SET,XXXL,ORANGE
SET319-KR-NP-L,SET319,9.0,KURTA SET,L,PINK
SET319-KR-NP-M,SET319,5.0,KURTA SET,M,PINK
SET319-KR-NP-S,SET319,10.0,KURTA SET,S,PINK
SET319-KR-NP-XL,SET319,8.0,KURTA SET,XL,PINK
SET319-KR-NP-XS,SET319,6.0,KURTA SET,XS,PINK
SET319-KR-NP-XXL,SET319,6.0,KURTA SET,XXL,PINK
SET319-KR-NP-XXXL,SET319,10.0,KURTA SET,XXXL,PINK
SET320-KR-NP-L,SET320,32.0,SET,L,GREEN
SET320-KR-NP-M,SET320,66.0,SET,M,GREEN
SET320-KR-NP-S,SET320,42.0,SET,S,GREEN
SET320-KR-NP-XL,SET320,27.0,SET,XL,GREEN
SET320-KR-NP-XS,SET320,24.0,SET,XS,GREEN
SET320-KR-NP-XXL,SET320,40.0,SET,XXL,GREEN
SET320-KR-NP-XXXL,SET320,1.0,SET,XXXL,GREEN
SET321-KR-DPT-L,SET321,76.0,KURTA SET,L,MUSTARD
SET321-KR-DPT-M,SET321,58.0,KURTA SET,M,MUSTARD
SET321-KR-DPT-S,SET321,47.0,KURTA SET,S,MUSTARD
SET321-KR-DPT-XL,SET321,35.0,KURTA SET,XL,MUSTARD
SET321-KR-DPT-XS,SET321,16.0,KURTA SET,XS,MUSTARD
SET321-KR-DPT-XXL,SET321,54.0,KURTA SET,XXL,MUSTARD
SET321-KR-DPT-XXXL,SET321,27.0,KURTA SET,XXXL,MUSTARD
SET322-KR-SHA-L,SET322,3.0,SET,L,MAROON
SET322-KR-SHA-M,SET322,4.0,SET,M,MAROON
SET322-KR-SHA-S,SET322,2.0,SET,S,MAROON
SET322-KR-SHA-XL,SET322,15.0,SET,XL,MAROON
SET322-KR-SHA-XS,SET322,5.0,SET,XS,MAROON
SET322-KR-SHA-XXL,SET322,22.0,SET,XXL,MAROON
SET322-KR-SHA-XXXL,SET322,11.0,SET,XXXL,MAROON
SET323-KR-NP-L,SET323,27.0,KURTA SET,L,WHITE
SET323-KR-NP-M,SET323,15.0,KURTA SET,M,WHITE
SET323-KR-NP-S,SET323,9.0,KURTA SET,S,WHITE
SET323-KR-NP-XL,SET323,7.0,KURTA SET,XL,WHITE
SET323-KR-NP-XS,SET323,10.0,KURTA SET,XS,WHITE
SET323-KR-NP-XXL,SET323,8.0,KURTA SET,XXL,WHITE
SET323-KR-NP-XXXL,SET323,14.0,KURTA SET,XXXL,WHITE
SET324-KR-NP-L,SET324,6.0,KURTA SET,L,PEACH
SET324-KR-NP-M,SET324,8.0,KURTA SET,M,PEACH
SET324-KR-NP-S,SET324,10.0,KURTA SET,S,PEACH
SET324-KR-NP-XL,SET324,11.0,KURTA SET,XL,PEACH
SET324-KR-NP-XS,SET324,16.0,KURTA SET,XS,PEACH
SET324-KR-NP-XXL,SET324,5.0,KURTA SET,XXL,PEACH
SET324-KR-NP-XXXL,SET324,8.0,KURTA SET,XXXL,PEACH
SET325-KR-NP-L,SET325,69.0,KURTA SET,L,BLACK
SET325-KR-NP-M,SET325,60.0,KURTA SET,M,BLACK
SET325-KR-NP-S,SET325,61.0,KURTA SET,S,BLACK
SET325-KR-NP-XL,SET325,44.0,KURTA SET,XL,BLACK
SET325-KR-NP-XS,SET325,19.0,KURTA SET,XS,BLACK
SET325-KR-NP-XXL,SET325,28.0,KURTA SET,XXL,BLACK
SET325-KR-NP-XXXL,SET325,9.0,KURTA SET,XXXL,BLACK
SET326-KR-PP-L,SET326,5.0,KURTA SET,L,BEIGE
SET326-KR-PP-M,SET326,35.0,KURTA SET,M,BEIGE
SET326-KR-PP-S,SET326,35.0,KURTA SET,S,BEIGE
SET326-KR-PP-XL,SET326,13.0,KURTA SET,XL,BEIGE
SET326-KR-PP-XS,SET326,42.0,KURTA SET,XS,BEIGE
SET326-KR-PP-XXL,SET326,14.0,KURTA SET,XXL,BEIGE
SET326-KR-PP-XXXL,SET326,29.0,KURTA SET,XXXL,BEIGE
SET327-KR-DPT-L,SET327,12.0,SET,L,BLACK
SET327-KR-DPT-M,SET327,9.0,SET,M,BLACK
SET327-KR-DPT-S,SET327,49.0,SET,S,BLACK
SET327-KR-DPT-XL,SET327,27.0,SET,XL,BLACK
SET327-KR-DPT-XS,SET327,63.0,SET,XS,BLACK
SET327-KR-DPT-XXL,SET327,52.0,SET,XXL,BLACK
SET327-KR-DPT-XXXL,SET327,49.0,SET,XXXL,BLACK
SET328-KR-NP-L,SET328,16.0,KURTA SET,L,BLACK
SET328-KR-NP-M,SET328,20.0,KURTA SET,M,BLACK
SET328-KR-NP-S,SET328,14.0,KURTA SET,S,BLACK
SET328-KR-NP-XL,SET328,2.0,KURTA SET,XL,BLACK
SET328-KR-NP-XS,SET328,12.0,KURTA SET,XS,BLACK
SET328-KR-NP-XXL,SET328,15.0,KURTA SET,XXL,BLACK
SET328-KR-NP-XXXL,SET328,38.0,KURTA SET,XXXL,BLACK
SET329-KR-NP-L,SET329,97.0,KURTA SET,L,PEACH
SET329-KR-NP-M,SET329,292.0,KURTA SET,M,PEACH
SET329-KR-NP-S,SET329,252.0,KURTA SET,S,PEACH
SET329-KR-NP-XL,SET329,196.0,KURTA SET,XL,PEACH
SET329-KR-NP-XS,SET329,227.0,KURTA SET,XS,PEACH
SET329-KR-NP-XXL,SET329,97.0,KURTA SET,XXL,PEACH
SET329-KR-NP-XXXL,SET329,85.0,KURTA SET,XXXL,PEACH
SET330-KR-PP-L,SET330,2.0,KURTA SET,L,GREEN
SET330-KR-PP-M,SET330,1.0,KURTA SET,M,GREEN
SET330-KR-PP-S,SET330,3.0,KURTA SET,S,GREEN
SET330-KR-PP-XL,SET330,3.0,KURTA SET,XL,GREEN
SET330-KR-PP-XS,SET330,29.0,KURTA SET,XS,GREEN
SET330-KR-PP-XXL,SET330,28.0,KURTA SET,XXL,GREEN
SET330-KR-PP-XXXL,SET330,5.0,KURTA SET,XXXL,GREEN
SET331-KR-NP-L,SET331,217.0,KURTA SET,L,GREEN
SET331-KR-NP-M,SET331,229.0,KURTA SET,M,GREEN
SET331-KR-NP-S,SET331,161.0,KURTA SET,S,GREEN
SET331-KR-NP-XL,SET331,198.0,KURTA SET,XL,GREEN
SET331-KR-NP-XS,SET331,209.0,KURTA SET,XS,GREEN
SET331-KR-NP-XXL,SET331,116.0,KURTA SET,XXL,GREEN
SET331-KR-NP-XXXL,SET331,158.0,KURTA SET,XXXL,GREEN
SET332-KR-PP-L,SET332,38.0,SET,L,BLACK
SET332-KR-PP-M,SET332,33.0,SET,M,BLACK
SET332-KR-PP-S,SET332,39.0,SET,S,BLACK
SET332-KR-PP-XL,SET332,59.0,SET,XL,BLACK
SET332-KR-PP-XS,SET332,48.0,SET,XS,BLACK
SET332-KR-PP-XXL,SET332,51.0,SET,XXL,BLACK
SET332-KR-PP-XXXL,SET332,14.0,SET,XXXL,BLACK
SET333-KR-DPT-L,SET333,5.0,KURTA SET,L,TEAL
SET333-KR-DPT-M,SET333,3.0,KURTA SET,M,TEAL
SET333-KR-DPT-S,SET333,4.0,KURTA SET,S,TEAL
SET333-KR-DPT-XL,SET333,4.0,KURTA SET,XL,TEAL
SET333-KR-DPT-XS,SET333,7.0,KURTA SET,XS,TEAL
SET333-KR-DPT-XXL,SET333,7.0,KURTA SET,XXL,TEAL
SET333-KR-DPT-XXXL,SET333,9.0,KURTA SET,XXXL,TEAL
SET334-KR-NP-L,SET334,47.0,SET,L,GREY
SET334-KR-NP-M,SET334,46.0,SET,M,GREY
SET334-KR-NP-S,SET334,18.0,SET,S,GREY
SET334-KR-NP-XL,SET334,33.0,SET,XL,GREY
SET334-KR-NP-XS,SET334,11.0,SET,XS,GREY
SET334-KR-NP-XXL,SET334,14.0,SET,XXL,GREY
SET334-KR-NP-XXXL,SET334,35.0,SET,XXXL,GREY
SET335-KR-NP-L,SET335,2.0,SET,L,BLACK
SET335-KR-NP-M,SET335,12.0,SET,M,BLACK
SET335-KR-NP-S,SET335,58.0,SET,S,BLACK
SET335-KR-NP-XL,SET335,59.0,SET,XL,BLACK
SET335-KR-NP-XS,SET335,59.0,SET,XS,BLACK
SET335-KR-NP-XXL,SET335,65.0,SET,XXL,BLACK
SET335-KR-NP-XXXL,SET335,49.0,SET,XXXL,BLACK
SET336-KR-NP-L,SET336,4.0,SET,L,MAROON
SET336-KR-NP-M,SET336,2.0,SET,M,MAROON
SET336-KR-NP-S,SET336,3.0,SET,S,MAROON
SET336-KR-NP-XL,SET336,3.0,SET,XL,MAROON
SET336-KR-NP-XS,SET336,2.0,SET,XS,MAROON
SET336-KR-NP-XXL,SET336,5.0,SET,XXL,MAROON
SET337-KR-NP-L,SET337,2.0,KURTA SET,L,MAROON
SET337-KR-NP-M,SET337,1.0,KURTA SET,M,MAROON
SET337-KR-NP-S,SET337,4.0,KURTA SET,S,MAROON
SET337-KR-NP-XL,SET337,2.0,KURTA SET,XL,MAROON
SET337-KR-NP-XS,SET337,5.0,KURTA SET,XS,MAROON
SET337-KR-NP-XXL,SET337,3.0,KURTA SET,XXL,MAROON
SET338-KR-NP-L,SET338,8.0,KURTA SET,L,MAROON
SET338-KR-NP-M,SET338,13.0,KURTA SET,M,MAROON
SET338-KR-NP-S,SET338,7.0,KURTA SET,S,MAROON
SET338-KR-NP-XL,SET338,8.0,KURTA SET,XL,MAROON
SET338-KR-NP-XS,SET338,28.0,KURTA SET,XS,MAROON
SET338-KR-NP-XXL,SET338,13.0,KURTA SET,XXL,MAROON
SET339-KR-NP-L,SET339,5.0,SET,L,MAROON
SET339-KR-NP-M,SET339,4.0,SET,M,MAROON
SET339-KR-NP-S,SET339,8.0,SET,S,MAROON
SET339-KR-NP-XL,SET339,5.0,SET,XL,MAROON
SET339-KR-NP-XS,SET339,6.0,SET,XS,MAROON
SET339-KR-NP-XXL,SET339,8.0,SET,XXL,MAROON
SET339-KR-NP-XXXL,SET339,8.0,SET,XXXL,MAROON
SET340-KR-NP-L,SET340,1.0,SET,L,MAROON
SET340-KR-NP-M,SET340,2.0,SET,M,MAROON
SET340-KR-NP-S,SET340,7.0,SET,S,MAROON
SET340-KR-NP-XL,SET340,3.0,SET,XL,MAROON
SET340-KR-NP-XS,SET340,5.0,SET,XS,MAROON
SET340-KR-NP-XXL,SET340,6.0,SET,XXL,MAROON
SET340-KR-NP-XXXL,SET340,8.0,SET,XXXL,MAROON
SET341-KR-NP-L,SET341,5.0,SET,L,MULTICOLOR
SET341-KR-NP-M,SET341,10.0,SET,M,MULTICOLOR
SET341-KR-NP-S,SET341,25.0,SET,S,MULTICOLOR
SET341-KR-NP-XL,SET341,3.0,SET,XL,MULTICOLOR
SET341-KR-NP-XS,SET341,53.0,SET,XS,MULTICOLOR
SET341-KR-NP-XXL,SET341,7.0,SET,XXL,MULTICOLOR
SET341-KR-NP-XXXL,SET341,26.0,SET,XXXL,MULTICOLOR
SET342-KR-NP-L,SET342,10.0,SET,L,OFF WHITE
SET342-KR-NP-M,SET342,16.0,SET,M,OFF WHITE
SET342-KR-NP-S,SET342,56.0,SET,S,OFF WHITE
SET342-KR-NP-XL,SET342,19.0,SET,XL,OFF WHITE
SET342-KR-NP-XS,SET342,45.0,SET,XS,OFF WHITE
SET342-KR-NP-XXL,SET342,43.0,SET,XXL,OFF WHITE
SET342-KR-NP-XXXL,SET342,54.0,SET,XXXL,OFF WHITE
SET343-KR-NP-L,SET343,4.0,SET,L,OFF WHITE
SET343-KR-NP-M,SET343,7.0,SET,M,OFF WHITE
SET343-KR-NP-S,SET343,45.0,SET,S,OFF WHITE
SET343-KR-NP-XL,SET343,11.0,SET,XL,OFF WHITE
SET343-KR-NP-XS,SET343,11.0,SET,XS,OFF WHITE
SET343-KR-NP-XXL,SET343,23.0,SET,XXL,OFF WHITE
SET343-KR-NP-XXXL,SET343,4.0,SET,XXXL,OFF WHITE
SET344-KR-NP-L,SET344,3.0,SET,L,RED
SET344-KR-NP-M,SET344,6.0,SET,M,RED
SET344-KR-NP-S,SET344,17.0,SET,S,RED
SET344-KR-NP-XL,SET344,1.0,SET,XL,RED
SET344-KR-NP-XS,SET344,23.0,SET,XS,RED
SET344-KR-NP-XXL,SET344,1.0,SET,XXL,RED
SET344-KR-NP-XXXL,SET344,0.0,SET,XXXL,RED
SET345-KR-NP-L,SET345,34.0,KURTA SET,L,PINK
SET345-KR-NP-M,SET345,49.0,KURTA SET,M,PINK
SET345-KR-NP-S,SET345,266.0,KURTA SET,S,PINK
SET345-KR-NP-XL,SET345,74.0,KURTA SET,XL,PINK
SET345-KR-NP-XS,SET345,86.0,KURTA SET,XS,PINK
SET345-KR-NP-XXL,SET345,54.0,KURTA SET,XXL,PINK
SET345-KR-NP-XXXL,SET345,17.0,KURTA SET,XXXL,PINK
SET346-KR-PP-L,SET346,38.0,SET,L,BEIGE
SET346-KR-PP-M,SET346,50.0,SET,M,BEIGE
SET346-KR-PP-S,SET346,56.0,SET,S,BEIGE
SET346-KR-PP-XL,SET346,35.0,SET,XL,BEIGE
SET346-KR-PP-XS,SET346,59.0,SET,XS,BEIGE
SET346-KR-PP-XXL,SET346,53.0,SET,XXL,BEIGE
SET346-KR-PP-XXXL,SET346,57.0,SET,XXXL,BEIGE
SET347-KR-NP-L,SET347,3.0,SET,L,CREAM
SET347-KR-NP-M,SET347,4.0,SET,M,CREAM
SET347-KR-NP-S,SET347,4.0,SET,S,CREAM
SET347-KR-NP-XL,SET347,3.0,SET,XL,CREAM
SET347-KR-NP-XS,SET347,6.0,SET,XS,CREAM
SET347-KR-NP-XXL,SET347,4.0,SET,XXL,CREAM
SET347-KR-NP-XXXL,SET347,4.0,SET,XXXL,CREAM
SET348-KR-NP-L,SET348,10.0,SET,L,PINK
SET348-KR-NP-M,SET348,15.0,SET,M,PINK
SET348-KR-NP-S,SET348,37.0,SET,S,PINK
SET348-KR-NP-XL,SET348,6.0,SET,XL,PINK
SET348-KR-NP-XS,SET348,4.0,SET,XS,PINK
SET348-KR-NP-XXL,SET348,5.0,SET,XXL,PINK
SET348-KR-NP-XXXL,SET348,2.0,SET,XXXL,PINK
SET349-KR-NP-L,SET349,3.0,SET,L,PINK
SET349-KR-NP-M,SET349,3.0,SET,M,PINK
SET349-KR-NP-S,SET349,9.0,SET,S,PINK
SET349-KR-NP-XL,SET349,3.0,SET,XL,PINK
SET349-KR-NP-XS,SET349,16.0,SET,XS,PINK
SET349-KR-NP-XXL,SET349,3.0,SET,XXL,PINK
SET349-KR-NP-XXXL,SET349,3.0,SET,XXXL,PINK
SET350-KR-NP-L,SET350,7.0,SET,L,YELLOW
SET350-KR-NP-M,SET350,5.0,SET,M,YELLOW
SET350-KR-NP-S,SET350,34.0,SET,S,YELLOW
SET350-KR-NP-XL,SET350,5.0,SET,XL,YELLOW
SET350-KR-NP-XS,SET350,23.0,SET,XS,YELLOW
SET350-KR-NP-XXL,SET350,56.0,SET,XXL,YELLOW
SET350-KR-NP-XXXL,SET350,6.0,SET,XXXL,YELLOW
SET351-KR-NP-L,SET351,19.0,SET,L,BLACK
SET351-KR-NP-M,SET351,30.0,SET,M,BLACK
SET351-KR-NP-S,SET351,34.0,SET,S,BLACK
SET351-KR-NP-XL,SET351,13.0,SET,XL,BLACK
SET351-KR-NP-XS,SET351,38.0,SET,XS,BLACK
SET351-KR-NP-XXL,SET351,11.0,SET,XXL,BLACK
SET351-KR-NP-XXXL,SET351,6.0,SET,XXXL,BLACK
SET352-KR-NP-L,SET352,32.0,SET,L,MAROON
SET352-KR-NP-M,SET352,42.0,SET,M,MAROON
SET352-KR-NP-S,SET352,50.0,SET,S,MAROON
SET352-KR-NP-XL,SET352,25.0,SET,XL,MAROON
SET352-KR-NP-XS,SET352,51.0,SET,XS,MAROON
SET352-KR-NP-XXL,SET352,41.0,SET,XXL,MAROON
SET352-KR-NP-XXXL,SET352,30.0,SET,XXXL,MAROON
SET353-KR-NP-L,SET353,73.0,SET,L,PINK
SET353-KR-NP-M,SET353,87.0,SET,M,PINK
SET353-KR-NP-S,SET353,42.0,SET,S,PINK
SET353-KR-NP-XL,SET353,82.0,SET,XL,PINK
SET353-KR-NP-XS,SET353,23.0,SET,XS,PINK
SET353-KR-NP-XXL,SET353,54.0,SET,XXL,PINK
SET353-KR-NP-XXXL,SET353,25.0,SET,XXXL,PINK
SET355-KR-PP-L,SET355,0.0,SET,L,LIGHT GREEN
SET355-KR-PP-M,SET355,2.0,SET,M,LIGHT GREEN
SET355-KR-PP-S,SET355,13.0,SET,S,LIGHT GREEN
SET355-KR-PP-XL,SET355,3.0,SET,XL,LIGHT GREEN
SET355-KR-PP-XS,SET355,3.0,SET,XS,LIGHT GREEN
SET355-KR-PP-XXL,SET355,3.0,SET,XXL,LIGHT GREEN
SET355-KR-PP-XXXL,SET355,12.0,SET,XXXL,LIGHT GREEN
SET356-KR-NP-L,SET356,3.0,SET,L,SEA GREEN
SET356-KR-NP-M,SET356,2.0,SET,M,SEA GREEN
SET356-KR-NP-S,SET356,17.0,SET,S,SEA GREEN
SET356-KR-NP-XL,SET356,4.0,SET,XL,SEA GREEN
SET356-KR-NP-XS,SET356,14.0,SET,XS,SEA GREEN
SET356-KR-NP-XXL,SET356,3.0,SET,XXL,SEA GREEN
SET356-KR-NP-XXXL,SET356,3.0,SET,XXXL,SEA GREEN
SET357-KR-NP-L,SET357,2.0,SET,L,PINK
SET357-KR-NP-M,SET357,2.0,SET,M,PINK
SET357-KR-NP-S,SET357,1.0,SET,S,PINK
SET357-KR-NP-XL,SET357,3.0,SET,XL,PINK
SET357-KR-NP-XS,SET357,3.0,SET,XS,PINK
SET357-KR-NP-XXL,SET357,11.0,SET,XXL,PINK
SET357-KR-NP-XXXL,SET357,16.0,SET,XXXL,PINK
SET358-KR-NP-L,SET358,2.0,SET,L,GREEN
SET358-KR-NP-M,SET358,1.0,SET,M,GREEN
SET358-KR-NP-S,SET358,18.0,SET,S,GREEN
SET358-KR-NP-XL,SET358,1.0,SET,XL,GREEN
SET358-KR-NP-XS,SET358,14.0,SET,XS,GREEN
SET358-KR-NP-XXL,SET358,2.0,SET,XXL,GREEN
SET358-KR-NP-XXXL,SET358,4.0,SET,XXXL,GREEN
SET359-KR-NP-L,SET359,4.0,SET,L,NAVY BLUE
SET359-KR-NP-M,SET359,12.0,SET,M,NAVY BLUE
SET359-KR-NP-S,SET359,32.0,SET,S,NAVY BLUE
SET359-KR-NP-XL,SET359,10.0,SET,XL,NAVY BLUE
SET359-KR-NP-XS,SET359,30.0,SET,XS,NAVY BLUE
SET359-KR-NP-XXL,SET359,13.0,SET,XXL,NAVY BLUE
SET359-KR-NP-XXXL,SET359,6.0,SET,XXXL,NAVY BLUE
SET360-KR-NP-L,SET360,5.0,SET,L,LIGHT PINK
SET360-KR-NP-M,SET360,5.0,SET,M,LIGHT PINK
SET360-KR-NP-S,SET360,13.0,SET,S,LIGHT PINK
SET360-KR-NP-XL,SET360,1.0,SET,XL,LIGHT PINK
SET360-KR-NP-XS,SET360,15.0,SET,XS,LIGHT PINK
SET360-KR-NP-XXL,SET360,6.0,SET,XXL,LIGHT PINK
SET360-KR-NP-XXXL,SET360,7.0,SET,XXXL,LIGHT PINK
SET361-KR-NP-L,SET361,0.0,SET,L,WHITE
SET361-KR-NP-M,SET361,2.0,SET,M,WHITE
SET361-KR-NP-S,SET361,1.0,SET,S,WHITE
SET361-KR-NP-XL,SET361,0.0,SET,XL,WHITE
SET361-KR-NP-XS,SET361,6.0,SET,XS,WHITE
SET361-KR-NP-XXL,SET361,0.0,SET,XXL,WHITE
SET361-KR-NP-XXXL,SET361,0.0,SET,XXXL,WHITE
SET363-KR-NP-L,SET363,0.0,SET,L,PINK
SET363-KR-NP-M,SET363,0.0,SET,M,PINK
SET363-KR-NP-S,SET363,4.0,SET,S,PINK
SET363-KR-NP-XL,SET363,3.0,SET,XL,PINK
SET363-KR-NP-XS,SET363,7.0,SET,XS,PINK
SET363-KR-NP-XXL,SET363,2.0,SET,XXL,PINK
SET363-KR-NP-XXXL,SET363,4.0,SET,XXXL,PINK
SET364-KR-NP-L,SET364,3.0,SET,L,YELLOW
SET364-KR-NP-M,SET364,6.0,SET,M,YELLOW
SET364-KR-NP-S,SET364,13.0,SET,S,YELLOW
SET364-KR-NP-XL,SET364,2.0,SET,XL,YELLOW
SET364-KR-NP-XS,SET364,4.0,SET,XS,YELLOW
SET364-KR-NP-XXL,SET364,8.0,SET,XXL,YELLOW
SET364-KR-NP-XXXL,SET364,1.0,SET,XXXL,YELLOW
SET365-KR-NP-L,SET365,7.0,SET,L,PINK
SET365-KR-NP-M,SET365,3.0,SET,M,PINK
SET365-KR-NP-S,SET365,8.0,SET,S,PINK
SET365-KR-NP-XL,SET365,2.0,SET,XL,PINK
SET365-KR-NP-XS,SET365,13.0,SET,XS,PINK
SET365-KR-NP-XXL,SET365,3.0,SET,XXL,PINK
SET365-KR-NP-XXXL,SET365,4.0,SET,XXXL,PINK
SET366-KR-NP-L,SET366,33.0,SET,L,PINK
SET366-KR-NP-M,SET366,33.0,SET,M,PINK
SET366-KR-NP-S,SET366,11.0,SET,S,PINK
SET366-KR-NP-XL,SET366,31.0,SET,XL,PINK
SET366-KR-NP-XS,SET366,14.0,SET,XS,PINK
SET366-KR-NP-XXL,SET366,3.0,SET,XXL,PINK
SET366-KR-NP-XXXL,SET366,28.0,SET,XXXL,PINK
SET369-KR-NP-L,SET369,39.0,SET,L,LIGHT PINK
SET369-KR-NP-M,SET369,20.0,SET,M,LIGHT PINK
SET369-KR-NP-S,SET369,10.0,SET,S,LIGHT PINK
SET369-KR-NP-XL,SET369,23.0,SET,XL,LIGHT PINK
SET369-KR-NP-XS,SET369,0.0,SET,XS,LIGHT PINK
SET369-KR-NP-XXL,SET369,4.0,SET,XXL,LIGHT PINK
SET369-KR-NP-XXXL,SET369,4.0,SET,XXXL,LIGHT PINK
SET372-KR-PP-L,SET372,42.0,SET,L,MAROON
SET372-KR-PP-M,SET372,40.0,SET,M,MAROON
SET372-KR-PP-S,SET372,55.0,SET,S,MAROON
SET372-KR-PP-XL,SET372,40.0,SET,XL,MAROON
SET372-KR-PP-XS,SET372,64.0,SET,XS,MAROON
SET372-KR-PP-XXL,SET372,46.0,SET,XXL,MAROON
SET372-KR-PP-XXXL,SET372,33.0,SET,XXXL,MAROON
SET373-KR-PP-L,SET373,51.0,SET,L,MAROON
SET373-KR-PP-M,SET373,47.0,SET,M,MAROON
SET373-KR-PP-S,SET373,61.0,SET,S,MAROON
SET373-KR-PP-XL,SET373,38.0,SET,XL,MAROON
SET373-KR-PP-XS,SET373,66.0,SET,XS,MAROON
SET373-KR-PP-XXL,SET373,55.0,SET,XXL,MAROON
SET373-KR-PP-XXXL,SET373,52.0,SET,XXXL,MAROON
SET374-KR-NP-L,SET374,53.0,SET,L,MUSTARD
SET374-KR-NP-M,SET374,41.0,SET,M,MUSTARD
SET374-KR-NP-S,SET374,34.0,SET,S,MUSTARD
SET374-KR-NP-XL,SET374,38.0,SET,XL,MUSTARD
SET374-KR-NP-XS,SET374,22.0,SET,XS,MUSTARD
SET374-KR-NP-XXL,SET374,40.0,SET,XXL,MUSTARD
SET374-KR-NP-XXXL,SET374,23.0,SET,XXXL,MUSTARD
SET375-KR-NP-L,SET375,8.0,SET,L,MAROON
SET375-KR-NP-M,SET375,4.0,SET,M,MAROON
SET375-KR-NP-S,SET375,8.0,SET,S,MAROON
SET375-KR-NP-XL,SET375,7.0,SET,XL,MAROON
SET375-KR-NP-XS,SET375,14.0,SET,XS,MAROON
SET375-KR-NP-XXL,SET375,39.0,SET,XXL,MAROON
SET375-KR-NP-XXXL,SET375,11.0,SET,XXXL,MAROON
SET376-KR-NP-L,SET376,9.0,SET,L,DARK GREEN
SET376-KR-NP-M,SET376,10.0,SET,M,DARK GREEN
SET376-KR-NP-S,SET376,11.0,SET,S,DARK GREEN
SET376-KR-NP-XL,SET376,27.0,SET,XL,DARK GREEN
SET376-KR-NP-XS,SET376,11.0,SET,XS,DARK GREEN
SET376-KR-NP-XXL,SET376,46.0,SET,XXL,DARK GREEN
SET376-KR-NP-XXXL,SET376,30.0,SET,XXXL,DARK GREEN
SET377-KR-NP-L,SET377,1.0,KURTA SET,L,SEA GREEN
SET377-KR-NP-M,SET377,2.0,KURTA SET,M,SEA GREEN
SET377-KR-NP-S,SET377,2.0,KURTA SET,S,SEA GREEN
SET377-KR-NP-XL,SET377,2.0,KURTA SET,XL,SEA GREEN
SET377-KR-NP-XS,SET377,3.0,KURTA SET,XS,SEA GREEN
SET377-KR-NP-XXL,SET377,5.0,KURTA SET,XXL,SEA GREEN
SET377-KR-NP-XXXL,SET377,3.0,KURTA SET,XXXL,SEA GREEN
SET378-KR-NP-L,SET378,1.0,SET,L,BLUE
SET378-KR-NP-M,SET378,3.0,SET,M,BLUE
SET378-KR-NP-S,SET378,1.0,SET,S,BLUE
SET378-KR-NP-XL,SET378,3.0,SET,XL,BLUE
SET378-KR-NP-XS,SET378,1.0,SET,XS,BLUE
SET378-KR-NP-XXL,SET378,5.0,SET,XXL,BLUE
SET378-KR-NP-XXXL,SET378,2.0,SET,XXXL,BLUE
SET380-KR-NP-L,SET380,3.0,SET,L,GREY
SET380-KR-NP-M,SET380,5.0,SET,M,GREY
SET380-KR-NP-S,SET380,9.0,SET,S,GREY
SET380-KR-NP-XL,SET380,2.0,SET,XL,GREY
SET380-KR-NP-XS,SET380,11.0,SET,XS,GREY
SET380-KR-NP-XXL,SET380,2.0,SET,XXL,GREY
SET380-KR-NP-XXXL,SET380,6.0,SET,XXXL,GREY
SET383-KR-NP-L,SET383,4.0,SET,L,LIGHT GREEN
SET383-KR-NP-M,SET383,3.0,SET,M,LIGHT GREEN
SET383-KR-NP-S,SET383,42.0,SET,S,LIGHT GREEN
SET383-KR-NP-XL,SET383,3.0,SET,XL,LIGHT GREEN
SET383-KR-NP-XS,SET383,48.0,SET,XS,LIGHT GREEN
SET383-KR-NP-XXL,SET383,7.0,SET,XXL,LIGHT GREEN
SET383-KR-NP-XXXL,SET383,5.0,SET,XXXL,LIGHT GREEN
SET384-KR-NP-L,SET384,9.0,SET,L,LIGHT YELLOW
SET384-KR-NP-M,SET384,6.0,SET,M,LIGHT YELLOW
SET384-KR-NP-S,SET384,48.0,SET,S,LIGHT YELLOW
SET384-KR-NP-XL,SET384,11.0,SET,XL,LIGHT YELLOW
SET384-KR-NP-XS,SET384,57.0,SET,XS,LIGHT YELLOW
SET384-KR-NP-XXL,SET384,8.0,SET,XXL,LIGHT YELLOW
SET384-KR-NP-XXXL,SET384,5.0,SET,XXXL,LIGHT YELLOW
SET385-KR-NP-L,SET385,5.0,SET,L,SKY BLUE
SET385-KR-NP-M,SET385,3.0,SET,M,SKY BLUE
SET385-KR-NP-S,SET385,26.0,SET,S,SKY BLUE
SET385-KR-NP-XL,SET385,3.0,SET,XL,SKY BLUE
SET385-KR-NP-XS,SET385,35.0,SET,XS,SKY BLUE
SET385-KR-NP-XXL,SET385,8.0,SET,XXL,SKY BLUE
SET385-KR-NP-XXXL,SET385,2.0,SET,XXXL,SKY BLUE
SET386-KR-NP-L,SET386,4.0,SET,L,LIGHT PINK
SET386-KR-NP-M,SET386,2.0,SET,M,LIGHT PINK
SET386-KR-NP-S,SET386,26.0,SET,S,LIGHT PINK
SET386-KR-NP-XL,SET386,3.0,SET,XL,LIGHT PINK
SET386-KR-NP-XS,SET386,43.0,SET,XS,LIGHT PINK
SET386-KR-NP-XXL,SET386,2.0,SET,XXL,LIGHT PINK
SET386-KR-NP-XXXL,SET386,3.0,SET,XXXL,LIGHT PINK
SET388-KR-NP-L,SET388,0.0,SET,L,WHITE
SET388-KR-NP-M,SET388,0.0,SET,M,WHITE
SET388-KR-NP-S,SET388,0.0,SET,S,WHITE
SET388-KR-NP-XL,SET388,2.0,SET,XL,WHITE
SET388-KR-NP-XS,SET388,0.0,SET,XS,WHITE
SET388-KR-NP-XXL,SET388,1.0,SET,XXL,WHITE
SET388-KR-NP-XXXL,SET388,2.0,SET,XXXL,WHITE
SET389-KR-NP-L,SET389,2.0,SET,L,WHITE
SET389-KR-NP-M,SET389,3.0,SET,M,WHITE
SET389-KR-NP-S,SET389,32.0,SET,S,WHITE
SET389-KR-NP-XL,SET389,4.0,SET,XL,WHITE
SET389-KR-NP-XS,SET389,49.0,SET,XS,WHITE
SET389-KR-NP-XXL,SET389,5.0,SET,XXL,WHITE
SET389-KR-NP-XXXL,SET389,2.0,SET,XXXL,WHITE
SET390-KR-NP-L,SET390,2.0,SET,L,LIGHT GREEN
SET390-KR-NP-M,SET390,68.0,SET,M,LIGHT GREEN
SET390-KR-NP-S,SET390,61.0,SET,S,LIGHT GREEN
SET390-KR-NP-XL,SET390,65.0,SET,XL,LIGHT GREEN
SET390-KR-NP-XS,SET390,38.0,SET,XS,LIGHT GREEN
SET390-KR-NP-XXL,SET390,88.0,SET,XXL,LIGHT GREEN
SET390-KR-NP-XXXL,SET390,60.0,SET,XXXL,LIGHT GREEN
SET392-KR-NP-L,SET392,3.0,SET,L,PEACH
SET392-KR-NP-M,SET392,6.0,SET,M,PEACH
SET392-KR-NP-S,SET392,5.0,SET,S,PEACH
SET392-KR-NP-XL,SET392,4.0,SET,XL,PEACH
SET392-KR-NP-XS,SET392,4.0,SET,XS,PEACH
SET392-KR-NP-XXL,SET392,2.0,SET,XXL,PEACH
SET392-KR-NP-XXXL,SET392,2.0,SET,XXXL,PEACH
SET393-KR-NP-L,SET393,3.0,SET,L,BLUE
SET393-KR-NP-M,SET393,4.0,SET,M,BLUE
SET393-KR-NP-S,SET393,6.0,SET,S,BLUE
SET393-KR-NP-XL,SET393,3.0,SET,XL,BLUE
SET393-KR-NP-XS,SET393,6.0,SET,XS,BLUE
SET393-KR-NP-XXL,SET393,2.0,SET,XXL,BLUE
SET393-KR-NP-XXXL,SET393,4.0,SET,XXXL,BLUE
SET394-KR-NP-L,SET394,2.0,SET,L,MAROON
SET394-KR-NP-M,SET394,1.0,SET,M,MAROON
SET394-KR-NP-S,SET394,4.0,SET,S,MAROON
SET394-KR-NP-XL,SET394,3.0,SET,XL,MAROON
SET394-KR-NP-XS,SET394,4.0,SET,XS,MAROON
SET394-KR-NP-XXL,SET394,14.0,SET,XXL,MAROON
SET394-KR-NP-XXXL,SET394,31.0,SET,XXXL,MAROON
SET395-KR-NP-L,SET395,44.0,KURTA SET,L,SEA GREEN
SET395-KR-NP-M,SET395,46.0,KURTA SET,M,SEA GREEN
SET395-KR-NP-S,SET395,78.0,KURTA SET,S,SEA GREEN
SET395-KR-NP-XL,SET395,45.0,KURTA SET,XL,SEA GREEN
SET395-KR-NP-XS,SET395,59.0,KURTA SET,XS,SEA GREEN
SET395-KR-NP-XXL,SET395,38.0,KURTA SET,XXL,SEA GREEN
SET395-KR-NP-XXXL,SET395,31.0,KURTA SET,XXXL,SEA GREEN
SET396-KR-PP-L,SET396,9.0,KURTA SET,L,WHITE
SET396-KR-PP-M,SET396,11.0,KURTA SET,M,WHITE
SET396-KR-PP-S,SET396,60.0,KURTA SET,S,WHITE
SET396-KR-PP-XL,SET396,5.0,KURTA SET,XL,WHITE
SET396-KR-PP-XS,SET396,59.0,KURTA SET,XS,WHITE
SET396-KR-PP-XXL,SET396,26.0,KURTA SET,XXL,WHITE
SET396-KR-PP-XXXL,SET396,14.0,KURTA SET,XXXL,WHITE
SET397-KR-NP-L,SET397,2.0,KURTA SET,L,TEAL BLUE
SET397-KR-NP-M,SET397,8.0,KURTA SET,M,TEAL BLUE
SET397-KR-NP-S,SET397,3.0,KURTA SET,S,TEAL BLUE
SET397-KR-NP-XL,SET397,3.0,KURTA SET,XL,TEAL BLUE
SET397-KR-NP-XS,SET397,6.0,KURTA SET,XS,TEAL BLUE
SET397-KR-NP-XXL,SET397,3.0,KURTA SET,XXL,TEAL BLUE
SET397-KR-NP-XXXL,SET397,2.0,KURTA SET,XXXL,TEAL BLUE
SET398-KR-PP-L,SET398,2.0,KURTA SET,L,PEACH
SET398-KR-PP-M,SET398,4.0,KURTA SET,M,PEACH
SET398-KR-PP-S,SET398,14.0,KURTA SET,S,PEACH
SET398-KR-PP-XL,SET398,6.0,KURTA SET,XL,PEACH
SET398-KR-PP-XS,SET398,12.0,KURTA SET,XS,PEACH
SET398-KR-PP-XXL,SET398,6.0,KURTA SET,XXL,PEACH
SET398-KR-PP-XXXL,SET398,4.0,KURTA SET,XXXL,PEACH
SET400-KR-NP-L,SET400,14.0,SET,L,BLUE
SET400-KR-NP-M,SET400,48.0,SET,M,BLUE
SET400-KR-NP-S,SET400,73.0,SET,S,BLUE
SET400-KR-NP-XL,SET400,38.0,SET,XL,BLUE
SET400-KR-NP-XS,SET400,57.0,SET,XS,BLUE
SET400-KR-NP-XXL,SET400,53.0,SET,XXL,BLUE
SET400-KR-NP-XXXL,SET400,26.0,SET,XXXL,BLUE
SET401-KR-NP-L,SET401,2.0,SET,L,BLACK
SET401-KR-NP-M,SET401,7.0,SET,M,BLACK
SET401-KR-NP-S,SET401,14.0,SET,S,BLACK
SET401-KR-NP-XL,SET401,2.0,SET,XL,BLACK
SET401-KR-NP-XS,SET401,37.0,SET,XS,BLACK
SET401-KR-NP-XXL,SET401,8.0,SET,XXL,BLACK
SET401-KR-NP-XXXL,SET401,24.0,SET,XXXL,BLACK
SET402-KR-NP-L,SET402,6.0,SET,L,SEA GREEN
SET402-KR-NP-M,SET402,8.0,SET,M,SEA GREEN
SET402-KR-NP-S,SET402,28.0,SET,S,SEA GREEN
SET402-KR-NP-XL,SET402,8.0,SET,XL,SEA GREEN
SET402-KR-NP-XS,SET402,61.0,SET,XS,SEA GREEN
SET402-KR-NP-XXL,SET402,10.0,SET,XXL,SEA GREEN
SET402-KR-NP-XXXL,SET402,10.0,SET,XXXL,SEA GREEN
SET403-KR-NP-L,SET403,44.0,SET,L,GREEN
SET403-KR-NP-M,SET403,56.0,SET,M,GREEN
SET403-KR-NP-S,SET403,51.0,SET,S,GREEN
SET403-KR-NP-XL,SET403,35.0,SET,XL,GREEN
SET403-KR-NP-XS,SET403,48.0,SET,XS,GREEN
SET403-KR-NP-XXL,SET403,53.0,SET,XXL,GREEN
SET403-KR-NP-XXXL,SET403,43.0,SET,XXXL,GREEN
SET404-KR-NP-L,SET404,44.0,SET,L,WHITE
SET404-KR-NP-M,SET404,61.0,SET,M,WHITE
SET404-KR-NP-S,SET404,67.0,SET,S,WHITE
SET404-KR-NP-XL,SET404,55.0,SET,XL,WHITE
SET404-KR-NP-XS,SET404,52.0,SET,XS,WHITE
SET404-KR-NP-XXL,SET404,49.0,SET,XXL,WHITE
SET404-KR-NP-XXXL,SET404,43.0,SET,XXXL,WHITE
SET405-KR-NP-L,SET405,8.0,SET,L,RED
SET405-KR-NP-M,SET405,6.0,SET,M,RED
SET405-KR-NP-S,SET405,38.0,SET,S,RED
SET405-KR-NP-XL,SET405,17.0,SET,XL,RED
SET405-KR-NP-XS,SET405,22.0,SET,XS,RED
SET405-KR-NP-XXL,SET405,29.0,SET,XXL,RED
SET405-KR-NP-XXXL,SET405,53.0,SET,XXXL,RED
SET408-KR-NP-L,SET408,19.0,SET,L,MAGENTA
SET408-KR-NP-M,SET408,2.0,SET,M,MAGENTA
SET408-KR-NP-S,SET408,52.0,SET,S,MAGENTA
SET408-KR-NP-XL,SET408,16.0,SET,XL,MAGENTA
SET408-KR-NP-XS,SET408,42.0,SET,XS,MAGENTA
SET408-KR-NP-XXL,SET408,33.0,SET,XXL,MAGENTA
SET408-KR-NP-XXXL,SET408,3.0,SET,XXXL,MAGENTA
SET409-KR-NP-L,SET409,75.0,SET,L,WINE
SET409-KR-NP-M,SET409,64.0,SET,M,WINE
SET409-KR-NP-S,SET409,81.0,SET,S,WINE
SET409-KR-NP-XL,SET409,73.0,SET,XL,WINE
SET409-KR-NP-XS,SET409,65.0,SET,XS,WINE
SET409-KR-NP-XXL,SET409,74.0,SET,XXL,WINE
SET409-KR-NP-XXXL,SET409,57.0,SET,XXXL,WINE
SET410-KR-NP-L,SET410,23.0,SET,L,GREEN
SET410-KR-NP-M,SET410,35.0,SET,M,GREEN
SET410-KR-NP-S,SET410,36.0,SET,S,GREEN
SET410-KR-NP-XL,SET410,31.0,SET,XL,GREEN
SET410-KR-NP-XS,SET410,42.0,SET,XS,GREEN
SET410-KR-NP-XXL,SET410,37.0,SET,XXL,GREEN
SET410-KR-NP-XXXL,SET410,36.0,SET,XXXL,GREEN
SET413-KR-NP-L,SET413,8.0,SET,L,NAVY BLUE
SET413-KR-NP-M,SET413,6.0,SET,M,NAVY BLUE
SET413-KR-NP-S,SET413,21.0,SET,S,NAVY BLUE
SET413-KR-NP-XL,SET413,11.0,SET,XL,NAVY BLUE
SET413-KR-NP-XS,SET413,7.0,SET,XS,NAVY BLUE
SET413-KR-NP-XXL,SET413,22.0,SET,XXL,NAVY BLUE
SET413-KR-NP-XXXL,SET413,13.0,SET,XXXL,NAVY BLUE
SET414-KR-NP-L,SET414,45.0,SET,L,NAVY BLUE
SET414-KR-NP-M,SET414,46.0,SET,M,NAVY BLUE
SET414-KR-NP-S,SET414,59.0,SET,S,NAVY BLUE
SET414-KR-NP-XL,SET414,27.0,SET,XL,NAVY BLUE
SET414-KR-NP-XS,SET414,48.0,SET,XS,NAVY BLUE
SET414-KR-NP-XXL,SET414,45.0,SET,XXL,NAVY BLUE
SET414-KR-NP-XXXL,SET414,34.0,SET,XXXL,NAVY BLUE
SET415-KR-NP-L,SET415,31.0,SET,L,GREEN
SET415-KR-NP-M,SET415,42.0,SET,M,GREEN
SET415-KR-NP-S,SET415,60.0,SET,S,GREEN
SET415-KR-NP-XL,SET415,34.0,SET,XL,GREEN
SET415-KR-NP-XS,SET415,49.0,SET,XS,GREEN
SET415-KR-NP-XXL,SET415,56.0,SET,XXL,GREEN
SET415-KR-NP-XXXL,SET415,34.0,SET,XXXL,GREEN
SET431-KR-NP-L,SET431,53.0,SET,L,BROWN
SET431-KR-NP-M,SET431,68.0,SET,M,BROWN
SET431-KR-NP-S,SET431,98.0,SET,S,BROWN
SET431-KR-NP-XL,SET431,96.0,SET,XL,BROWN
SET431-KR-NP-XS,SET431,56.0,SET,XS,BROWN
SET431-KR-NP-XXL,SET431,94.0,SET,XXL,BROWN
SET431-KR-NP-XXXL,SET431,70.0,SET,XXXL,BROWN
SET432-KR-PP-L,SET432,89.0,SET,L,WINE
SET432-KR-PP-M,SET432,83.0,SET,M,WINE
SET432-KR-PP-S,SET432,88.0,SET,S,WINE
SET432-KR-PP-XL,SET432,91.0,SET,XL,WINE
SET432-KR-PP-XS,SET432,50.0,SET,XS,WINE
SET432-KR-PP-XXL,SET432,91.0,SET,XXL,WINE
SET432-KR-PP-XXXL,SET432,69.0,SET,XXXL,WINE
SET433-KR-NP-L,SET433,50.0,SET,L,TEAL
SET433-KR-NP-M,SET433,44.0,SET,M,TEAL
SET433-KR-NP-S,SET433,61.0,SET,S,TEAL
SET433-KR-NP-XL,SET433,31.0,SET,XL,TEAL
SET433-KR-NP-XS,SET433,54.0,SET,XS,TEAL
SET433-KR-NP-XXL,SET433,43.0,SET,XXL,TEAL
SET433-KR-NP-XXXL,SET433,42.0,SET,XXXL,TEAL
SET435-KR-NP-L,SET435,22.0,SET,L,YELLOW
SET435-KR-NP-M,SET435,20.0,SET,M,YELLOW
SET435-KR-NP-S,SET435,45.0,SET,S,YELLOW
SET435-KR-NP-XL,SET435,40.0,SET,XL,YELLOW
SET435-KR-NP-XS,SET435,52.0,SET,XS,YELLOW
SET435-KR-NP-XXL,SET435,32.0,SET,XXL,YELLOW
SET435-KR-NP-XXXL,SET435,37.0,SET,XXXL,YELLOW
SET436-KR-NP-L,SET436,34.0,SET,L,PINK
SET436-KR-NP-M,SET436,14.0,SET,M,PINK
SET436-KR-NP-S,SET436,21.0,SET,S,PINK
SET436-KR-NP-XL,SET436,22.0,SET,XL,PINK
SET436-KR-NP-XS,SET436,41.0,SET,XS,PINK
SET436-KR-NP-XXL,SET436,36.0,SET,XXL,PINK
SET436-KR-NP-XXXL,SET436,7.0,SET,XXXL,PINK
SET437-KR-PP-L,SET437,72.0,SET,L,WINE
SET437-KR-PP-M,SET437,77.0,SET,M,WINE
SET437-KR-PP-S,SET437,75.0,SET,S,WINE
SET437-KR-PP-XL,SET437,70.0,SET,XL,WINE
SET437-KR-PP-XS,SET437,69.0,SET,XS,WINE
SET437-KR-PP-XXL,SET437,72.0,SET,XXL,WINE
SET437-KR-PP-XXXL,SET437,67.0,SET,XXXL,WINE
SET438-KR-NP-L,SET438,66.0,SET,L,PINK
SET438-KR-NP-M,SET438,69.0,SET,M,PINK
SET438-KR-NP-S,SET438,68.0,SET,S,PINK
SET438-KR-NP-XL,SET438,66.0,SET,XL,PINK
SET438-KR-NP-XS,SET438,62.0,SET,XS,PINK
SET438-KR-NP-XXL,SET438,64.0,SET,XXL,PINK
SET438-KR-NP-XXXL,SET438,61.0,SET,XXXL,PINK
SET440-KR-PP-L,SET440,65.0,SET,L,MAROON
SET440-KR-PP-M,SET440,66.0,SET,M,MAROON
SET440-KR-PP-S,SET440,64.0,SET,S,MAROON
SET440-KR-PP-XL,SET440,66.0,SET,XL,MAROON
SET440-KR-PP-XS,SET440,60.0,SET,XS,MAROON
SET440-KR-PP-XXL,SET440,35.0,SET,XXL,MAROON
SET440-KR-PP-XXXL,SET440,53.0,SET,XXXL,MAROON
SET442-KR-NP-L,SET442,26.0,SET,L,SKY BLUE
SET442-KR-NP-M,SET442,49.0,SET,M,SKY BLUE
SET442-KR-NP-S,SET442,51.0,SET,S,SKY BLUE
SET442-KR-NP-XL,SET442,29.0,SET,XL,SKY BLUE
SET442-KR-NP-XS,SET442,45.0,SET,XS,SKY BLUE
SET442-KR-NP-XXL,SET442,44.0,SET,XXL,SKY BLUE
SET442-KR-NP-XXXL,SET442,43.0,SET,XXXL,SKY BLUE
SET444-KR-SH-L,SET444,28.0,SET,L,PEACH
SET444-KR-SH-M,SET444,34.0,SET,M,PEACH
SET444-KR-SH-S,SET444,44.0,SET,S,PEACH
SET444-KR-SH-XL,SET444,44.0,SET,XL,PEACH
SET444-KR-SH-XS,SET444,17.0,SET,XS,PEACH
SET444-KR-SH-XXL,SET444,12.0,SET,XXL,PEACH
SET444-KR-SH-XXXL,SET444,17.0,SET,XXXL,PEACH
SET445-KR-NP-L,SET445,61.0,SET,L,PINK
SET445-KR-NP-M,SET445,59.0,SET,M,PINK
SET445-KR-NP-S,SET445,75.0,SET,S,PINK
SET445-KR-NP-XL,SET445,38.0,SET,XL,PINK
SET445-KR-NP-XS,SET445,40.0,SET,XS,PINK
SET445-KR-NP-XXL,SET445,76.0,SET,XXL,PINK
SET445-KR-NP-XXXL,SET445,40.0,SET,XXXL,PINK
SET446-KR-NP-L,SET446,17.0,SET,L,TEAL
SET446-KR-NP-M,SET446,40.0,SET,M,TEAL
SET446-KR-NP-S,SET446,77.0,SET,S,TEAL
SET446-KR-NP-XL,SET446,38.0,SET,XL,TEAL
SET446-KR-NP-XS,SET446,39.0,SET,XS,TEAL
SET446-KR-NP-XXL,SET446,38.0,SET,XXL,TEAL
SET446-KR-NP-XXXL,SET446,40.0,SET,XXXL,TEAL
SET448-KR-PP-L,SET448,51.0,SET,L,DARK BLUE
SET448-KR-PP-M,SET448,79.0,SET,M,DARK BLUE
SET448-KR-PP-S,SET448,59.0,SET,S,DARK BLUE
SET448-KR-PP-XL,SET448,60.0,SET,XL,DARK BLUE
SET448-KR-PP-XS,SET448,62.0,SET,XS,DARK BLUE
SET448-KR-PP-XXL,SET448,60.0,SET,XXL,DARK BLUE
SET448-KR-PP-XXXL,SET448,65.0,SET,XXXL,DARK BLUE
SET449-KR-NP-L,SET449,35.0,SET,L,WINE
SET449-KR-NP-M,SET449,35.0,SET,M,WINE
SET449-KR-NP-S,SET449,35.0,SET,S,WINE
SET449-KR-NP-XL,SET449,33.0,SET,XL,WINE
SET449-KR-NP-XS,SET449,40.0,SET,XS,WINE
SET449-KR-NP-XXL,SET449,76.0,SET,XXL,WINE
SET449-KR-NP-XXXL,SET449,61.0,SET,XXXL,WINE
SET461-KR-NP-L,SET461,74.0,SET,L,PEACH
SET461-KR-NP-M,SET461,73.0,SET,M,PEACH
SET461-KR-NP-S,SET461,73.0,SET,S,PEACH
SET461-KR-NP-XL,SET461,74.0,SET,XL,PEACH
SET461-KR-NP-XS,SET461,57.0,SET,XS,PEACH
SET461-KR-NP-XXL,SET461,74.0,SET,XXL,PEACH
SET461-KR-NP-XXXL,SET461,57.0,SET,XXXL,PEACH
SET462-KR-NP-L,SET462,67.0,SET,L,TEAL
SET462-KR-NP-M,SET462,60.0,SET,M,TEAL
SET462-KR-NP-S,SET462,44.0,SET,S,TEAL
SET462-KR-NP-XL,SET462,58.0,SET,XL,TEAL
SET462-KR-NP-XS,SET462,20.0,SET,XS,TEAL
SET462-KR-NP-XXL,SET462,66.0,SET,XXL,TEAL
SET462-KR-NP-XXXL,SET462,40.0,SET,XXXL,TEAL
,,,,,
,,,,,
,,,,,
,,,,,
,,,,,
,,,,,
,,,,,
,,,,,
,,,,,
,,,,,
,,,,,
,,,,,
,,,,,
,,,,,
,,,,,
,,,,,
,,,,,
,,,,,
,,,,,
,,,,,
,,,,,
,,,,,
,,,,,
,,,,,
,,,,,
,,,,,
,,,,,
,,,,,
,,,,,
,,,,,
,,,,,
,,,,,
,,,,,
,,,,,
,,,,,
,,,,,
